{
    "child_model_execute_cost_by_ms": [
        10.149999618530273
    ],
    "child_model_run_time": [
        [
            17291447,
            17301597
        ]
    ],
    "execute_cost": 10.149999618530273,
    "finish_time": 17301608,
    "limit_cost_by_ms": 5.7816667556762695,
    "model_name": "yolov2",
    "recv_time": 17291434,
    "tag": "1",
    "total_cost_by_ms": 10.173999786376953,
    "wait_cost": 0.024000167846679688
}
