{
    "child_model_execute_cost_by_ms": [
        14.70199966430664
    ],
    "child_model_run_time": [
        [
            17268904,
            17283606
        ]
    ],
    "execute_cost": 14.70199966430664,
    "finish_time": 17283618,
    "limit_cost_by_ms": 6.9683332443237305,
    "model_name": "gpt128v2",
    "recv_time": 17268894,
    "tag": "1",
    "total_cost_by_ms": 14.723999977111816,
    "wait_cost": 0.02200031280517578
}
