{
    "child_model_execute_cost_by_ms": [
        14.460000038146973
    ],
    "child_model_run_time": [
        [
            17308484,
            17322944
        ]
    ],
    "execute_cost": 14.460000038146973,
    "finish_time": 17322952,
    "limit_cost_by_ms": 6.894999980926514,
    "model_name": "gpt128v2",
    "recv_time": 17308473,
    "tag": "2",
    "total_cost_by_ms": 14.479000091552734,
    "wait_cost": 0.01900005340576172
}
