{
    "child_model_execute_cost_by_ms": [
        10.585000038146973
    ],
    "child_model_run_time": [
        [
            17283698,
            17294283
        ]
    ],
    "execute_cost": 10.585000038146973,
    "finish_time": 17294295,
    "limit_cost_by_ms": 5.815999984741211,
    "model_name": "yolov2",
    "recv_time": 17267881,
    "tag": "2",
    "total_cost_by_ms": 26.413999557495117,
    "wait_cost": 15.828999519348145
}
