{
    "child_model_execute_cost_by_ms": [
        10.657999992370605
    ],
    "child_model_run_time": [
        [
            17512879,
            17523537
        ]
    ],
    "execute_cost": 10.657999992370605,
    "finish_time": 17523548,
    "limit_cost_by_ms": 8.529666900634766,
    "model_name": "googlenet",
    "recv_time": 17506403,
    "tag": "13",
    "total_cost_by_ms": 17.145000457763672,
    "wait_cost": 6.487000465393066
}
