{
    "child_model_execute_cost_by_ms": [
        9.793000221252441
    ],
    "child_model_run_time": [
        [
            19651746,
            19661539
        ]
    ],
    "execute_cost": 9.793000221252441,
    "finish_time": 19661544,
    "limit_cost_by_ms": 8.904333114624023,
    "model_name": "googlenet",
    "recv_time": 19651731,
    "tag": "101",
    "total_cost_by_ms": 9.812999725341797,
    "wait_cost": 0.01999950408935547
}
