{
    "child_model_execute_cost_by_ms": [
        18.54400062561035,
        17.825000762939453,
        19.464000701904297
    ],
    "child_model_run_time": [
        [
            19461391,
            19479935
        ],
        [
            19486164,
            19503989
        ],
        [
            19557541,
            19577005
        ]
    ],
    "execute_cost": 55.833003997802734,
    "finish_time": 19577010,
    "limit_cost_by_ms": 44.79933166503906,
    "model_name": "vgg19",
    "recv_time": 19305358,
    "tag": "93",
    "total_cost_by_ms": 271.6520080566406,
    "wait_cost": 215.81900024414063
}
