{
    "child_model_execute_cost_by_ms": [
        6.456999778747559
    ],
    "child_model_run_time": [
        [
            19594808,
            19601265
        ]
    ],
    "execute_cost": 6.456999778747559,
    "finish_time": 19601275,
    "limit_cost_by_ms": 5.815999984741211,
    "model_name": "yolov2",
    "recv_time": 19584283,
    "tag": "104",
    "total_cost_by_ms": 16.992000579833984,
    "wait_cost": 10.535000801086426
}
