{
    "child_model_execute_cost_by_ms": [
        17.648000717163086,
        17.19700050354004,
        19.17799949645996
    ],
    "child_model_run_time": [
        [
            19577124,
            19594772
        ],
        [
            19601370,
            19618567
        ],
        [
            19618597,
            19637775
        ]
    ],
    "execute_cost": 54.02300262451172,
    "finish_time": 19637779,
    "limit_cost_by_ms": 44.79933166503906,
    "model_name": "vgg19",
    "recv_time": 19427673,
    "tag": "98",
    "total_cost_by_ms": 210.1060028076172,
    "wait_cost": 156.0830078125
}
