{
    "child_model_execute_cost_by_ms": [
        10.819999694824219
    ],
    "child_model_run_time": [
        [
            19637847,
            19648667
        ]
    ],
    "execute_cost": 10.819999694824219,
    "finish_time": 19648677,
    "limit_cost_by_ms": 8.529666900634766,
    "model_name": "googlenet",
    "recv_time": 19632494,
    "tag": "105",
    "total_cost_by_ms": 16.183000564575195,
    "wait_cost": 5.363000869750977
}
