{
    "child_model_execute_cost_by_ms": [
        18.83300018310547,
        16.808000564575195,
        20.16699981689453
    ],
    "child_model_run_time": [
        [
            19689634,
            19708467
        ],
        [
            19708490,
            19725298
        ],
        [
            19731345,
            19751512
        ]
    ],
    "execute_cost": 55.80799865722656,
    "finish_time": 19751515,
    "limit_cost_by_ms": 44.492332458496094,
    "model_name": "vgg19",
    "recv_time": 19678810,
    "tag": "103",
    "total_cost_by_ms": 72.70500183105469,
    "wait_cost": 16.897003173828125
}
