{
    "child_model_execute_cost_by_ms": [
        9.62600040435791
    ],
    "child_model_run_time": [
        [
            19782254,
            19791880
        ]
    ],
    "execute_cost": 9.62600040435791,
    "finish_time": 19791889,
    "limit_cost_by_ms": 8.904333114624023,
    "model_name": "googlenet",
    "recv_time": 19767722,
    "tag": "107",
    "total_cost_by_ms": 24.16699981689453,
    "wait_cost": 14.540999412536621
}
