{
    "child_model_execute_cost_by_ms": [
        5.951000213623047
    ],
    "child_model_run_time": [
        [
            19709900,
            19715851
        ]
    ],
    "execute_cost": 5.951000213623047,
    "finish_time": 19715857,
    "limit_cost_by_ms": 5.815999984741211,
    "model_name": "yolov2",
    "recv_time": 19708561,
    "tag": "109",
    "total_cost_by_ms": 7.296000003814697,
    "wait_cost": 1.3449997901916504
}
