{
    "child_model_execute_cost_by_ms": [
        14.446999549865723,
        13.208000183105469
    ],
    "child_model_run_time": [
        [
            19767667,
            19782114
        ],
        [
            19791952,
            19805160
        ]
    ],
    "execute_cost": 27.654998779296875,
    "finish_time": 19805169,
    "limit_cost_by_ms": 18.256332397460938,
    "model_name": "resnet50",
    "recv_time": 19767601,
    "tag": "106",
    "total_cost_by_ms": 37.56800079345703,
    "wait_cost": 9.913002014160156
}
