{
    "child_model_execute_cost_by_ms": [
        18.334999084472656,
        16.716999053955078,
        18.805999755859375
    ],
    "child_model_run_time": [
        [
            19805272,
            19823607
        ],
        [
            19823634,
            19840351
        ],
        [
            19840366,
            19859172
        ]
    ],
    "execute_cost": 53.85799789428711,
    "finish_time": 19859176,
    "limit_cost_by_ms": 44.492332458496094,
    "model_name": "vgg19",
    "recv_time": 19803444,
    "tag": "108",
    "total_cost_by_ms": 55.731998443603516,
    "wait_cost": 1.8740005493164063
}
