{
    "child_model_execute_cost_by_ms": [
        18.246000289916992,
        17.635000228881836,
        19.20599937438965
    ],
    "child_model_run_time": [
        [
            19691572,
            19709818
        ],
        [
            19715961,
            19733596
        ],
        [
            19733633,
            19752839
        ]
    ],
    "execute_cost": 55.086997985839844,
    "finish_time": 19752843,
    "limit_cost_by_ms": 44.79933166503906,
    "model_name": "vgg19",
    "recv_time": 19535622,
    "tag": "103",
    "total_cost_by_ms": 217.2209930419922,
    "wait_cost": 162.13400268554688
}
