{
    "child_model_execute_cost_by_ms": [
        6.61899995803833
    ],
    "child_model_run_time": [
        [
            19859222,
            19865841
        ]
    ],
    "execute_cost": 6.61899995803833,
    "finish_time": 19865845,
    "limit_cost_by_ms": 5.7816667556762695,
    "model_name": "yolov2",
    "recv_time": 19840442,
    "tag": "109",
    "total_cost_by_ms": 25.402999877929688,
    "wait_cost": 18.784000396728516
}
