{
    "child_model_execute_cost_by_ms": [
        10.722999572753906
    ],
    "child_model_run_time": [
        [
            19752896,
            19763619
        ]
    ],
    "execute_cost": 10.722999572753906,
    "finish_time": 19763629,
    "limit_cost_by_ms": 8.529666900634766,
    "model_name": "googlenet",
    "recv_time": 19736766,
    "tag": "110",
    "total_cost_by_ms": 26.863000869750977,
    "wait_cost": 16.14000129699707
}
