{
    "child_model_execute_cost_by_ms": [
        12.861000061035156
    ],
    "child_model_run_time": [
        [
            19867084,
            19879945
        ]
    ],
    "execute_cost": 12.861000061035156,
    "finish_time": 19879949,
    "limit_cost_by_ms": 6.894999980926514,
    "model_name": "gpt128v2",
    "recv_time": 19867037,
    "tag": "110",
    "total_cost_by_ms": 12.911999702453613,
    "wait_cost": 0.05099964141845703
}
