{
    "child_model_execute_cost_by_ms": [
        13.664999961853027
    ],
    "child_model_run_time": [
        [
            19763742,
            19777407
        ]
    ],
    "execute_cost": 13.664999961853027,
    "finish_time": 19777418,
    "limit_cost_by_ms": 6.9683332443237305,
    "model_name": "gpt128v2",
    "recv_time": 19757838,
    "tag": "111",
    "total_cost_by_ms": 19.579999923706055,
    "wait_cost": 5.914999961853027
}
