{
    "child_model_execute_cost_by_ms": [
        12.805000305175781
    ],
    "child_model_run_time": [
        [
            17523655,
            17536460
        ]
    ],
    "execute_cost": 12.805000305175781,
    "finish_time": 17536468,
    "limit_cost_by_ms": 6.9683332443237305,
    "model_name": "gpt128v2",
    "recv_time": 17520959,
    "tag": "15",
    "total_cost_by_ms": 15.508999824523926,
    "wait_cost": 2.7039995193481445
}
