{
    "child_model_execute_cost_by_ms": [
        10.418999671936035
    ],
    "child_model_run_time": [
        [
            17562696,
            17573115
        ]
    ],
    "execute_cost": 10.418999671936035,
    "finish_time": 17573124,
    "limit_cost_by_ms": 8.904333114624023,
    "model_name": "googlenet",
    "recv_time": 17558959,
    "tag": "14",
    "total_cost_by_ms": 14.164999961853027,
    "wait_cost": 3.746000289916992
}
