{
    "child_model_execute_cost_by_ms": [
        9.690999984741211
    ],
    "child_model_run_time": [
        [
            19896378,
            19906069
        ]
    ],
    "execute_cost": 9.690999984741211,
    "finish_time": 19906080,
    "limit_cost_by_ms": 8.904333114624023,
    "model_name": "googlenet",
    "recv_time": 19882319,
    "tag": "112",
    "total_cost_by_ms": 23.76099967956543,
    "wait_cost": 14.069999694824219
}
