{
    "child_model_execute_cost_by_ms": [
        16.527999877929688,
        12.699000358581543
    ],
    "child_model_run_time": [
        [
            19777526,
            19794054
        ],
        [
            19794094,
            19806793
        ]
    ],
    "execute_cost": 29.227001190185547,
    "finish_time": 19806798,
    "limit_cost_by_ms": 18.771333694458008,
    "model_name": "resnet50",
    "recv_time": 19770132,
    "tag": "112",
    "total_cost_by_ms": 36.66600036621094,
    "wait_cost": 7.438999176025391
}
