{
    "child_model_execute_cost_by_ms": [
        6.021999835968018
    ],
    "child_model_run_time": [
        [
            19824826,
            19830848
        ]
    ],
    "execute_cost": 6.021999835968018,
    "finish_time": 19830856,
    "limit_cost_by_ms": 5.815999984741211,
    "model_name": "yolov2",
    "recv_time": 19808728,
    "tag": "114",
    "total_cost_by_ms": 22.128000259399414,
    "wait_cost": 16.106000900268555
}
