{
    "child_model_execute_cost_by_ms": [
        17.916000366210938,
        17.679000854492188,
        20.268999099731445
    ],
    "child_model_run_time": [
        [
            19806867,
            19824783
        ],
        [
            19830939,
            19848618
        ],
        [
            19848639,
            19868908
        ]
    ],
    "execute_cost": 55.86399841308594,
    "finish_time": 19868914,
    "limit_cost_by_ms": 44.79933166503906,
    "model_name": "vgg19",
    "recv_time": 19657893,
    "tag": "108",
    "total_cost_by_ms": 211.02099609375,
    "wait_cost": 155.15699768066406
}
