{
    "child_model_execute_cost_by_ms": [
        18.336999893188477,
        17.195999145507813,
        19.323999404907227
    ],
    "child_model_run_time": [
        [
            19919298,
            19937635
        ],
        [
            19937659,
            19954855
        ],
        [
            19961191,
            19980515
        ]
    ],
    "execute_cost": 54.85699462890625,
    "finish_time": 19980517,
    "limit_cost_by_ms": 44.492332458496094,
    "model_name": "vgg19",
    "recv_time": 19898343,
    "tag": "113",
    "total_cost_by_ms": 82.17400360107422,
    "wait_cost": 27.31700897216797
}
