{
    "child_model_execute_cost_by_ms": [
        13.605999946594238
    ],
    "child_model_run_time": [
        [
            19869012,
            19882618
        ]
    ],
    "execute_cost": 13.605999946594238,
    "finish_time": 19882629,
    "limit_cost_by_ms": 6.9683332443237305,
    "model_name": "gpt128v2",
    "recv_time": 19861985,
    "tag": "115",
    "total_cost_by_ms": 20.643999099731445,
    "wait_cost": 7.037999153137207
}
