{
    "child_model_execute_cost_by_ms": [
        12.317999839782715
    ],
    "child_model_run_time": [
        [
            19882678,
            19894996
        ]
    ],
    "execute_cost": 12.317999839782715,
    "finish_time": 19895007,
    "limit_cost_by_ms": 8.529666900634766,
    "model_name": "googlenet",
    "recv_time": 19860998,
    "tag": "116",
    "total_cost_by_ms": 34.00899887084961,
    "wait_cost": 21.690998077392578
}
