{
    "child_model_execute_cost_by_ms": [
        14.88700008392334,
        12.925000190734863
    ],
    "child_model_run_time": [
        [
            19996896,
            20011783
        ],
        [
            20011823,
            20024748
        ]
    ],
    "execute_cost": 27.812000274658203,
    "finish_time": 20024754,
    "limit_cost_by_ms": 18.256332397460938,
    "model_name": "resnet50",
    "recv_time": 19996843,
    "tag": "116",
    "total_cost_by_ms": 27.910999298095703,
    "wait_cost": 0.0989990234375
}
