{
    "child_model_execute_cost_by_ms": [
        14.395999908447266,
        12.52299976348877
    ],
    "child_model_run_time": [
        [
            19895199,
            19909595
        ],
        [
            19909634,
            19922157
        ]
    ],
    "execute_cost": 26.91899871826172,
    "finish_time": 19922163,
    "limit_cost_by_ms": 18.771333694458008,
    "model_name": "resnet50",
    "recv_time": 19869098,
    "tag": "117",
    "total_cost_by_ms": 53.064998626708984,
    "wait_cost": 26.145999908447266
}
