{
    "child_model_execute_cost_by_ms": [
        9.76200008392334
    ],
    "child_model_run_time": [
        [
            20024809,
            20034571
        ]
    ],
    "execute_cost": 9.76200008392334,
    "finish_time": 20034582,
    "limit_cost_by_ms": 8.904333114624023,
    "model_name": "googlenet",
    "recv_time": 20015286,
    "tag": "117",
    "total_cost_by_ms": 19.29599952697754,
    "wait_cost": 9.5339994430542
}
