{
    "child_model_execute_cost_by_ms": [
        6.184000015258789
    ],
    "child_model_run_time": [
        [
            19940757,
            19946941
        ]
    ],
    "execute_cost": 6.184000015258789,
    "finish_time": 19946952,
    "limit_cost_by_ms": 5.815999984741211,
    "model_name": "yolov2",
    "recv_time": 19925346,
    "tag": "119",
    "total_cost_by_ms": 21.606000900268555,
    "wait_cost": 15.422000885009766
}
