{
    "child_model_execute_cost_by_ms": [
        18.445999145507813,
        17.639999389648438,
        19.160999298095703
    ],
    "child_model_run_time": [
        [
            19922219,
            19940665
        ],
        [
            19947066,
            19964706
        ],
        [
            19964780,
            19983941
        ]
    ],
    "execute_cost": 55.24699783325195,
    "finish_time": 19983945,
    "limit_cost_by_ms": 44.79933166503906,
    "model_name": "vgg19",
    "recv_time": 19777486,
    "tag": "113",
    "total_cost_by_ms": 206.45899963378906,
    "wait_cost": 151.21200561523438
}
