{
    "child_model_execute_cost_by_ms": [
        9.388999938964844
    ],
    "child_model_run_time": [
        [
            19983968,
            19993357
        ]
    ],
    "execute_cost": 9.388999938964844,
    "finish_time": 19993363,
    "limit_cost_by_ms": 8.529666900634766,
    "model_name": "googlenet",
    "recv_time": 19977707,
    "tag": "120",
    "total_cost_by_ms": 15.656000137329102,
    "wait_cost": 6.267000198364258
}
