{
    "child_model_execute_cost_by_ms": [
        19.2549991607666,
        17.264999389648438,
        18.929000854492188
    ],
    "child_model_run_time": [
        [
            20034650,
            20053905
        ],
        [
            20053931,
            20071196
        ],
        [
            20077484,
            20096413
        ]
    ],
    "execute_cost": 55.448997497558594,
    "finish_time": 20096415,
    "limit_cost_by_ms": 44.492332458496094,
    "model_name": "vgg19",
    "recv_time": 20023420,
    "tag": "118",
    "total_cost_by_ms": 72.99500274658203,
    "wait_cost": 17.546005249023438
}
