{
    "child_model_execute_cost_by_ms": [
        13.487000465393066
    ],
    "child_model_run_time": [
        [
            19994749,
            20008236
        ]
    ],
    "execute_cost": 13.487000465393066,
    "finish_time": 20008250,
    "limit_cost_by_ms": 6.9683332443237305,
    "model_name": "gpt128v2",
    "recv_time": 19994640,
    "tag": "121",
    "total_cost_by_ms": 13.609999656677246,
    "wait_cost": 0.12299919128417969
}
