{
    "child_model_execute_cost_by_ms": [
        13.220000267028809
    ],
    "child_model_run_time": [
        [
            17588567,
            17601787
        ]
    ],
    "execute_cost": 13.220000267028809,
    "finish_time": 17601798,
    "limit_cost_by_ms": 6.894999980926514,
    "model_name": "gpt128v2",
    "recv_time": 17584551,
    "tag": "15",
    "total_cost_by_ms": 17.246999740600586,
    "wait_cost": 4.026999473571777
}
