{
    "child_model_execute_cost_by_ms": [
        16.538999557495117,
        12.937999725341797
    ],
    "child_model_run_time": [
        [
            17536498,
            17553037
        ],
        [
            17553081,
            17566019
        ]
    ],
    "execute_cost": 29.476999282836914,
    "finish_time": 17566025,
    "limit_cost_by_ms": 18.771333694458008,
    "model_name": "resnet50",
    "recv_time": 17499715,
    "tag": "11",
    "total_cost_by_ms": 66.30999755859375,
    "wait_cost": 36.83300018310547
}
