{
    "child_model_execute_cost_by_ms": [
        16.757999420166016,
        12.708000183105469
    ],
    "child_model_run_time": [
        [
            20008276,
            20025034
        ],
        [
            20025074,
            20037782
        ]
    ],
    "execute_cost": 29.465999603271484,
    "finish_time": 20037787,
    "limit_cost_by_ms": 18.771333694458008,
    "model_name": "resnet50",
    "recv_time": 19998773,
    "tag": "122",
    "total_cost_by_ms": 39.013999938964844,
    "wait_cost": 9.54800033569336
}
