{
    "child_model_execute_cost_by_ms": [
        6.173999786376953
    ],
    "child_model_run_time": [
        [
            20072885,
            20079059
        ]
    ],
    "execute_cost": 6.173999786376953,
    "finish_time": 20079069,
    "limit_cost_by_ms": 5.815999984741211,
    "model_name": "yolov2",
    "recv_time": 20056113,
    "tag": "124",
    "total_cost_by_ms": 22.95599937438965,
    "wait_cost": 16.781999588012695
}
