{
    "child_model_execute_cost_by_ms": [
        18.156999588012695,
        16.798999786376953,
        19.18400001525879
    ],
    "child_model_run_time": [
        [
            20037849,
            20056006
        ],
        [
            20056042,
            20072841
        ],
        [
            20079246,
            20098430
        ]
    ],
    "execute_cost": 54.13999938964844,
    "finish_time": 20098435,
    "limit_cost_by_ms": 44.79933166503906,
    "model_name": "vgg19",
    "recv_time": 19897060,
    "tag": "118",
    "total_cost_by_ms": 201.375,
    "wait_cost": 147.23500061035156
}
