{
    "child_model_execute_cost_by_ms": [
        9.697999954223633
    ],
    "child_model_run_time": [
        [
            20115835,
            20125533
        ]
    ],
    "execute_cost": 9.697999954223633,
    "finish_time": 20125538,
    "limit_cost_by_ms": 8.529666900634766,
    "model_name": "googlenet",
    "recv_time": 20101868,
    "tag": "125",
    "total_cost_by_ms": 23.670000076293945,
    "wait_cost": 13.972000122070313
}
