{
    "child_model_execute_cost_by_ms": [
        18.746999740600586,
        17.847999572753906,
        18.881000518798828
    ],
    "child_model_run_time": [
        [
            20151017,
            20169764
        ],
        [
            20176084,
            20193932
        ],
        [
            20193956,
            20212837
        ]
    ],
    "execute_cost": 55.47600173950195,
    "finish_time": 20212839,
    "limit_cost_by_ms": 44.492332458496094,
    "model_name": "vgg19",
    "recv_time": 20127060,
    "tag": "122",
    "total_cost_by_ms": 85.77899932861328,
    "wait_cost": 30.302997589111328
}
