{
    "child_model_execute_cost_by_ms": [
        13.109000205993652
    ],
    "child_model_run_time": [
        [
            20125611,
            20138720
        ]
    ],
    "execute_cost": 13.109000205993652,
    "finish_time": 20138730,
    "limit_cost_by_ms": 6.9683332443237305,
    "model_name": "gpt128v2",
    "recv_time": 20118661,
    "tag": "126",
    "total_cost_by_ms": 20.069000244140625,
    "wait_cost": 6.960000038146973
}
