{
    "child_model_execute_cost_by_ms": [
        17.04599952697754,
        12.647000312805176
    ],
    "child_model_run_time": [
        [
            20138928,
            20155974
        ],
        [
            20156007,
            20168654
        ]
    ],
    "execute_cost": 29.69300079345703,
    "finish_time": 20168659,
    "limit_cost_by_ms": 18.771333694458008,
    "model_name": "resnet50",
    "recv_time": 20126853,
    "tag": "127",
    "total_cost_by_ms": 41.805999755859375,
    "wait_cost": 12.112998962402344
}
