{
    "child_model_execute_cost_by_ms": [
        17.336000442504883,
        16.985000610351563,
        19.238000869750977
    ],
    "child_model_run_time": [
        [
            20098463,
            20115799
        ],
        [
            20168703,
            20185688
        ],
        [
            20185711,
            20204949
        ]
    ],
    "execute_cost": 53.558998107910156,
    "finish_time": 20204952,
    "limit_cost_by_ms": 44.79933166503906,
    "model_name": "vgg19",
    "recv_time": 20013115,
    "tag": "123",
    "total_cost_by_ms": 191.83700561523438,
    "wait_cost": 138.27801513671875
}
