{
    "child_model_execute_cost_by_ms": [
        9.829000473022461
    ],
    "child_model_run_time": [
        [
            20256887,
            20266716
        ]
    ],
    "execute_cost": 9.829000473022461,
    "finish_time": 20266726,
    "limit_cost_by_ms": 8.904333114624023,
    "model_name": "googlenet",
    "recv_time": 20249497,
    "tag": "128",
    "total_cost_by_ms": 17.229000091552734,
    "wait_cost": 7.399999618530273
}
