{
    "child_model_execute_cost_by_ms": [
        6.0329999923706055
    ],
    "child_model_run_time": [
        [
            20266800,
            20272833
        ]
    ],
    "execute_cost": 6.0329999923706055,
    "finish_time": 20272839,
    "limit_cost_by_ms": 5.7816667556762695,
    "model_name": "yolov2",
    "recv_time": 20257725,
    "tag": "129",
    "total_cost_by_ms": 15.11400032043457,
    "wait_cost": 9.081000328063965
}
