{
    "child_model_execute_cost_by_ms": [
        18.67300033569336,
        16.950000762939453,
        18.743000030517578
    ],
    "child_model_run_time": [
        [
            20272929,
            20291602
        ],
        [
            20291633,
            20308583
        ],
        [
            20308597,
            20327340
        ]
    ],
    "execute_cost": 54.36600112915039,
    "finish_time": 20327342,
    "limit_cost_by_ms": 44.492332458496094,
    "model_name": "vgg19",
    "recv_time": 20245408,
    "tag": "127",
    "total_cost_by_ms": 81.93399810791016,
    "wait_cost": 27.567996978759766
}
