{
    "child_model_execute_cost_by_ms": [
        12.803000450134277
    ],
    "child_model_run_time": [
        [
            20230108,
            20242911
        ]
    ],
    "execute_cost": 12.803000450134277,
    "finish_time": 20242920,
    "limit_cost_by_ms": 6.9683332443237305,
    "model_name": "gpt128v2",
    "recv_time": 20227058,
    "tag": "131",
    "total_cost_by_ms": 15.862000465393066,
    "wait_cost": 3.059000015258789
}
