{
    "child_model_execute_cost_by_ms": [
        11.16100025177002
    ],
    "child_model_run_time": [
        [
            20243084,
            20254245
        ]
    ],
    "execute_cost": 11.16100025177002,
    "finish_time": 20254250,
    "limit_cost_by_ms": 8.529666900634766,
    "model_name": "googlenet",
    "recv_time": 20218205,
    "tag": "130",
    "total_cost_by_ms": 36.04499816894531,
    "wait_cost": 24.88399887084961
}
