{
    "child_model_execute_cost_by_ms": [
        13.324999809265137
    ],
    "child_model_run_time": [
        [
            20328536,
            20341861
        ]
    ],
    "execute_cost": 13.324999809265137,
    "finish_time": 20341867,
    "limit_cost_by_ms": 6.894999980926514,
    "model_name": "gpt128v2",
    "recv_time": 20328444,
    "tag": "130",
    "total_cost_by_ms": 13.42300033569336,
    "wait_cost": 0.09800052642822266
}
