{
    "child_model_execute_cost_by_ms": [
        18.8439998626709,
        16.83300018310547,
        19.297000885009766
    ],
    "child_model_run_time": [
        [
            17470610,
            17489454
        ],
        [
            17489486,
            17506319
        ],
        [
            17566095,
            17585392
        ]
    ],
    "execute_cost": 54.974002838134766,
    "finish_time": 17585400,
    "limit_cost_by_ms": 44.79933166503906,
    "model_name": "vgg19",
    "recv_time": 17388197,
    "tag": "10",
    "total_cost_by_ms": 197.2030029296875,
    "wait_cost": 142.22900390625
}
