{
    "child_model_execute_cost_by_ms": [
        15.013999938964844,
        12.888999938964844
    ],
    "child_model_run_time": [
        [
            20254339,
            20269353
        ],
        [
            20269395,
            20282284
        ]
    ],
    "execute_cost": 27.902999877929688,
    "finish_time": 20282290,
    "limit_cost_by_ms": 18.771333694458008,
    "model_name": "resnet50",
    "recv_time": 20230173,
    "tag": "132",
    "total_cost_by_ms": 52.117000579833984,
    "wait_cost": 24.214000701904297
}
