{
    "child_model_execute_cost_by_ms": [
        6.11299991607666
    ],
    "child_model_run_time": [
        [
            20300616,
            20306729
        ]
    ],
    "execute_cost": 6.11299991607666,
    "finish_time": 20306738,
    "limit_cost_by_ms": 5.815999984741211,
    "model_name": "yolov2",
    "recv_time": 20282653,
    "tag": "134",
    "total_cost_by_ms": 24.084999084472656,
    "wait_cost": 17.972000122070313
}
