{
    "child_model_execute_cost_by_ms": [
        18.09000015258789,
        18.1299991607666,
        19.31599998474121
    ],
    "child_model_run_time": [
        [
            20211846,
            20229936
        ],
        [
            20282345,
            20300475
        ],
        [
            20306767,
            20326083
        ]
    ],
    "execute_cost": 55.53600311279297,
    "finish_time": 20326087,
    "limit_cost_by_ms": 44.79933166503906,
    "model_name": "vgg19",
    "recv_time": 20161211,
    "tag": "128",
    "total_cost_by_ms": 164.87600708007813,
    "wait_cost": 109.34000396728516
}
