{
    "child_model_execute_cost_by_ms": [
        9.923999786376953
    ],
    "child_model_run_time": [
        [
            20395971,
            20405895
        ]
    ],
    "execute_cost": 9.923999786376953,
    "finish_time": 20405904,
    "limit_cost_by_ms": 8.904333114624023,
    "model_name": "googlenet",
    "recv_time": 20384010,
    "tag": "134",
    "total_cost_by_ms": 21.893999099731445,
    "wait_cost": 11.969999313354492
}
