{
    "child_model_execute_cost_by_ms": [
        18.64900016784668,
        18.270999908447266,
        18.954999923706055
    ],
    "child_model_run_time": [
        [
            20370993,
            20389642
        ],
        [
            20405925,
            20424196
        ],
        [
            20424217,
            20443172
        ]
    ],
    "execute_cost": 55.875,
    "finish_time": 20443174,
    "limit_cost_by_ms": 44.492332458496094,
    "model_name": "vgg19",
    "recv_time": 20358560,
    "tag": "132",
    "total_cost_by_ms": 84.61399841308594,
    "wait_cost": 28.738998413085938
}
