{
    "child_model_execute_cost_by_ms": [
        10.39900016784668
    ],
    "child_model_run_time": [
        [
            20326145,
            20336544
        ]
    ],
    "execute_cost": 10.39900016784668,
    "finish_time": 20336549,
    "limit_cost_by_ms": 8.529666900634766,
    "model_name": "googlenet",
    "recv_time": 20314565,
    "tag": "135",
    "total_cost_by_ms": 21.983999252319336,
    "wait_cost": 11.584999084472656
}
