{
    "child_model_execute_cost_by_ms": [
        13.446000099182129
    ],
    "child_model_run_time": [
        [
            20336621,
            20350067
        ]
    ],
    "execute_cost": 13.446000099182129,
    "finish_time": 20350079,
    "limit_cost_by_ms": 6.9683332443237305,
    "model_name": "gpt128v2",
    "recv_time": 20331737,
    "tag": "136",
    "total_cost_by_ms": 18.341999053955078,
    "wait_cost": 4.895998954772949
}
