{
    "child_model_execute_cost_by_ms": [
        17.64900016784668,
        12.762999534606934
    ],
    "child_model_run_time": [
        [
            20350259,
            20367908
        ],
        [
            20367957,
            20380720
        ]
    ],
    "execute_cost": 30.411998748779297,
    "finish_time": 20380726,
    "limit_cost_by_ms": 18.771333694458008,
    "model_name": "resnet50",
    "recv_time": 20339948,
    "tag": "137",
    "total_cost_by_ms": 40.77799987792969,
    "wait_cost": 10.36600112915039
}
