{
    "child_model_execute_cost_by_ms": [
        6.27400016784668
    ],
    "child_model_run_time": [
        [
            20417212,
            20423486
        ]
    ],
    "execute_cost": 6.27400016784668,
    "finish_time": 20423497,
    "limit_cost_by_ms": 5.815999984741211,
    "model_name": "yolov2",
    "recv_time": 20399893,
    "tag": "139",
    "total_cost_by_ms": 23.604000091552734,
    "wait_cost": 17.329999923706055
}
