{
    "child_model_execute_cost_by_ms": [
        9.782999992370605
    ],
    "child_model_run_time": [
        [
            20512140,
            20521923
        ]
    ],
    "execute_cost": 9.782999992370605,
    "finish_time": 20521933,
    "limit_cost_by_ms": 8.904333114624023,
    "model_name": "googlenet",
    "recv_time": 20487352,
    "tag": "138",
    "total_cost_by_ms": 34.58100128173828,
    "wait_cost": 24.79800033569336
}
