{
    "child_model_execute_cost_by_ms": [
        19.006000518798828,
        17.261999130249023,
        19.165000915527344
    ],
    "child_model_run_time": [
        [
            20380773,
            20399779
        ],
        [
            20399815,
            20417077
        ],
        [
            20423590,
            20442755
        ]
    ],
    "execute_cost": 55.43299865722656,
    "finish_time": 20442759,
    "limit_cost_by_ms": 44.79933166503906,
    "model_name": "vgg19",
    "recv_time": 20239310,
    "tag": "133",
    "total_cost_by_ms": 203.44900512695313,
    "wait_cost": 148.01600646972656
}
