{
    "child_model_execute_cost_by_ms": [
        9.989999771118164
    ],
    "child_model_run_time": [
        [
            20442788,
            20452778
        ]
    ],
    "execute_cost": 9.989999771118164,
    "finish_time": 20452782,
    "limit_cost_by_ms": 8.529666900634766,
    "model_name": "googlenet",
    "recv_time": 20434900,
    "tag": "140",
    "total_cost_by_ms": 17.881999969482422,
    "wait_cost": 7.892000198364258
}
