{
    "child_model_execute_cost_by_ms": [
        18.78499984741211,
        18.10700035095215,
        19.958999633789063
    ],
    "child_model_run_time": [
        [
            20487136,
            20505921
        ],
        [
            20521981,
            20540088
        ],
        [
            20540113,
            20560072
        ]
    ],
    "execute_cost": 56.85099792480469,
    "finish_time": 20560076,
    "limit_cost_by_ms": 44.492332458496094,
    "model_name": "vgg19",
    "recv_time": 20462930,
    "tag": "137",
    "total_cost_by_ms": 97.14600372314453,
    "wait_cost": 40.295005798339844
}
