{
    "child_model_execute_cost_by_ms": [
        13.602999687194824
    ],
    "child_model_run_time": [
        [
            20452825,
            20466428
        ]
    ],
    "execute_cost": 13.602999687194824,
    "finish_time": 20466440,
    "limit_cost_by_ms": 6.9683332443237305,
    "model_name": "gpt128v2",
    "recv_time": 20444059,
    "tag": "141",
    "total_cost_by_ms": 22.381000518798828,
    "wait_cost": 8.778000831604004
}
