{
    "child_model_execute_cost_by_ms": [
        18.40399932861328,
        16.833999633789063,
        18.586999893188477
    ],
    "child_model_run_time": [
        [
            17617428,
            17635832
        ],
        [
            17635869,
            17652703
        ],
        [
            17652735,
            17671322
        ]
    ],
    "execute_cost": 53.82499694824219,
    "finish_time": 17671324,
    "limit_cost_by_ms": 44.492332458496094,
    "model_name": "vgg19",
    "recv_time": 17558764,
    "tag": "12",
    "total_cost_by_ms": 112.55999755859375,
    "wait_cost": 58.73500061035156
}
