{
    "child_model_execute_cost_by_ms": [
        6.28000020980835
    ],
    "child_model_run_time": [
        [
            17633058,
            17639338
        ]
    ],
    "execute_cost": 6.28000020980835,
    "finish_time": 17639347,
    "limit_cost_by_ms": 5.815999984741211,
    "model_name": "yolov2",
    "recv_time": 17620156,
    "tag": "18",
    "total_cost_by_ms": 19.19099998474121,
    "wait_cost": 12.910999298095703
}
