{
    "child_model_execute_cost_by_ms": [
        17.26099967956543,
        12.470000267028809
    ],
    "child_model_run_time": [
        [
            20466478,
            20483739
        ],
        [
            20483768,
            20496238
        ]
    ],
    "execute_cost": 29.730998992919922,
    "finish_time": 20496243,
    "limit_cost_by_ms": 18.771333694458008,
    "model_name": "resnet50",
    "recv_time": 20453072,
    "tag": "142",
    "total_cost_by_ms": 43.17100143432617,
    "wait_cost": 13.44000244140625
}
