{
    "child_model_execute_cost_by_ms": [
        6.116000175476074
    ],
    "child_model_run_time": [
        [
            20514527,
            20520643
        ]
    ],
    "execute_cost": 6.116000175476074,
    "finish_time": 20520653,
    "limit_cost_by_ms": 5.815999984741211,
    "model_name": "yolov2",
    "recv_time": 20507089,
    "tag": "144",
    "total_cost_by_ms": 13.564000129699707,
    "wait_cost": 7.447999954223633
}
