{
    "child_model_execute_cost_by_ms": [
        8.916000366210938
    ],
    "child_model_run_time": [
        [
            20537879,
            20546795
        ]
    ],
    "execute_cost": 8.916000366210938,
    "finish_time": 20546800,
    "limit_cost_by_ms": 8.529666900634766,
    "model_name": "googlenet",
    "recv_time": 20531555,
    "tag": "145",
    "total_cost_by_ms": 15.244999885559082,
    "wait_cost": 6.3289995193481445
}
