{
    "child_model_execute_cost_by_ms": [
        13.116999626159668
    ],
    "child_model_run_time": [
        [
            20657754,
            20670871
        ]
    ],
    "execute_cost": 13.116999626159668,
    "finish_time": 20670881,
    "limit_cost_by_ms": 6.894999980926514,
    "model_name": "gpt128v2",
    "recv_time": 20657652,
    "tag": "145",
    "total_cost_by_ms": 13.229000091552734,
    "wait_cost": 0.1120004653930664
}
