{
    "child_model_execute_cost_by_ms": [
        13.376999855041504
    ],
    "child_model_run_time": [
        [
            20563193,
            20576570
        ]
    ],
    "execute_cost": 13.376999855041504,
    "finish_time": 20576578,
    "limit_cost_by_ms": 6.9683332443237305,
    "model_name": "gpt128v2",
    "recv_time": 20548680,
    "tag": "147",
    "total_cost_by_ms": 27.898000717163086,
    "wait_cost": 14.521000862121582
}
