{
    "child_model_execute_cost_by_ms": [
        18.716999053955078,
        18.51799964904785,
        21.64900016784668
    ],
    "child_model_run_time": [
        [
            20613630,
            20632347
        ],
        [
            20638489,
            20657007
        ],
        [
            20670890,
            20692539
        ]
    ],
    "execute_cost": 58.884002685546875,
    "finish_time": 20692542,
    "limit_cost_by_ms": 44.492332458496094,
    "model_name": "vgg19",
    "recv_time": 20579679,
    "tag": "142",
    "total_cost_by_ms": 112.86299896240234,
    "wait_cost": 53.97899627685547
}
