{
    "child_model_execute_cost_by_ms": [
        16.19099998474121,
        15.86400032043457
    ],
    "child_model_run_time": [
        [
            20546919,
            20563110
        ],
        [
            20576709,
            20592573
        ]
    ],
    "execute_cost": 32.05500030517578,
    "finish_time": 20592583,
    "limit_cost_by_ms": 18.771333694458008,
    "model_name": "resnet50",
    "recv_time": 20543606,
    "tag": "146",
    "total_cost_by_ms": 48.97700119018555,
    "wait_cost": 16.922000885009766
}
