{
    "child_model_execute_cost_by_ms": [
        18.128000259399414,
        17.006000518798828,
        19.5310001373291
    ],
    "child_model_run_time": [
        [
            20496304,
            20514432
        ],
        [
            20520839,
            20537845
        ],
        [
            20592658,
            20612189
        ]
    ],
    "execute_cost": 54.665000915527344,
    "finish_time": 20612195,
    "limit_cost_by_ms": 44.79933166503906,
    "model_name": "vgg19",
    "recv_time": 20354396,
    "tag": "138",
    "total_cost_by_ms": 257.79901123046875,
    "wait_cost": 203.13400268554688
}
