{
    "child_model_execute_cost_by_ms": [
        9.8149995803833
    ],
    "child_model_run_time": [
        [
            20711845,
            20721660
        ]
    ],
    "execute_cost": 9.8149995803833,
    "finish_time": 20721672,
    "limit_cost_by_ms": 8.904333114624023,
    "model_name": "googlenet",
    "recv_time": 20694098,
    "tag": "147",
    "total_cost_by_ms": 27.573999404907227,
    "wait_cost": 17.75899887084961
}
