{
    "child_model_execute_cost_by_ms": [
        44.770999908447266
    ],
    "child_model_run_time": [
        [
            20612225,
            20656996
        ]
    ],
    "execute_cost": 44.770999908447266,
    "finish_time": 20656999,
    "limit_cost_by_ms": 44.79933166503906,
    "model_name": "vgg19",
    "recv_time": 20466536,
    "tag": "143",
    "total_cost_by_ms": 190.46299743652344,
    "wait_cost": 145.69200134277344
}
