{
    "child_model_execute_cost_by_ms": [
        8.038999557495117
    ],
    "child_model_run_time": [
        [
            20657110,
            20665149
        ]
    ],
    "execute_cost": 8.038999557495117,
    "finish_time": 20665158,
    "limit_cost_by_ms": 5.815999984741211,
    "model_name": "yolov2",
    "recv_time": 20615619,
    "tag": "149",
    "total_cost_by_ms": 49.53900146484375,
    "wait_cost": 41.5
}
