{
    "child_model_execute_cost_by_ms": [
        6.363999843597412
    ],
    "child_model_run_time": [
        [
            20749410,
            20755774
        ]
    ],
    "execute_cost": 6.363999843597412,
    "finish_time": 20755784,
    "limit_cost_by_ms": 5.7816667556762695,
    "model_name": "yolov2",
    "recv_time": 20742637,
    "tag": "149",
    "total_cost_by_ms": 13.147000312805176,
    "wait_cost": 6.783000469207764
}
