{
    "child_model_execute_cost_by_ms": [
        13.854000091552734
    ],
    "child_model_run_time": [
        [
            20665353,
            20679207
        ]
    ],
    "execute_cost": 13.854000091552734,
    "finish_time": 20679219,
    "limit_cost_by_ms": 6.9683332443237305,
    "model_name": "gpt128v2",
    "recv_time": 20660950,
    "tag": "152",
    "total_cost_by_ms": 18.268999099731445,
    "wait_cost": 4.414999008178711
}
