{
    "child_model_execute_cost_by_ms": [
        18.87299919128418,
        18.972000122070313,
        20.052000045776367
    ],
    "child_model_run_time": [
        [
            20692886,
            20711759
        ],
        [
            20755885,
            20774857
        ],
        [
            20774886,
            20794938
        ]
    ],
    "execute_cost": 57.897003173828125,
    "finish_time": 20794942,
    "limit_cost_by_ms": 44.492332458496094,
    "model_name": "vgg19",
    "recv_time": 20692878,
    "tag": "146",
    "total_cost_by_ms": 102.06400299072266,
    "wait_cost": 44.16699981689453
}
