{
    "child_model_execute_cost_by_ms": [
        11.586999893188477
    ],
    "child_model_run_time": [
        [
            20679244,
            20690831
        ]
    ],
    "execute_cost": 11.586999893188477,
    "finish_time": 20690838,
    "limit_cost_by_ms": 8.529666900634766,
    "model_name": "googlenet",
    "recv_time": 20635742,
    "tag": "150",
    "total_cost_by_ms": 55.09600067138672,
    "wait_cost": 43.509002685546875
}
