{
    "child_model_execute_cost_by_ms": [
        13.458999633789063
    ],
    "child_model_run_time": [
        [
            20795047,
            20808506
        ]
    ],
    "execute_cost": 13.458999633789063,
    "finish_time": 20808511,
    "limit_cost_by_ms": 6.894999980926514,
    "model_name": "gpt128v2",
    "recv_time": 20788077,
    "tag": "150",
    "total_cost_by_ms": 20.43400001525879,
    "wait_cost": 6.975000381469727
}
