{
    "child_model_execute_cost_by_ms": [
        9.677000045776367
    ],
    "child_model_run_time": [
        [
            17639715,
            17649392
        ]
    ],
    "execute_cost": 9.677000045776367,
    "finish_time": 17649401,
    "limit_cost_by_ms": 8.529666900634766,
    "model_name": "googlenet",
    "recv_time": 17620246,
    "tag": "19",
    "total_cost_by_ms": 29.155000686645508,
    "wait_cost": 19.47800064086914
}
