{
    "child_model_execute_cost_by_ms": [
        6.156000137329102
    ],
    "child_model_run_time": [
        [
            17671729,
            17677885
        ]
    ],
    "execute_cost": 6.156000137329102,
    "finish_time": 17677890,
    "limit_cost_by_ms": 5.7816667556762695,
    "model_name": "yolov2",
    "recv_time": 17671670,
    "tag": "16",
    "total_cost_by_ms": 6.21999979019165,
    "wait_cost": 0.06399965286254883
}
