{
    "child_model_execute_cost_by_ms": [
        9.784000396728516
    ],
    "child_model_run_time": [
        [
            20830658,
            20840442
        ]
    ],
    "execute_cost": 9.784000396728516,
    "finish_time": 20840453,
    "limit_cost_by_ms": 8.904333114624023,
    "model_name": "googlenet",
    "recv_time": 20817770,
    "tag": "153",
    "total_cost_by_ms": 22.683000564575195,
    "wait_cost": 12.89900016784668
}
