{
    "child_model_execute_cost_by_ms": [
        6.521999835968018
    ],
    "child_model_run_time": [
        [
            20718945,
            20725467
        ]
    ],
    "execute_cost": 6.521999835968018,
    "finish_time": 20725493,
    "limit_cost_by_ms": 5.815999984741211,
    "model_name": "yolov2",
    "recv_time": 20715862,
    "tag": "154",
    "total_cost_by_ms": 9.630999565124512,
    "wait_cost": 3.108999729156494
}
