{
    "child_model_execute_cost_by_ms": [
        6.151000022888184
    ],
    "child_model_run_time": [
        [
            20889172,
            20895323
        ]
    ],
    "execute_cost": 6.151000022888184,
    "finish_time": 20895334,
    "limit_cost_by_ms": 5.7816667556762695,
    "model_name": "yolov2",
    "recv_time": 20874326,
    "tag": "154",
    "total_cost_by_ms": 21.007999420166016,
    "wait_cost": 14.856999397277832
}
