{
    "child_model_execute_cost_by_ms": [
        9.859000205993652
    ],
    "child_model_run_time": [
        [
            20762114,
            20771973
        ]
    ],
    "execute_cost": 9.859000205993652,
    "finish_time": 20771978,
    "limit_cost_by_ms": 8.529666900634766,
    "model_name": "googlenet",
    "recv_time": 20748635,
    "tag": "155",
    "total_cost_by_ms": 23.343000411987305,
    "wait_cost": 13.484000205993652
}
