{
    "child_model_execute_cost_by_ms": [
        19.57200050354004,
        19.322999954223633,
        20.42799949645996
    ],
    "child_model_run_time": [
        [
            20811023,
            20830595
        ],
        [
            20869763,
            20889086
        ],
        [
            20895425,
            20915853
        ]
    ],
    "execute_cost": 59.322998046875,
    "finish_time": 20915859,
    "limit_cost_by_ms": 44.492332458496094,
    "model_name": "vgg19",
    "recv_time": 20810931,
    "tag": "151",
    "total_cost_by_ms": 104.9280014038086,
    "wait_cost": 45.605003356933594
}
