{
    "child_model_execute_cost_by_ms": [
        13.836999893188477
    ],
    "child_model_run_time": [
        [
            20772079,
            20785916
        ]
    ],
    "execute_cost": 13.836999893188477,
    "finish_time": 20785928,
    "limit_cost_by_ms": 6.9683332443237305,
    "model_name": "gpt128v2",
    "recv_time": 20769749,
    "tag": "157",
    "total_cost_by_ms": 16.179000854492188,
    "wait_cost": 2.342000961303711
}
