{
    "child_model_execute_cost_by_ms": [
        16.142000198364258,
        12.593999862670898
    ],
    "child_model_run_time": [
        [
            20786120,
            20802262
        ],
        [
            20802297,
            20814891
        ]
    ],
    "execute_cost": 28.736000061035156,
    "finish_time": 20814898,
    "limit_cost_by_ms": 18.771333694458008,
    "model_name": "resnet50",
    "recv_time": 20756726,
    "tag": "156",
    "total_cost_by_ms": 58.172000885009766,
    "wait_cost": 29.43600082397461
}
