{
    "child_model_execute_cost_by_ms": [
        6.25
    ],
    "child_model_run_time": [
        [
            20814913,
            20821163
        ]
    ],
    "execute_cost": 6.25,
    "finish_time": 20821172,
    "limit_cost_by_ms": 5.815999984741211,
    "model_name": "yolov2",
    "recv_time": 20808321,
    "tag": "159",
    "total_cost_by_ms": 12.85099983215332,
    "wait_cost": 6.60099983215332
}
