{
    "child_model_execute_cost_by_ms": [
        14.819999694824219,
        13.098999977111816
    ],
    "child_model_run_time": [
        [
            20932387,
            20947207
        ],
        [
            20947233,
            20960332
        ]
    ],
    "execute_cost": 27.91899871826172,
    "finish_time": 20960337,
    "limit_cost_by_ms": 18.256332397460938,
    "model_name": "resnet50",
    "recv_time": 20932326,
    "tag": "156",
    "total_cost_by_ms": 28.01099967956543,
    "wait_cost": 0.09200096130371094
}
