{
    "child_model_execute_cost_by_ms": [
        6.133999824523926
    ],
    "child_model_run_time": [
        [
            20979157,
            20985291
        ]
    ],
    "execute_cost": 6.133999824523926,
    "finish_time": 20985301,
    "limit_cost_by_ms": 5.7816667556762695,
    "model_name": "yolov2",
    "recv_time": 20973260,
    "tag": "159",
    "total_cost_by_ms": 12.041000366210938,
    "wait_cost": 5.907000541687012
}
