{
    "child_model_execute_cost_by_ms": [
        19.13599967956543,
        17.19300079345703,
        19.319000244140625
    ],
    "child_model_run_time": [
        [
            20725735,
            20744871
        ],
        [
            20744907,
            20762100
        ],
        [
            20821268,
            20840587
        ]
    ],
    "execute_cost": 55.64800262451172,
    "finish_time": 20840592,
    "limit_cost_by_ms": 44.79933166503906,
    "model_name": "vgg19",
    "recv_time": 20572833,
    "tag": "148",
    "total_cost_by_ms": 267.7590026855469,
    "wait_cost": 212.11099243164063
}
