{
    "child_model_execute_cost_by_ms": [
        8.779999732971191
    ],
    "child_model_run_time": [
        [
            20875302,
            20884082
        ]
    ],
    "execute_cost": 8.779999732971191,
    "finish_time": 20884087,
    "limit_cost_by_ms": 8.529666900634766,
    "model_name": "googlenet",
    "recv_time": 20873201,
    "tag": "161",
    "total_cost_by_ms": 10.88599967956543,
    "wait_cost": 2.1059999465942383
}
