{
    "child_model_execute_cost_by_ms": [
        13.050999641418457
    ],
    "child_model_run_time": [
        [
            20900277,
            20913328
        ]
    ],
    "execute_cost": 13.050999641418457,
    "finish_time": 20913337,
    "limit_cost_by_ms": 6.9683332443237305,
    "model_name": "gpt128v2",
    "recv_time": 20894414,
    "tag": "163",
    "total_cost_by_ms": 18.92300033569336,
    "wait_cost": 5.872000694274902
}
