{
    "child_model_execute_cost_by_ms": [
        18.652999877929688,
        18.83099937438965,
        20.16200065612793
    ],
    "child_model_run_time": [
        [
            20960449,
            20979102
        ],
        [
            20995481,
            21014312
        ],
        [
            21014346,
            21034508
        ]
    ],
    "execute_cost": 57.64600372314453,
    "finish_time": 21034512,
    "limit_cost_by_ms": 44.492332458496094,
    "model_name": "vgg19",
    "recv_time": 20948879,
    "tag": "157",
    "total_cost_by_ms": 85.63300323486328,
    "wait_cost": 27.98699951171875
}
