{
    "child_model_execute_cost_by_ms": [
        16.079999923706055,
        15.732999801635742
    ],
    "child_model_run_time": [
        [
            20884134,
            20900214
        ],
        [
            20913375,
            20929108
        ]
    ],
    "execute_cost": 31.812999725341797,
    "finish_time": 20929117,
    "limit_cost_by_ms": 18.771333694458008,
    "model_name": "resnet50",
    "recv_time": 20869126,
    "tag": "160",
    "total_cost_by_ms": 59.99100112915039,
    "wait_cost": 28.178001403808594
}
