{
    "child_model_execute_cost_by_ms": [
        9.682999610900879
    ],
    "child_model_run_time": [
        [
            17678242,
            17687925
        ]
    ],
    "execute_cost": 9.682999610900879,
    "finish_time": 17687935,
    "limit_cost_by_ms": 8.904333114624023,
    "model_name": "googlenet",
    "recv_time": 17678187,
    "tag": "17",
    "total_cost_by_ms": 9.748000144958496,
    "wait_cost": 0.06500053405761719
}
