{
    "child_model_execute_cost_by_ms": [
        6.324999809265137
    ],
    "child_model_run_time": [
        [
            20929138,
            20935463
        ]
    ],
    "execute_cost": 6.324999809265137,
    "finish_time": 20935474,
    "limit_cost_by_ms": 5.815999984741211,
    "model_name": "yolov2",
    "recv_time": 20928594,
    "tag": "164",
    "total_cost_by_ms": 6.880000114440918,
    "wait_cost": 0.5550003051757813
}
