{
    "child_model_execute_cost_by_ms": [
        6.3420000076293945
    ],
    "child_model_run_time": [
        [
            21079593,
            21085935
        ]
    ],
    "execute_cost": 6.3420000076293945,
    "finish_time": 21085945,
    "limit_cost_by_ms": 5.7816667556762695,
    "model_name": "yolov2",
    "recv_time": 21068429,
    "tag": "162",
    "total_cost_by_ms": 17.516000747680664,
    "wait_cost": 11.17400074005127
}
