{
    "child_model_execute_cost_by_ms": [
        18.018999099731445,
        16.530000686645508,
        19.739999771118164
    ],
    "child_model_run_time": [
        [
            20840688,
            20858707
        ],
        [
            20858736,
            20875266
        ],
        [
            20935491,
            20955231
        ]
    ],
    "execute_cost": 54.28900146484375,
    "finish_time": 20955237,
    "limit_cost_by_ms": 44.79933166503906,
    "model_name": "vgg19",
    "recv_time": 20673275,
    "tag": "153",
    "total_cost_by_ms": 281.9620056152344,
    "wait_cost": 227.67300415039063
}
