{
    "child_model_execute_cost_by_ms": [
        44.900001525878906
    ],
    "child_model_run_time": [
        [
            20955261,
            21000161
        ]
    ],
    "execute_cost": 44.900001525878906,
    "finish_time": 21000165,
    "limit_cost_by_ms": 44.79933166503906,
    "model_name": "vgg19",
    "recv_time": 20772309,
    "tag": "158",
    "total_cost_by_ms": 227.8560028076172,
    "wait_cost": 182.95599365234375
}
