{
    "child_model_execute_cost_by_ms": [
        10.154000282287598
    ],
    "child_model_run_time": [
        [
            21085973,
            21096127
        ]
    ],
    "execute_cost": 10.154000282287598,
    "finish_time": 21096138,
    "limit_cost_by_ms": 8.904333114624023,
    "model_name": "googlenet",
    "recv_time": 21076516,
    "tag": "163",
    "total_cost_by_ms": 19.621999740600586,
    "wait_cost": 9.467999458312988
}
