{
    "child_model_execute_cost_by_ms": [
        9.57800006866455
    ],
    "child_model_run_time": [
        [
            21000186,
            21009764
        ]
    ],
    "execute_cost": 9.57800006866455,
    "finish_time": 21009769,
    "limit_cost_by_ms": 8.529666900634766,
    "model_name": "googlenet",
    "recv_time": 20989496,
    "tag": "165",
    "total_cost_by_ms": 20.273000717163086,
    "wait_cost": 10.695000648498535
}
