{
    "child_model_execute_cost_by_ms": [
        13.289999961853027
    ],
    "child_model_run_time": [
        [
            21132960,
            21146250
        ]
    ],
    "execute_cost": 13.289999961853027,
    "finish_time": 21146261,
    "limit_cost_by_ms": 6.894999980926514,
    "model_name": "gpt128v2",
    "recv_time": 21129840,
    "tag": "165",
    "total_cost_by_ms": 16.42099952697754,
    "wait_cost": 3.1309995651245117
}
