{
    "child_model_execute_cost_by_ms": [
        14.46399974822998
    ],
    "child_model_run_time": [
        [
            21026179,
            21040643
        ]
    ],
    "execute_cost": 14.46399974822998,
    "finish_time": 21040653,
    "limit_cost_by_ms": 6.9683332443237305,
    "model_name": "gpt128v2",
    "recv_time": 21014842,
    "tag": "168",
    "total_cost_by_ms": 25.81100082397461,
    "wait_cost": 11.347001075744629
}
