{
    "child_model_execute_cost_by_ms": [
        18.610000610351563,
        18.007999420166016,
        21.339000701904297
    ],
    "child_model_run_time": [
        [
            21096215,
            21114825
        ],
        [
            21114862,
            21132870
        ],
        [
            21146286,
            21167625
        ]
    ],
    "execute_cost": 57.957000732421875,
    "finish_time": 21167628,
    "limit_cost_by_ms": 44.492332458496094,
    "model_name": "vgg19",
    "recv_time": 21086270,
    "tag": "164",
    "total_cost_by_ms": 81.35800170898438,
    "wait_cost": 23.4010009765625
}
