{
    "child_model_execute_cost_by_ms": [
        15.093000411987305,
        13.512999534606934
    ],
    "child_model_run_time": [
        [
            21168050,
            21183143
        ],
        [
            21183187,
            21196700
        ]
    ],
    "execute_cost": 28.605998992919922,
    "finish_time": 21196703,
    "limit_cost_by_ms": 18.256332397460938,
    "model_name": "resnet50",
    "recv_time": 21167990,
    "tag": "166",
    "total_cost_by_ms": 28.71299934387207,
    "wait_cost": 0.10700035095214844
}
