{
    "child_model_execute_cost_by_ms": [
        16.20800018310547,
        13.937999725341797
    ],
    "child_model_run_time": [
        [
            21009877,
            21026085
        ],
        [
            21042645,
            21056583
        ]
    ],
    "execute_cost": 30.145999908447266,
    "finish_time": 21056592,
    "limit_cost_by_ms": 18.771333694458008,
    "model_name": "resnet50",
    "recv_time": 20993584,
    "tag": "166",
    "total_cost_by_ms": 63.007999420166016,
    "wait_cost": 32.86199951171875
}
