{
    "child_model_execute_cost_by_ms": [
        6.479000091552734
    ],
    "child_model_run_time": [
        [
            21056708,
            21063187
        ]
    ],
    "execute_cost": 6.479000091552734,
    "finish_time": 21063196,
    "limit_cost_by_ms": 5.815999984741211,
    "model_name": "yolov2",
    "recv_time": 21044775,
    "tag": "169",
    "total_cost_by_ms": 18.42099952697754,
    "wait_cost": 11.941999435424805
}
