{
    "child_model_execute_cost_by_ms": [
        17.82200050354004,
        16.631000518798828,
        18.767000198364258
    ],
    "child_model_run_time": [
        [
            21063338,
            21081160
        ],
        [
            21081194,
            21097825
        ],
        [
            21097906,
            21116673
        ]
    ],
    "execute_cost": 53.220001220703125,
    "finish_time": 21116678,
    "limit_cost_by_ms": 44.79933166503906,
    "model_name": "vgg19",
    "recv_time": 20889460,
    "tag": "162",
    "total_cost_by_ms": 227.21800231933594,
    "wait_cost": 173.9980010986328
}
