{
    "child_model_execute_cost_by_ms": [
        13.282999992370605
    ],
    "child_model_run_time": [
        [
            21250727,
            21264010
        ]
    ],
    "execute_cost": 13.282999992370605,
    "finish_time": 21264021,
    "limit_cost_by_ms": 6.894999980926514,
    "model_name": "gpt128v2",
    "recv_time": 21233427,
    "tag": "170",
    "total_cost_by_ms": 30.5939998626709,
    "wait_cost": 17.31100082397461
}
