{
    "child_model_execute_cost_by_ms": [
        13.654999732971191
    ],
    "child_model_run_time": [
        [
            21135443,
            21149098
        ]
    ],
    "execute_cost": 13.654999732971191,
    "finish_time": 21149110,
    "limit_cost_by_ms": 6.9683332443237305,
    "model_name": "gpt128v2",
    "recv_time": 21126792,
    "tag": "171",
    "total_cost_by_ms": 22.31800079345703,
    "wait_cost": 8.66300106048584
}
