{
    "child_model_execute_cost_by_ms": [
        18.881999969482422,
        18.152000427246094,
        21.44499969482422
    ],
    "child_model_run_time": [
        [
            21213612,
            21232494
        ],
        [
            21232531,
            21250683
        ],
        [
            21264094,
            21285539
        ]
    ],
    "execute_cost": 58.479000091552734,
    "finish_time": 21285541,
    "limit_cost_by_ms": 44.492332458496094,
    "model_name": "vgg19",
    "recv_time": 21203985,
    "tag": "169",
    "total_cost_by_ms": 81.55599975585938,
    "wait_cost": 23.07699966430664
}
