{
    "child_model_execute_cost_by_ms": [
        8.65999984741211
    ],
    "child_model_run_time": [
        [
            21149168,
            21157828
        ]
    ],
    "execute_cost": 8.65999984741211,
    "finish_time": 21157837,
    "limit_cost_by_ms": 5.815999984741211,
    "model_name": "yolov2",
    "recv_time": 21139184,
    "tag": "174",
    "total_cost_by_ms": 18.652999877929688,
    "wait_cost": 9.993000030517578
}
