{
    "child_model_execute_cost_by_ms": [
        12.527999877929688
    ],
    "child_model_run_time": [
        [
            17662376,
            17674904
        ]
    ],
    "execute_cost": 12.527999877929688,
    "finish_time": 17674914,
    "limit_cost_by_ms": 6.9683332443237305,
    "model_name": "gpt128v2",
    "recv_time": 17650582,
    "tag": "20",
    "total_cost_by_ms": 24.332000732421875,
    "wait_cost": 11.804000854492188
}
