{
    "child_model_execute_cost_by_ms": [
        13.378000259399414
    ],
    "child_model_run_time": [
        [
            17737864,
            17751242
        ]
    ],
    "execute_cost": 13.378000259399414,
    "finish_time": 17751253,
    "limit_cost_by_ms": 6.894999980926514,
    "model_name": "gpt128v2",
    "recv_time": 17734475,
    "tag": "20",
    "total_cost_by_ms": 16.777999877929688,
    "wait_cost": 3.3999996185302734
}
