{
    "child_model_execute_cost_by_ms": [
        9.654000282287598
    ],
    "child_model_run_time": [
        [
            21158006,
            21167660
        ]
    ],
    "execute_cost": 9.654000282287598,
    "finish_time": 21167669,
    "limit_cost_by_ms": 8.529666900634766,
    "model_name": "googlenet",
    "recv_time": 21125923,
    "tag": "172",
    "total_cost_by_ms": 41.74599838256836,
    "wait_cost": 32.09199905395508
}
