{
    "child_model_execute_cost_by_ms": [
        9.588000297546387
    ],
    "child_model_run_time": [
        [
            21312738,
            21322326
        ]
    ],
    "execute_cost": 9.588000297546387,
    "finish_time": 21322336,
    "limit_cost_by_ms": 8.904333114624023,
    "model_name": "googlenet",
    "recv_time": 21312685,
    "tag": "172",
    "total_cost_by_ms": 9.651000022888184,
    "wait_cost": 0.06299972534179688
}
