{
    "child_model_execute_cost_by_ms": [
        18.4950008392334,
        18.03499984741211,
        18.82900047302246
    ],
    "child_model_run_time": [
        [
            21116697,
            21135192
        ],
        [
            21195154,
            21213189
        ],
        [
            21213232,
            21232061
        ]
    ],
    "execute_cost": 55.35900115966797,
    "finish_time": 21232066,
    "limit_cost_by_ms": 44.79933166503906,
    "model_name": "vgg19",
    "recv_time": 21001896,
    "tag": "167",
    "total_cost_by_ms": 230.1699981689453,
    "wait_cost": 174.81100463867188
}
