{
    "child_model_execute_cost_by_ms": [
        10.583000183105469
    ],
    "child_model_run_time": [
        [
            21249394,
            21259977
        ]
    ],
    "execute_cost": 10.583000183105469,
    "finish_time": 21259986,
    "limit_cost_by_ms": 8.529666900634766,
    "model_name": "googlenet",
    "recv_time": 21238223,
    "tag": "177",
    "total_cost_by_ms": 21.76300048828125,
    "wait_cost": 11.180000305175781
}
