{
    "child_model_execute_cost_by_ms": [
        13.081999778747559
    ],
    "child_model_run_time": [
        [
            21348844,
            21361926
        ]
    ],
    "execute_cost": 13.081999778747559,
    "finish_time": 21361937,
    "limit_cost_by_ms": 6.894999980926514,
    "model_name": "gpt128v2",
    "recv_time": 21339866,
    "tag": "175",
    "total_cost_by_ms": 22.070999145507813,
    "wait_cost": 8.988999366760254
}
