{
    "child_model_execute_cost_by_ms": [
        13.550000190734863
    ],
    "child_model_run_time": [
        [
            21260079,
            21273629
        ]
    ],
    "execute_cost": 13.550000190734863,
    "finish_time": 21273641,
    "limit_cost_by_ms": 6.9683332443237305,
    "model_name": "gpt128v2",
    "recv_time": 21250997,
    "tag": "178",
    "total_cost_by_ms": 22.643999099731445,
    "wait_cost": 9.093998908996582
}
