{
    "child_model_execute_cost_by_ms": [
        19.743000030517578,
        20.135000228881836,
        18.801000595092773
    ],
    "child_model_run_time": [
        [
            21329048,
            21348791
        ],
        [
            21361967,
            21382102
        ],
        [
            21382152,
            21400953
        ]
    ],
    "execute_cost": 58.67900085449219,
    "finish_time": 21400955,
    "limit_cost_by_ms": 44.492332458496094,
    "model_name": "vgg19",
    "recv_time": 21328991,
    "tag": "174",
    "total_cost_by_ms": 71.96399688720703,
    "wait_cost": 13.284996032714844
}
