{
    "child_model_execute_cost_by_ms": [
        8.413000106811523
    ],
    "child_model_run_time": [
        [
            21273701,
            21282114
        ]
    ],
    "execute_cost": 8.413000106811523,
    "finish_time": 21282124,
    "limit_cost_by_ms": 5.815999984741211,
    "model_name": "yolov2",
    "recv_time": 21260163,
    "tag": "179",
    "total_cost_by_ms": 21.961000442504883,
    "wait_cost": 13.54800033569336
}
