{
    "child_model_execute_cost_by_ms": [
        14.970000267028809,
        12.279000282287598
    ],
    "child_model_run_time": [
        [
            21282229,
            21297199
        ],
        [
            21297239,
            21309518
        ]
    ],
    "execute_cost": 27.249000549316406,
    "finish_time": 21309523,
    "limit_cost_by_ms": 18.771333694458008,
    "model_name": "resnet50",
    "recv_time": 21234044,
    "tag": "175",
    "total_cost_by_ms": 75.47899627685547,
    "wait_cost": 48.22999572753906
}
