{
    "child_model_execute_cost_by_ms": [
        17.23699951171875,
        18.485000610351563,
        18.867000579833984
    ],
    "child_model_run_time": [
        [
            21232090,
            21249327
        ],
        [
            21309569,
            21328054
        ],
        [
            21328137,
            21347004
        ]
    ],
    "execute_cost": 54.5890007019043,
    "finish_time": 21347008,
    "limit_cost_by_ms": 44.79933166503906,
    "model_name": "vgg19",
    "recv_time": 21130877,
    "tag": "173",
    "total_cost_by_ms": 216.13099670410156,
    "wait_cost": 161.5419921875
}
