{
    "child_model_execute_cost_by_ms": [
        6.3470001220703125
    ],
    "child_model_run_time": [
        [
            21438822,
            21445169
        ]
    ],
    "execute_cost": 6.3470001220703125,
    "finish_time": 21445173,
    "limit_cost_by_ms": 5.7816667556762695,
    "model_name": "yolov2",
    "recv_time": 21438810,
    "tag": "178",
    "total_cost_by_ms": 6.36299991607666,
    "wait_cost": 0.015999794006347656
}
