{
    "child_model_execute_cost_by_ms": [
        11.940999984741211
    ],
    "child_model_run_time": [
        [
            21379091,
            21391032
        ]
    ],
    "execute_cost": 11.940999984741211,
    "finish_time": 21391043,
    "limit_cost_by_ms": 8.529666900634766,
    "model_name": "googlenet",
    "recv_time": 21371192,
    "tag": "183",
    "total_cost_by_ms": 19.85099983215332,
    "wait_cost": 7.909999847412109
}
