{
    "child_model_execute_cost_by_ms": [
        19.820999145507813,
        20.00200080871582,
        18.91900062561035
    ],
    "child_model_run_time": [
        [
            21445689,
            21465510
        ],
        [
            21478735,
            21498737
        ],
        [
            21498775,
            21517694
        ]
    ],
    "execute_cost": 58.74199676513672,
    "finish_time": 21517698,
    "limit_cost_by_ms": 44.492332458496094,
    "model_name": "vgg19",
    "recv_time": 21445642,
    "tag": "179",
    "total_cost_by_ms": 72.05599975585938,
    "wait_cost": 13.314002990722656
}
