{
    "child_model_execute_cost_by_ms": [
        17.809999465942383,
        16.694000244140625,
        21.040000915527344
    ],
    "child_model_run_time": [
        [
            17585431,
            17603241
        ],
        [
            17603330,
            17620024
        ],
        [
            17674945,
            17695985
        ]
    ],
    "execute_cost": 55.54399871826172,
    "finish_time": 17695994,
    "limit_cost_by_ms": 44.79933166503906,
    "model_name": "vgg19",
    "recv_time": 17507922,
    "tag": "14",
    "total_cost_by_ms": 188.07200622558594,
    "wait_cost": 132.52801513671875
}
