{
    "child_model_execute_cost_by_ms": [
        6.51800012588501
    ],
    "child_model_run_time": [
        [
            21391100,
            21397618
        ]
    ],
    "execute_cost": 6.51800012588501,
    "finish_time": 21397629,
    "limit_cost_by_ms": 5.815999984741211,
    "model_name": "yolov2",
    "recv_time": 21379440,
    "tag": "184",
    "total_cost_by_ms": 18.18899917602539,
    "wait_cost": 11.670999526977539
}
