{
    "child_model_execute_cost_by_ms": [
        15.008000373840332,
        12.45300006866455
    ],
    "child_model_run_time": [
        [
            21397699,
            21412707
        ],
        [
            21412792,
            21425245
        ]
    ],
    "execute_cost": 27.461000442504883,
    "finish_time": 21425251,
    "limit_cost_by_ms": 18.771333694458008,
    "model_name": "resnet50",
    "recv_time": 21358019,
    "tag": "180",
    "total_cost_by_ms": 67.23200225830078,
    "wait_cost": 39.77100372314453
}
