{
    "child_model_execute_cost_by_ms": [
        18.343000411987305,
        18.091999053955078,
        18.952999114990234
    ],
    "child_model_run_time": [
        [
            21347107,
            21365450
        ],
        [
            21425303,
            21443395
        ],
        [
            21443430,
            21462383
        ]
    ],
    "execute_cost": 55.387996673583984,
    "finish_time": 21462388,
    "limit_cost_by_ms": 44.79933166503906,
    "model_name": "vgg19",
    "recv_time": 21238151,
    "tag": "176",
    "total_cost_by_ms": 224.23699951171875,
    "wait_cost": 168.8489990234375
}
