{
    "child_model_execute_cost_by_ms": [
        13.00100040435791
    ],
    "child_model_run_time": [
        [
            21599634,
            21612635
        ]
    ],
    "execute_cost": 13.00100040435791,
    "finish_time": 21612644,
    "limit_cost_by_ms": 6.894999980926514,
    "model_name": "gpt128v2",
    "recv_time": 21584850,
    "tag": "185",
    "total_cost_by_ms": 27.79400062561035,
    "wait_cost": 14.793000221252441
}
