{
    "child_model_execute_cost_by_ms": [
        13.371000289916992
    ],
    "child_model_run_time": [
        [
            21480573,
            21493944
        ]
    ],
    "execute_cost": 13.371000289916992,
    "finish_time": 21493955,
    "limit_cost_by_ms": 6.9683332443237305,
    "model_name": "gpt128v2",
    "recv_time": 21467023,
    "tag": "186",
    "total_cost_by_ms": 26.93199920654297,
    "wait_cost": 13.560998916625977
}
