{
    "child_model_execute_cost_by_ms": [
        18.822999954223633,
        17.714000701904297,
        21.19099998474121
    ],
    "child_model_run_time": [
        [
            21563011,
            21581834
        ],
        [
            21581872,
            21599586
        ],
        [
            21612673,
            21633864
        ]
    ],
    "execute_cost": 57.728004455566406,
    "finish_time": 21633867,
    "limit_cost_by_ms": 44.492332458496094,
    "model_name": "vgg19",
    "recv_time": 21562955,
    "tag": "184",
    "total_cost_by_ms": 70.91200256347656,
    "wait_cost": 13.183998107910156
}
