{
    "child_model_execute_cost_by_ms": [
        11.8100004196167
    ],
    "child_model_run_time": [
        [
            21493994,
            21505804
        ]
    ],
    "execute_cost": 11.8100004196167,
    "finish_time": 21505814,
    "limit_cost_by_ms": 8.529666900634766,
    "model_name": "googlenet",
    "recv_time": 21487180,
    "tag": "188",
    "total_cost_by_ms": 18.634000778198242,
    "wait_cost": 6.824000358581543
}
