{
    "child_model_execute_cost_by_ms": [
        6.184000015258789
    ],
    "child_model_run_time": [
        [
            21520164,
            21526348
        ]
    ],
    "execute_cost": 6.184000015258789,
    "finish_time": 21526356,
    "limit_cost_by_ms": 5.815999984741211,
    "model_name": "yolov2",
    "recv_time": 21506029,
    "tag": "189",
    "total_cost_by_ms": 20.32699966430664,
    "wait_cost": 14.142999649047852
}
