{
    "child_model_execute_cost_by_ms": [
        9.664999961853027
    ],
    "child_model_run_time": [
        [
            21648968,
            21658633
        ]
    ],
    "execute_cost": 9.664999961853027,
    "finish_time": 21658643,
    "limit_cost_by_ms": 8.904333114624023,
    "model_name": "googlenet",
    "recv_time": 21637777,
    "tag": "187",
    "total_cost_by_ms": 20.865999221801758,
    "wait_cost": 11.20099925994873
}
