{
    "child_model_execute_cost_by_ms": [
        14.656000137329102,
        13.413000106811523
    ],
    "child_model_run_time": [
        [
            21634257,
            21648913
        ],
        [
            21658714,
            21672127
        ]
    ],
    "execute_cost": 28.069000244140625,
    "finish_time": 21672137,
    "limit_cost_by_ms": 18.256332397460938,
    "model_name": "resnet50",
    "recv_time": 21634198,
    "tag": "186",
    "total_cost_by_ms": 37.93899917602539,
    "wait_cost": 9.869998931884766
}
