{
    "child_model_execute_cost_by_ms": [
        14.194000244140625,
        13.163000106811523
    ],
    "child_model_run_time": [
        [
            21505878,
            21520072
        ],
        [
            21526455,
            21539618
        ]
    ],
    "execute_cost": 27.35700035095215,
    "finish_time": 21539625,
    "limit_cost_by_ms": 18.771333694458008,
    "model_name": "resnet50",
    "recv_time": 21475116,
    "tag": "187",
    "total_cost_by_ms": 64.50900268554688,
    "wait_cost": 37.152000427246094
}
