{
    "child_model_execute_cost_by_ms": [
        13.27400016784668
    ],
    "child_model_run_time": [
        [
            21698757,
            21712031
        ]
    ],
    "execute_cost": 13.27400016784668,
    "finish_time": 21712043,
    "limit_cost_by_ms": 6.894999980926514,
    "model_name": "gpt128v2",
    "recv_time": 21695470,
    "tag": "190",
    "total_cost_by_ms": 16.572999954223633,
    "wait_cost": 3.298999786376953
}
