{
    "child_model_execute_cost_by_ms": [
        12.927000045776367
    ],
    "child_model_run_time": [
        [
            21578111,
            21591038
        ]
    ],
    "execute_cost": 12.927000045776367,
    "finish_time": 21591048,
    "limit_cost_by_ms": 6.9683332443237305,
    "model_name": "gpt128v2",
    "recv_time": 21570536,
    "tag": "190",
    "total_cost_by_ms": 20.511999130249023,
    "wait_cost": 7.584999084472656
}
