{
    "child_model_execute_cost_by_ms": [
        19.72100067138672,
        20.020000457763672,
        18.509000778198242
    ],
    "child_model_run_time": [
        [
            21678892,
            21698613
        ],
        [
            21712071,
            21732091
        ],
        [
            21732172,
            21750681
        ]
    ],
    "execute_cost": 58.25,
    "finish_time": 21750683,
    "limit_cost_by_ms": 44.492332458496094,
    "model_name": "vgg19",
    "recv_time": 21678823,
    "tag": "189",
    "total_cost_by_ms": 71.86000061035156,
    "wait_cost": 13.610000610351563
}
