{
    "child_model_execute_cost_by_ms": [
        9.572999954223633
    ],
    "child_model_run_time": [
        [
            21610968,
            21620541
        ]
    ],
    "execute_cost": 9.572999954223633,
    "finish_time": 21620554,
    "limit_cost_by_ms": 8.529666900634766,
    "model_name": "googlenet",
    "recv_time": 21600953,
    "tag": "193",
    "total_cost_by_ms": 19.60099983215332,
    "wait_cost": 10.027999877929688
}
