{
    "child_model_execute_cost_by_ms": [
        18.30699920654297,
        16.726999282836914,
        19.92099952697754
    ],
    "child_model_run_time": [
        [
            17688009,
            17706316
        ],
        [
            17706352,
            17723079
        ],
        [
            17767626,
            17787547
        ]
    ],
    "execute_cost": 54.954994201660156,
    "finish_time": 17787550,
    "limit_cost_by_ms": 44.492332458496094,
    "model_name": "vgg19",
    "recv_time": 17681698,
    "tag": "18",
    "total_cost_by_ms": 105.85199737548828,
    "wait_cost": 50.897003173828125
}
