{
    "child_model_execute_cost_by_ms": [
        17.268999099731445,
        16.660999298095703,
        19.4950008392334
    ],
    "child_model_run_time": [
        [
            17696043,
            17713312
        ],
        [
            17713346,
            17730007
        ],
        [
            17730019,
            17749514
        ]
    ],
    "execute_cost": 53.42500305175781,
    "finish_time": 17749517,
    "limit_cost_by_ms": 44.79933166503906,
    "model_name": "vgg19",
    "recv_time": 17612036,
    "tag": "17",
    "total_cost_by_ms": 137.4810028076172,
    "wait_cost": 84.05599975585938
}
