{
    "child_model_execute_cost_by_ms": [
        14.420000076293945,
        12.609000205993652
    ],
    "child_model_run_time": [
        [
            21620614,
            21635034
        ],
        [
            21635115,
            21647724
        ]
    ],
    "execute_cost": 27.02899932861328,
    "finish_time": 21647729,
    "limit_cost_by_ms": 18.771333694458008,
    "model_name": "resnet50",
    "recv_time": 21596856,
    "tag": "192",
    "total_cost_by_ms": 50.87300109863281,
    "wait_cost": 23.84400177001953
}
