{
    "child_model_execute_cost_by_ms": [
        9.892000198364258
    ],
    "child_model_run_time": [
        [
            21751018,
            21760910
        ]
    ],
    "execute_cost": 9.892000198364258,
    "finish_time": 21760919,
    "limit_cost_by_ms": 8.904333114624023,
    "model_name": "googlenet",
    "recv_time": 21750941,
    "tag": "191",
    "total_cost_by_ms": 9.977999687194824,
    "wait_cost": 0.0859994888305664
}
