{
    "child_model_execute_cost_by_ms": [
        19.740999221801758,
        18.187999725341797,
        19.172000885009766
    ],
    "child_model_run_time": [
        [
            21591071,
            21610812
        ],
        [
            21654261,
            21672449
        ],
        [
            21672489,
            21691661
        ]
    ],
    "execute_cost": 57.10100173950195,
    "finish_time": 21691666,
    "limit_cost_by_ms": 44.79933166503906,
    "model_name": "vgg19",
    "recv_time": 21466174,
    "tag": "185",
    "total_cost_by_ms": 225.49200439453125,
    "wait_cost": 168.39100646972656
}
