{
    "child_model_execute_cost_by_ms": [
        13.430999755859375
    ],
    "child_model_run_time": [
        [
            21816230,
            21829661
        ]
    ],
    "execute_cost": 13.430999755859375,
    "finish_time": 21829673,
    "limit_cost_by_ms": 6.894999980926514,
    "model_name": "gpt128v2",
    "recv_time": 21798712,
    "tag": "195",
    "total_cost_by_ms": 30.961000442504883,
    "wait_cost": 17.530000686645508
}
