{
    "child_model_execute_cost_by_ms": [
        12.13599967956543
    ],
    "child_model_run_time": [
        [
            21722831,
            21734967
        ]
    ],
    "execute_cost": 12.13599967956543,
    "finish_time": 21734977,
    "limit_cost_by_ms": 8.529666900634766,
    "model_name": "googlenet",
    "recv_time": 21699038,
    "tag": "197",
    "total_cost_by_ms": 35.93899917602539,
    "wait_cost": 23.80299949645996
}
