{
    "child_model_execute_cost_by_ms": [
        19.35099983215332,
        20.118999481201172,
        18.844999313354492
    ],
    "child_model_run_time": [
        [
            21796824,
            21816175
        ],
        [
            21829701,
            21849820
        ],
        [
            21849856,
            21868701
        ]
    ],
    "execute_cost": 58.31500244140625,
    "finish_time": 21868703,
    "limit_cost_by_ms": 44.492332458496094,
    "model_name": "vgg19",
    "recv_time": 21796761,
    "tag": "194",
    "total_cost_by_ms": 71.94200134277344,
    "wait_cost": 13.626998901367188
}
