{
    "child_model_execute_cost_by_ms": [
        14.649999618530273,
        12.857000350952148
    ],
    "child_model_run_time": [
        [
            21735034,
            21749684
        ],
        [
            21749720,
            21762577
        ]
    ],
    "execute_cost": 27.506999969482422,
    "finish_time": 21762582,
    "limit_cost_by_ms": 18.771333694458008,
    "model_name": "resnet50",
    "recv_time": 21703108,
    "tag": "198",
    "total_cost_by_ms": 59.4739990234375,
    "wait_cost": 31.966999053955078
}
