{
    "child_model_execute_cost_by_ms": [
        6.318999767303467
    ],
    "child_model_run_time": [
        [
            21762658,
            21768977
        ]
    ],
    "execute_cost": 6.318999767303467,
    "finish_time": 21768987,
    "limit_cost_by_ms": 5.815999984741211,
    "model_name": "yolov2",
    "recv_time": 21753632,
    "tag": "199",
    "total_cost_by_ms": 15.354999542236328,
    "wait_cost": 9.035999298095703
}
