{
    "child_model_execute_cost_by_ms": [
        18.398000717163086,
        18.409000396728516,
        20.5049991607666
    ],
    "child_model_run_time": [
        [
            21691722,
            21710120
        ],
        [
            21769085,
            21787494
        ],
        [
            21787540,
            21808045
        ]
    ],
    "execute_cost": 57.31199645996094,
    "finish_time": 21808052,
    "limit_cost_by_ms": 44.79933166503906,
    "model_name": "vgg19",
    "recv_time": 21586656,
    "tag": "191",
    "total_cost_by_ms": 221.39599609375,
    "wait_cost": 164.08399963378906
}
