{
    "child_model_execute_cost_by_ms": [
        14.034000396728516
    ],
    "child_model_run_time": [
        [
            21808183,
            21822217
        ]
    ],
    "execute_cost": 14.034000396728516,
    "finish_time": 21822227,
    "limit_cost_by_ms": 6.9683332443237305,
    "model_name": "gpt128v2",
    "recv_time": 21798972,
    "tag": "200",
    "total_cost_by_ms": 23.2549991607666,
    "wait_cost": 9.220998764038086
}
