{
    "child_model_execute_cost_by_ms": [
        12.050999641418457
    ],
    "child_model_run_time": [
        [
            21822396,
            21834447
        ]
    ],
    "execute_cost": 12.050999641418457,
    "finish_time": 21834462,
    "limit_cost_by_ms": 8.529666900634766,
    "model_name": "googlenet",
    "recv_time": 21808454,
    "tag": "201",
    "total_cost_by_ms": 26.007999420166016,
    "wait_cost": 13.956999778747559
}
