{
    "child_model_execute_cost_by_ms": [
        21.12700080871582,
        17.003000259399414,
        18.40399932861328
    ],
    "child_model_run_time": [
        [
            21927840,
            21948967
        ],
        [
            21948995,
            21965998
        ],
        [
            21966021,
            21984425
        ]
    ],
    "execute_cost": 56.534000396728516,
    "finish_time": 21984427,
    "limit_cost_by_ms": 44.492332458496094,
    "model_name": "vgg19",
    "recv_time": 21925448,
    "tag": "200",
    "total_cost_by_ms": 58.979000091552734,
    "wait_cost": 2.4449996948242188
}
