{
    "child_model_execute_cost_by_ms": [
        14.5
    ],
    "child_model_run_time": [
        [
            17323007,
            17337507
        ]
    ],
    "execute_cost": 14.5,
    "finish_time": 17337518,
    "limit_cost_by_ms": 8.904333114624023,
    "model_name": "googlenet",
    "recv_time": 17314817,
    "tag": "5",
    "total_cost_by_ms": 22.701000213623047,
    "wait_cost": 8.201000213623047
}
