{
    "child_model_execute_cost_by_ms": [
        11.550999641418457
    ],
    "child_model_run_time": [
        [
            17294392,
            17305943
        ]
    ],
    "execute_cost": 11.550999641418457,
    "finish_time": 17305953,
    "limit_cost_by_ms": 8.529666900634766,
    "model_name": "googlenet",
    "recv_time": 17286086,
    "tag": "5",
    "total_cost_by_ms": 19.867000579833984,
    "wait_cost": 8.316000938415527
}
