{
    "child_model_execute_cost_by_ms": [
        6.315000057220459
    ],
    "child_model_run_time": [
        [
            17787956,
            17794271
        ]
    ],
    "execute_cost": 6.315000057220459,
    "finish_time": 17794275,
    "limit_cost_by_ms": 5.7816667556762695,
    "model_name": "yolov2",
    "recv_time": 17787896,
    "tag": "21",
    "total_cost_by_ms": 6.379000186920166,
    "wait_cost": 0.06400012969970703
}
