{
    "child_model_execute_cost_by_ms": [
        6.382999897003174
    ],
    "child_model_run_time": [
        [
            17749681,
            17756064
        ]
    ],
    "execute_cost": 6.382999897003174,
    "finish_time": 17756073,
    "limit_cost_by_ms": 5.815999984741211,
    "model_name": "yolov2",
    "recv_time": 17740390,
    "tag": "23",
    "total_cost_by_ms": 15.682999610900879,
    "wait_cost": 9.299999237060547
}
