{
    "child_model_execute_cost_by_ms": [
        6.201000213623047
    ],
    "child_model_run_time": [
        [
            21984642,
            21990843
        ]
    ],
    "execute_cost": 6.201000213623047,
    "finish_time": 21990854,
    "limit_cost_by_ms": 5.7816667556762695,
    "model_name": "yolov2",
    "recv_time": 21984595,
    "tag": "201",
    "total_cost_by_ms": 6.258999824523926,
    "wait_cost": 0.057999610900878906
}
