{
    "child_model_execute_cost_by_ms": [
        6.364999771118164
    ],
    "child_model_run_time": [
        [
            21866820,
            21873185
        ]
    ],
    "execute_cost": 6.364999771118164,
    "finish_time": 21873195,
    "limit_cost_by_ms": 5.815999984741211,
    "model_name": "yolov2",
    "recv_time": 21862234,
    "tag": "204",
    "total_cost_by_ms": 10.961000442504883,
    "wait_cost": 4.596000671386719
}
