{
    "child_model_execute_cost_by_ms": [
        9.164999961853027
    ],
    "child_model_run_time": [
        [
            22006139,
            22015304
        ]
    ],
    "execute_cost": 9.164999961853027,
    "finish_time": 22015312,
    "limit_cost_by_ms": 8.904333114624023,
    "model_name": "googlenet",
    "recv_time": 21999957,
    "tag": "203",
    "total_cost_by_ms": 15.354999542236328,
    "wait_cost": 6.189999580383301
}
