{
    "child_model_execute_cost_by_ms": [
        13.305000305175781,
        12.437000274658203
    ],
    "child_model_run_time": [
        [
            21853472,
            21866777
        ],
        [
            21873382,
            21885819
        ]
    ],
    "execute_cost": 25.742000579833984,
    "finish_time": 21885823,
    "limit_cost_by_ms": 18.771333694458008,
    "model_name": "resnet50",
    "recv_time": 21834863,
    "tag": "203",
    "total_cost_by_ms": 50.959999084472656,
    "wait_cost": 25.217998504638672
}
