{
    "child_model_execute_cost_by_ms": [
        18.788000106811523,
        18.548999786376953,
        19.06999969482422
    ],
    "child_model_run_time": [
        [
            21834583,
            21853371
        ],
        [
            21885986,
            21904535
        ],
        [
            21904577,
            21923647
        ]
    ],
    "execute_cost": 56.40699768066406,
    "finish_time": 21923653,
    "limit_cost_by_ms": 44.79933166503906,
    "model_name": "vgg19",
    "recv_time": 21689865,
    "tag": "195",
    "total_cost_by_ms": 233.78799438476563,
    "wait_cost": 177.38099670410156
}
