{
    "child_model_execute_cost_by_ms": [
        15.23799991607666,
        12.576000213623047
    ],
    "child_model_run_time": [
        [
            21990868,
            22006106
        ],
        [
            22015327,
            22027903
        ]
    ],
    "execute_cost": 27.81399917602539,
    "finish_time": 22027905,
    "limit_cost_by_ms": 18.256332397460938,
    "model_name": "resnet50",
    "recv_time": 21984698,
    "tag": "202",
    "total_cost_by_ms": 43.207000732421875,
    "wait_cost": 15.393001556396484
}
