{
    "child_model_execute_cost_by_ms": [
        13.52299976348877
    ],
    "child_model_run_time": [
        [
            21942295,
            21955818
        ]
    ],
    "execute_cost": 13.52299976348877,
    "finish_time": 21955829,
    "limit_cost_by_ms": 6.9683332443237305,
    "model_name": "gpt128v2",
    "recv_time": 21924897,
    "tag": "205",
    "total_cost_by_ms": 30.93199920654297,
    "wait_cost": 17.409000396728516
}
