{
    "child_model_execute_cost_by_ms": [
        11.824999809265137
    ],
    "child_model_run_time": [
        [
            21955861,
            21967686
        ]
    ],
    "execute_cost": 11.824999809265137,
    "finish_time": 21967696,
    "limit_cost_by_ms": 8.529666900634766,
    "model_name": "googlenet",
    "recv_time": 21936477,
    "tag": "207",
    "total_cost_by_ms": 31.2189998626709,
    "wait_cost": 19.394001007080078
}
