{
    "child_model_execute_cost_by_ms": [
        18.70800018310547,
        16.8799991607666,
        18.711000442504883
    ],
    "child_model_run_time": [
        [
            22045275,
            22063983
        ],
        [
            22064012,
            22080892
        ],
        [
            22080912,
            22099623
        ]
    ],
    "execute_cost": 54.29899597167969,
    "finish_time": 22099625,
    "limit_cost_by_ms": 44.492332458496094,
    "model_name": "vgg19",
    "recv_time": 22045262,
    "tag": "205",
    "total_cost_by_ms": 54.362998962402344,
    "wait_cost": 0.06400299072265625
}
