{
    "child_model_execute_cost_by_ms": [
        6.232999801635742
    ],
    "child_model_run_time": [
        [
            22099813,
            22106046
        ]
    ],
    "execute_cost": 6.232999801635742,
    "finish_time": 22106051,
    "limit_cost_by_ms": 5.7816667556762695,
    "model_name": "yolov2",
    "recv_time": 22099766,
    "tag": "206",
    "total_cost_by_ms": 6.284999847412109,
    "wait_cost": 0.05200004577636719
}
