{
    "child_model_execute_cost_by_ms": [
        14.644000053405762,
        12.532999992370605
    ],
    "child_model_run_time": [
        [
            21967756,
            21982400
        ],
        [
            21982502,
            21995035
        ]
    ],
    "execute_cost": 27.177000045776367,
    "finish_time": 21995041,
    "limit_cost_by_ms": 18.771333694458008,
    "model_name": "resnet50",
    "recv_time": 21962634,
    "tag": "208",
    "total_cost_by_ms": 32.40700149536133,
    "wait_cost": 5.230001449584961
}
