{
    "child_model_execute_cost_by_ms": [
        6.123000144958496
    ],
    "child_model_run_time": [
        [
            22012861,
            22018984
        ]
    ],
    "execute_cost": 6.123000144958496,
    "finish_time": 22018995,
    "limit_cost_by_ms": 5.815999984741211,
    "model_name": "yolov2",
    "recv_time": 22007100,
    "tag": "209",
    "total_cost_by_ms": 11.895000457763672,
    "wait_cost": 5.772000312805176
}
