{
    "child_model_execute_cost_by_ms": [
        18.457000732421875,
        17.704999923706055,
        19.309999465942383
    ],
    "child_model_run_time": [
        [
            21923686,
            21942143
        ],
        [
            21995111,
            22012816
        ],
        [
            22019092,
            22038402
        ]
    ],
    "execute_cost": 55.47200012207031,
    "finish_time": 22038408,
    "limit_cost_by_ms": 44.79933166503906,
    "model_name": "vgg19",
    "recv_time": 21808653,
    "tag": "202",
    "total_cost_by_ms": 229.7550048828125,
    "wait_cost": 174.2830047607422
}
