{
    "child_model_execute_cost_by_ms": [
        8.762999534606934
    ],
    "child_model_run_time": [
        [
            22131307,
            22140070
        ]
    ],
    "execute_cost": 8.762999534606934,
    "finish_time": 22140072,
    "limit_cost_by_ms": 8.904333114624023,
    "model_name": "googlenet",
    "recv_time": 22128195,
    "tag": "208",
    "total_cost_by_ms": 11.876999855041504,
    "wait_cost": 3.1140003204345703
}
