{
    "child_model_execute_cost_by_ms": [
        14.003000259399414
    ],
    "child_model_run_time": [
        [
            22056758,
            22070761
        ]
    ],
    "execute_cost": 14.003000259399414,
    "finish_time": 22070771,
    "limit_cost_by_ms": 6.9683332443237305,
    "model_name": "gpt128v2",
    "recv_time": 22052297,
    "tag": "210",
    "total_cost_by_ms": 18.474000930786133,
    "wait_cost": 4.471000671386719
}
