{
    "child_model_execute_cost_by_ms": [
        19.44499969482422,
        19.895999908447266,
        18.531999588012695
    ],
    "child_model_run_time": [
        [
            22140505,
            22159950
        ],
        [
            22173071,
            22192967
        ],
        [
            22192992,
            22211524
        ]
    ],
    "execute_cost": 57.87300109863281,
    "finish_time": 22211526,
    "limit_cost_by_ms": 44.492332458496094,
    "model_name": "vgg19",
    "recv_time": 22140495,
    "tag": "209",
    "total_cost_by_ms": 71.03099822998047,
    "wait_cost": 13.157997131347656
}
