{
    "child_model_execute_cost_by_ms": [
        9.267000198364258
    ],
    "child_model_run_time": [
        [
            22105621,
            22114888
        ]
    ],
    "execute_cost": 9.267000198364258,
    "finish_time": 22114894,
    "limit_cost_by_ms": 8.529666900634766,
    "model_name": "googlenet",
    "recv_time": 22091221,
    "tag": "213",
    "total_cost_by_ms": 23.67300033569336,
    "wait_cost": 14.406000137329102
}
