{
    "child_model_execute_cost_by_ms": [
        9.892999649047852
    ],
    "child_model_run_time": [
        [
            17756174,
            17766067
        ]
    ],
    "execute_cost": 9.892999649047852,
    "finish_time": 17766075,
    "limit_cost_by_ms": 8.529666900634766,
    "model_name": "googlenet",
    "recv_time": 17730087,
    "tag": "21",
    "total_cost_by_ms": 35.987998962402344,
    "wait_cost": 26.094999313354492
}
