{
    "child_model_execute_cost_by_ms": [
        14.38700008392334,
        13.45300006866455
    ],
    "child_model_run_time": [
        [
            22091161,
            22105548
        ],
        [
            22114962,
            22128415
        ]
    ],
    "execute_cost": 27.84000015258789,
    "finish_time": 22128423,
    "limit_cost_by_ms": 18.771333694458008,
    "model_name": "resnet50",
    "recv_time": 22078684,
    "tag": "212",
    "total_cost_by_ms": 49.73899841308594,
    "wait_cost": 21.898998260498047
}
