{
    "child_model_execute_cost_by_ms": [
        6.455999851226807
    ],
    "child_model_run_time": [
        [
            22225465,
            22231921
        ]
    ],
    "execute_cost": 6.455999851226807,
    "finish_time": 22231930,
    "limit_cost_by_ms": 5.7816667556762695,
    "model_name": "yolov2",
    "recv_time": 22213185,
    "tag": "212",
    "total_cost_by_ms": 18.7450008392334,
    "wait_cost": 12.28900146484375
}
