{
    "child_model_execute_cost_by_ms": [
        6.322000026702881
    ],
    "child_model_run_time": [
        [
            22128501,
            22134823
        ]
    ],
    "execute_cost": 6.322000026702881,
    "finish_time": 22134833,
    "limit_cost_by_ms": 5.815999984741211,
    "model_name": "yolov2",
    "recv_time": 22118936,
    "tag": "214",
    "total_cost_by_ms": 15.897000312805176,
    "wait_cost": 9.575000762939453
}
