{
    "child_model_execute_cost_by_ms": [
        18.26300048828125,
        20.219999313354492,
        19.55500030517578
    ],
    "child_model_run_time": [
        [
            22038450,
            22056713
        ],
        [
            22070891,
            22091111
        ],
        [
            22134952,
            22154507
        ]
    ],
    "execute_cost": 58.038002014160156,
    "finish_time": 22154515,
    "limit_cost_by_ms": 44.79933166503906,
    "model_name": "vgg19",
    "recv_time": 21928388,
    "tag": "206",
    "total_cost_by_ms": 226.1269989013672,
    "wait_cost": 168.0889892578125
}
