{
    "child_model_execute_cost_by_ms": [
        13.618000030517578,
        12.619999885559082
    ],
    "child_model_run_time": [
        [
            22211737,
            22225355
        ],
        [
            22241229,
            22253849
        ]
    ],
    "execute_cost": 26.237998962402344,
    "finish_time": 22253851,
    "limit_cost_by_ms": 18.256332397460938,
    "model_name": "resnet50",
    "recv_time": 22211680,
    "tag": "211",
    "total_cost_by_ms": 42.17100143432617,
    "wait_cost": 15.933002471923828
}
