{
    "child_model_execute_cost_by_ms": [
        13.451000213623047
    ],
    "child_model_run_time": [
        [
            22173754,
            22187205
        ]
    ],
    "execute_cost": 13.451000213623047,
    "finish_time": 22187214,
    "limit_cost_by_ms": 6.9683332443237305,
    "model_name": "gpt128v2",
    "recv_time": 22172384,
    "tag": "215",
    "total_cost_by_ms": 14.829999923706055,
    "wait_cost": 1.3789997100830078
}
