{
    "child_model_execute_cost_by_ms": [
        12.902999877929688
    ],
    "child_model_run_time": [
        [
            22290441,
            22303344
        ]
    ],
    "execute_cost": 12.902999877929688,
    "finish_time": 22303354,
    "limit_cost_by_ms": 6.894999980926514,
    "model_name": "gpt128v2",
    "recv_time": 22278367,
    "tag": "215",
    "total_cost_by_ms": 24.98699951171875,
    "wait_cost": 12.083999633789063
}
