{
    "child_model_execute_cost_by_ms": [
        12.571999549865723,
        11.87399959564209
    ],
    "child_model_run_time": [
        [
            22206273,
            22218845
        ],
        [
            22218879,
            22230753
        ]
    ],
    "execute_cost": 24.445999145507813,
    "finish_time": 22230759,
    "limit_cost_by_ms": 18.771333694458008,
    "model_name": "resnet50",
    "recv_time": 22202585,
    "tag": "216",
    "total_cost_by_ms": 28.173999786376953,
    "wait_cost": 3.7280006408691406
}
