{
    "child_model_execute_cost_by_ms": [
        18.60300064086914,
        17.6200008392334,
        18.687000274658203
    ],
    "child_model_run_time": [
        [
            22254135,
            22272738
        ],
        [
            22272773,
            22290393
        ],
        [
            22305462,
            22324149
        ]
    ],
    "execute_cost": 54.90999984741211,
    "finish_time": 22324152,
    "limit_cost_by_ms": 44.492332458496094,
    "model_name": "vgg19",
    "recv_time": 22254065,
    "tag": "214",
    "total_cost_by_ms": 70.08699798583984,
    "wait_cost": 15.176998138427734
}
