{
    "child_model_execute_cost_by_ms": [
        9.810999870300293
    ],
    "child_model_run_time": [
        [
            22324438,
            22334249
        ]
    ],
    "execute_cost": 9.810999870300293,
    "finish_time": 22334260,
    "limit_cost_by_ms": 8.904333114624023,
    "model_name": "googlenet",
    "recv_time": 22324376,
    "tag": "216",
    "total_cost_by_ms": 9.883999824523926,
    "wait_cost": 0.07299995422363281
}
