{
    "child_model_execute_cost_by_ms": [
        6.4019999504089355
    ],
    "child_model_run_time": [
        [
            22240568,
            22246970
        ]
    ],
    "execute_cost": 6.4019999504089355,
    "finish_time": 22246980,
    "limit_cost_by_ms": 5.815999984741211,
    "model_name": "yolov2",
    "recv_time": 22235047,
    "tag": "219",
    "total_cost_by_ms": 11.932999610900879,
    "wait_cost": 5.530999660491943
}
