{
    "child_model_execute_cost_by_ms": [
        14.699999809265137,
        12.640999794006348
    ],
    "child_model_run_time": [
        [
            22340566,
            22355266
        ],
        [
            22355306,
            22367947
        ]
    ],
    "execute_cost": 27.340999603271484,
    "finish_time": 22367950,
    "limit_cost_by_ms": 18.256332397460938,
    "model_name": "resnet50",
    "recv_time": 22327107,
    "tag": "217",
    "total_cost_by_ms": 40.84299850463867,
    "wait_cost": 13.501998901367188
}
