{
    "child_model_execute_cost_by_ms": [
        19.148000717163086,
        18.944000244140625,
        19.433000564575195
    ],
    "child_model_run_time": [
        [
            22154561,
            22173709
        ],
        [
            22187237,
            22206181
        ],
        [
            22247077,
            22266510
        ]
    ],
    "execute_cost": 57.525001525878906,
    "finish_time": 22266515,
    "limit_cost_by_ms": 44.79933166503906,
    "model_name": "vgg19",
    "recv_time": 22068549,
    "tag": "211",
    "total_cost_by_ms": 197.96600341796875,
    "wait_cost": 140.44100952148438
}
