{
    "child_model_execute_cost_by_ms": [
        18.92799949645996,
        16.937000274658203,
        19.472000122070313
    ],
    "child_model_run_time": [
        [
            22368257,
            22387185
        ],
        [
            22387227,
            22404164
        ],
        [
            22404199,
            22423671
        ]
    ],
    "execute_cost": 55.336997985839844,
    "finish_time": 22423675,
    "limit_cost_by_ms": 44.492332458496094,
    "model_name": "vgg19",
    "recv_time": 22368200,
    "tag": "219",
    "total_cost_by_ms": 55.474998474121094,
    "wait_cost": 0.13800048828125
}
