{
    "child_model_execute_cost_by_ms": [
        13.041999816894531
    ],
    "child_model_run_time": [
        [
            22301173,
            22314215
        ]
    ],
    "execute_cost": 13.041999816894531,
    "finish_time": 22314223,
    "limit_cost_by_ms": 6.9683332443237305,
    "model_name": "gpt128v2",
    "recv_time": 22288668,
    "tag": "220",
    "total_cost_by_ms": 25.55500030517578,
    "wait_cost": 12.51300048828125
}
