{
    "child_model_execute_cost_by_ms": [
        17.121000289916992,
        17.2450008392334,
        21.08799934387207
    ],
    "child_model_run_time": [
        [
            22266625,
            22283746
        ],
        [
            22283755,
            22301000
        ],
        [
            22314249,
            22335337
        ]
    ],
    "execute_cost": 55.454002380371094,
    "finish_time": 22335339,
    "limit_cost_by_ms": 44.79933166503906,
    "model_name": "vgg19",
    "recv_time": 22214695,
    "tag": "217",
    "total_cost_by_ms": 120.64399719238281,
    "wait_cost": 65.18999481201172
}
