{
    "child_model_execute_cost_by_ms": [
        14.093999862670898,
        12.736000061035156
    ],
    "child_model_run_time": [
        [
            17766156,
            17780250
        ],
        [
            17780287,
            17793023
        ]
    ],
    "execute_cost": 26.829999923706055,
    "finish_time": 17793029,
    "limit_cost_by_ms": 18.771333694458008,
    "model_name": "resnet50",
    "recv_time": 17752546,
    "tag": "24",
    "total_cost_by_ms": 40.483001708984375,
    "wait_cost": 13.65300178527832
}
