{
    "child_model_execute_cost_by_ms": [
        9.762999534606934
    ],
    "child_model_run_time": [
        [
            22439435,
            22449198
        ]
    ],
    "execute_cost": 9.762999534606934,
    "finish_time": 22449208,
    "limit_cost_by_ms": 8.904333114624023,
    "model_name": "googlenet",
    "recv_time": 22439374,
    "tag": "221",
    "total_cost_by_ms": 9.833999633789063,
    "wait_cost": 0.0710000991821289
}
