{
    "child_model_execute_cost_by_ms": [
        6.374000072479248
    ],
    "child_model_run_time": [
        [
            22350118,
            22356492
        ]
    ],
    "execute_cost": 6.374000072479248,
    "finish_time": 22356502,
    "limit_cost_by_ms": 5.815999984741211,
    "model_name": "yolov2",
    "recv_time": 22342639,
    "tag": "223",
    "total_cost_by_ms": 13.86299991607666,
    "wait_cost": 7.488999843597412
}
