{
    "child_model_execute_cost_by_ms": [
        9.661999702453613
    ],
    "child_model_run_time": [
        [
            22356635,
            22366297
        ]
    ],
    "execute_cost": 9.661999702453613,
    "finish_time": 22366307,
    "limit_cost_by_ms": 8.529666900634766,
    "model_name": "googlenet",
    "recv_time": 22342533,
    "tag": "222",
    "total_cost_by_ms": 23.77400016784668,
    "wait_cost": 14.112000465393066
}
