{
    "child_model_execute_cost_by_ms": [
        14.420999526977539,
        13.753000259399414
    ],
    "child_model_run_time": [
        [
            22335655,
            22350076
        ],
        [
            22366579,
            22380332
        ]
    ],
    "execute_cost": 28.173999786376953,
    "finish_time": 22380341,
    "limit_cost_by_ms": 18.771333694458008,
    "model_name": "resnet50",
    "recv_time": 22335596,
    "tag": "221",
    "total_cost_by_ms": 44.744998931884766,
    "wait_cost": 16.570999145507813
}
