{
    "child_model_execute_cost_by_ms": [
        14.14799976348877,
        12.364999771118164
    ],
    "child_model_run_time": [
        [
            22449260,
            22463408
        ],
        [
            22469748,
            22482113
        ]
    ],
    "execute_cost": 26.51300048828125,
    "finish_time": 22482116,
    "limit_cost_by_ms": 18.256332397460938,
    "model_name": "resnet50",
    "recv_time": 22443564,
    "tag": "222",
    "total_cost_by_ms": 38.551998138427734,
    "wait_cost": 12.038997650146484
}
