{
    "child_model_execute_cost_by_ms": [
        13.133000373840332
    ],
    "child_model_run_time": [
        [
            22519954,
            22533087
        ]
    ],
    "execute_cost": 13.133000373840332,
    "finish_time": 22533096,
    "limit_cost_by_ms": 6.894999980926514,
    "model_name": "gpt128v2",
    "recv_time": 22517882,
    "tag": "225",
    "total_cost_by_ms": 15.21399974822998,
    "wait_cost": 2.0809993743896484
}
