{
    "child_model_execute_cost_by_ms": [
        13.14799976348877
    ],
    "child_model_run_time": [
        [
            22416843,
            22429991
        ]
    ],
    "execute_cost": 13.14799976348877,
    "finish_time": 22430000,
    "limit_cost_by_ms": 6.9683332443237305,
    "model_name": "gpt128v2",
    "recv_time": 22412354,
    "tag": "225",
    "total_cost_by_ms": 17.645999908447266,
    "wait_cost": 4.498000144958496
}
