{
    "child_model_execute_cost_by_ms": [
        18.194000244140625,
        18.165000915527344,
        21.381000518798828
    ],
    "child_model_run_time": [
        [
            22380414,
            22398608
        ],
        [
            22398634,
            22416799
        ],
        [
            22430027,
            22451408
        ]
    ],
    "execute_cost": 57.7400016784668,
    "finish_time": 22451412,
    "limit_cost_by_ms": 44.79933166503906,
    "model_name": "vgg19",
    "recv_time": 22350704,
    "tag": "224",
    "total_cost_by_ms": 100.70800018310547,
    "wait_cost": 42.96799850463867
}
