{
    "child_model_execute_cost_by_ms": [
        18.902999877929688,
        18.440000534057617,
        21.011999130249023
    ],
    "child_model_run_time": [
        [
            22482494,
            22501397
        ],
        [
            22501429,
            22519869
        ],
        [
            22533123,
            22554135
        ]
    ],
    "execute_cost": 58.355003356933594,
    "finish_time": 22554137,
    "limit_cost_by_ms": 44.492332458496094,
    "model_name": "vgg19",
    "recv_time": 22482438,
    "tag": "224",
    "total_cost_by_ms": 71.6989974975586,
    "wait_cost": 13.343994140625
}
