{
    "child_model_execute_cost_by_ms": [
        6.409999847412109
    ],
    "child_model_run_time": [
        [
            22466946,
            22473356
        ]
    ],
    "execute_cost": 6.409999847412109,
    "finish_time": 22473366,
    "limit_cost_by_ms": 5.815999984741211,
    "model_name": "yolov2",
    "recv_time": 22462987,
    "tag": "229",
    "total_cost_by_ms": 10.378999710083008,
    "wait_cost": 3.9689998626708984
}
