{
    "child_model_execute_cost_by_ms": [
        9.89900016784668
    ],
    "child_model_run_time": [
        [
            22473500,
            22483399
        ]
    ],
    "execute_cost": 9.89900016784668,
    "finish_time": 22483409,
    "limit_cost_by_ms": 8.529666900634766,
    "model_name": "googlenet",
    "recv_time": 22454798,
    "tag": "227",
    "total_cost_by_ms": 28.611000061035156,
    "wait_cost": 18.711999893188477
}
