{
    "child_model_execute_cost_by_ms": [
        15.39900016784668,
        14.071999549865723
    ],
    "child_model_run_time": [
        [
            22451481,
            22466880
        ],
        [
            22483472,
            22497544
        ]
    ],
    "execute_cost": 29.47100067138672,
    "finish_time": 22497555,
    "limit_cost_by_ms": 18.771333694458008,
    "model_name": "resnet50",
    "recv_time": 22442581,
    "tag": "226",
    "total_cost_by_ms": 54.9739990234375,
    "wait_cost": 25.50299835205078
}
