{
    "child_model_execute_cost_by_ms": [
        15.638999938964844,
        13.279999732971191
    ],
    "child_model_run_time": [
        [
            22554454,
            22570093
        ],
        [
            22586703,
            22599983
        ]
    ],
    "execute_cost": 28.91899871826172,
    "finish_time": 22599986,
    "limit_cost_by_ms": 18.256332397460938,
    "model_name": "resnet50",
    "recv_time": 22554304,
    "tag": "226",
    "total_cost_by_ms": 45.68199920654297,
    "wait_cost": 16.76300048828125
}
