{
    "child_model_execute_cost_by_ms": [
        13.36400032043457
    ],
    "child_model_run_time": [
        [
            22517222,
            22530586
        ]
    ],
    "execute_cost": 13.36400032043457,
    "finish_time": 22530598,
    "limit_cost_by_ms": 6.9683332443237305,
    "model_name": "gpt128v2",
    "recv_time": 22512753,
    "tag": "230",
    "total_cost_by_ms": 17.844999313354492,
    "wait_cost": 4.480998992919922
}
