{
    "child_model_execute_cost_by_ms": [
        19.577999114990234,
        19.9060001373291,
        18.75
    ],
    "child_model_run_time": [
        [
            22497598,
            22517176
        ],
        [
            22530626,
            22550532
        ],
        [
            22550567,
            22569317
        ]
    ],
    "execute_cost": 58.23400115966797,
    "finish_time": 22569321,
    "limit_cost_by_ms": 44.79933166503906,
    "model_name": "vgg19",
    "recv_time": 22458880,
    "tag": "228",
    "total_cost_by_ms": 110.44100189208984,
    "wait_cost": 52.207000732421875
}
