{
    "child_model_execute_cost_by_ms": [
        10.086000442504883
    ],
    "child_model_run_time": [
        [
            22668418,
            22678504
        ]
    ],
    "execute_cost": 10.086000442504883,
    "finish_time": 22678514,
    "limit_cost_by_ms": 8.904333114624023,
    "model_name": "googlenet",
    "recv_time": 22659731,
    "tag": "232",
    "total_cost_by_ms": 18.783000946044922,
    "wait_cost": 8.697000503540039
}
