{
    "child_model_execute_cost_by_ms": [
        12.666999816894531
    ],
    "child_model_run_time": [
        [
            17811933,
            17824600
        ]
    ],
    "execute_cost": 12.666999816894531,
    "finish_time": 17824611,
    "limit_cost_by_ms": 6.9683332443237305,
    "model_name": "gpt128v2",
    "recv_time": 17801780,
    "tag": "25",
    "total_cost_by_ms": 22.83099937438965,
    "wait_cost": 10.163999557495117
}
