{
    "child_model_execute_cost_by_ms": [
        19.01099967956543,
        17.878999710083008,
        19.548999786376953
    ],
    "child_model_run_time": [
        [
            17804821,
            17823832
        ],
        [
            17850117,
            17867996
        ],
        [
            17868032,
            17887581
        ]
    ],
    "execute_cost": 56.43899917602539,
    "finish_time": 17887585,
    "limit_cost_by_ms": 44.492332458496094,
    "model_name": "vgg19",
    "recv_time": 17804751,
    "tag": "23",
    "total_cost_by_ms": 82.83399963378906,
    "wait_cost": 26.395000457763672
}
