{
    "child_model_execute_cost_by_ms": [
        6.494999885559082
    ],
    "child_model_run_time": [
        [
            22678708,
            22685203
        ]
    ],
    "execute_cost": 6.494999885559082,
    "finish_time": 22685212,
    "limit_cost_by_ms": 5.7816667556762695,
    "model_name": "yolov2",
    "recv_time": 22671838,
    "tag": "233",
    "total_cost_by_ms": 13.37399959564209,
    "wait_cost": 6.878999710083008
}
