{
    "child_model_execute_cost_by_ms": [
        9.868000030517578
    ],
    "child_model_run_time": [
        [
            22584958,
            22594826
        ]
    ],
    "execute_cost": 9.868000030517578,
    "finish_time": 22594837,
    "limit_cost_by_ms": 8.529666900634766,
    "model_name": "googlenet",
    "recv_time": 22575232,
    "tag": "232",
    "total_cost_by_ms": 19.604999542236328,
    "wait_cost": 9.73699951171875
}
