{
    "child_model_execute_cost_by_ms": [
        6.49399995803833
    ],
    "child_model_run_time": [
        [
            22594981,
            22601475
        ]
    ],
    "execute_cost": 6.49399995803833,
    "finish_time": 22601486,
    "limit_cost_by_ms": 5.815999984741211,
    "model_name": "yolov2",
    "recv_time": 22587291,
    "tag": "233",
    "total_cost_by_ms": 14.194999694824219,
    "wait_cost": 7.700999736785889
}
