{
    "child_model_execute_cost_by_ms": [
        19.860000610351563,
        20.788999557495117,
        18.93400001525879
    ],
    "child_model_run_time": [
        [
            22600419,
            22620279
        ],
        [
            22633970,
            22654759
        ],
        [
            22698505,
            22717439
        ]
    ],
    "execute_cost": 59.58300018310547,
    "finish_time": 22717441,
    "limit_cost_by_ms": 44.492332458496094,
    "model_name": "vgg19",
    "recv_time": 22600337,
    "tag": "229",
    "total_cost_by_ms": 117.10399627685547,
    "wait_cost": 57.52099609375
}
