{
    "child_model_execute_cost_by_ms": [
        15.479999542236328,
        13.864999771118164
    ],
    "child_model_run_time": [
        [
            22569437,
            22584917
        ],
        [
            22601582,
            22615447
        ]
    ],
    "execute_cost": 29.344999313354492,
    "finish_time": 22615458,
    "limit_cost_by_ms": 18.771333694458008,
    "model_name": "resnet50",
    "recv_time": 22558982,
    "tag": "231",
    "total_cost_by_ms": 56.47600173950195,
    "wait_cost": 27.13100242614746
}
