{
    "child_model_execute_cost_by_ms": [
        13.51099967956543
    ],
    "child_model_run_time": [
        [
            22737343,
            22750854
        ]
    ],
    "execute_cost": 13.51099967956543,
    "finish_time": 22750866,
    "limit_cost_by_ms": 6.894999980926514,
    "model_name": "gpt128v2",
    "recv_time": 22737280,
    "tag": "235",
    "total_cost_by_ms": 13.586000442504883,
    "wait_cost": 0.07500076293945313
}
