{
    "child_model_execute_cost_by_ms": [
        17.534000396728516,
        17.545000076293945,
        21.531999588012695
    ],
    "child_model_run_time": [
        [
            22615575,
            22633109
        ],
        [
            22633141,
            22650686
        ],
        [
            22663994,
            22685526
        ]
    ],
    "execute_cost": 56.611000061035156,
    "finish_time": 22685531,
    "limit_cost_by_ms": 44.79933166503906,
    "model_name": "vgg19",
    "recv_time": 22601847,
    "tag": "234",
    "total_cost_by_ms": 83.68399810791016,
    "wait_cost": 27.072998046875
}
