{
    "child_model_execute_cost_by_ms": [
        18.56999969482422,
        20.961000442504883,
        19.246999740600586
    ],
    "child_model_run_time": [
        [
            22717782,
            22736352
        ],
        [
            22750882,
            22771843
        ],
        [
            22771879,
            22791126
        ]
    ],
    "execute_cost": 58.77799987792969,
    "finish_time": 22791128,
    "limit_cost_by_ms": 44.492332458496094,
    "model_name": "vgg19",
    "recv_time": 22717719,
    "tag": "234",
    "total_cost_by_ms": 73.40899658203125,
    "wait_cost": 14.630996704101563
}
