{
    "child_model_execute_cost_by_ms": [
        10.258999824523926
    ],
    "child_model_run_time": [
        [
            22804365,
            22814624
        ]
    ],
    "execute_cost": 10.258999824523926,
    "finish_time": 22814633,
    "limit_cost_by_ms": 8.904333114624023,
    "model_name": "googlenet",
    "recv_time": 22802819,
    "tag": "237",
    "total_cost_by_ms": 11.814000129699707,
    "wait_cost": 1.5550003051757813
}
