{
    "child_model_execute_cost_by_ms": [
        9.638999938964844
    ],
    "child_model_run_time": [
        [
            22685622,
            22695261
        ]
    ],
    "execute_cost": 9.638999938964844,
    "finish_time": 22695272,
    "limit_cost_by_ms": 8.529666900634766,
    "model_name": "googlenet",
    "recv_time": 22679498,
    "tag": "237",
    "total_cost_by_ms": 15.77400016784668,
    "wait_cost": 6.135000228881836
}
