{
    "child_model_execute_cost_by_ms": [
        6.433000087738037
    ],
    "child_model_run_time": [
        [
            22710698,
            22717131
        ]
    ],
    "execute_cost": 6.433000087738037,
    "finish_time": 22717141,
    "limit_cost_by_ms": 5.815999984741211,
    "model_name": "yolov2",
    "recv_time": 22699830,
    "tag": "238",
    "total_cost_by_ms": 17.31100082397461,
    "wait_cost": 10.878000259399414
}
