{
    "child_model_execute_cost_by_ms": [
        15.298999786376953,
        13.29699993133545
    ],
    "child_model_run_time": [
        [
            22695352,
            22710651
        ],
        [
            22717235,
            22730532
        ]
    ],
    "execute_cost": 28.59600067138672,
    "finish_time": 22730541,
    "limit_cost_by_ms": 18.771333694458008,
    "model_name": "resnet50",
    "recv_time": 22671396,
    "tag": "236",
    "total_cost_by_ms": 59.14500045776367,
    "wait_cost": 30.548999786376953
}
