{
    "child_model_execute_cost_by_ms": [
        13.763999938964844
    ],
    "child_model_run_time": [
        [
            22835858,
            22849622
        ]
    ],
    "execute_cost": 13.763999938964844,
    "finish_time": 22849630,
    "limit_cost_by_ms": 6.894999980926514,
    "model_name": "gpt128v2",
    "recv_time": 22835809,
    "tag": "239",
    "total_cost_by_ms": 13.821000099182129,
    "wait_cost": 0.057000160217285156
}
