{
    "child_model_execute_cost_by_ms": [
        13.23799991607666
    ],
    "child_model_run_time": [
        [
            22766269,
            22779507
        ]
    ],
    "execute_cost": 13.23799991607666,
    "finish_time": 22779519,
    "limit_cost_by_ms": 6.9683332443237305,
    "model_name": "gpt128v2",
    "recv_time": 22749568,
    "tag": "240",
    "total_cost_by_ms": 29.951000213623047,
    "wait_cost": 16.713001251220703
}
