{
    "child_model_execute_cost_by_ms": [
        17.90399932861328,
        17.458999633789063,
        21.52199935913086
    ],
    "child_model_run_time": [
        [
            22730704,
            22748608
        ],
        [
            22748643,
            22766102
        ],
        [
            22779545,
            22801067
        ]
    ],
    "execute_cost": 56.8849983215332,
    "finish_time": 22801071,
    "limit_cost_by_ms": 44.79933166503906,
    "model_name": "vgg19",
    "recv_time": 22728057,
    "tag": "239",
    "total_cost_by_ms": 73.01399993896484,
    "wait_cost": 16.12900161743164
}
