{
    "child_model_execute_cost_by_ms": [
        6.031000137329102
    ],
    "child_model_run_time": [
        [
            17845075,
            17851106
        ]
    ],
    "execute_cost": 6.031000137329102,
    "finish_time": 17851115,
    "limit_cost_by_ms": 5.815999984741211,
    "model_name": "yolov2",
    "recv_time": 17832232,
    "tag": "26",
    "total_cost_by_ms": 18.882999420166016,
    "wait_cost": 12.851999282836914
}
