{
    "child_model_execute_cost_by_ms": [
        13.118000030517578
    ],
    "child_model_run_time": [
        [
            17887622,
            17900740
        ]
    ],
    "execute_cost": 13.118000030517578,
    "finish_time": 17900745,
    "limit_cost_by_ms": 6.894999980926514,
    "model_name": "gpt128v2",
    "recv_time": 17873315,
    "tag": "25",
    "total_cost_by_ms": 27.43000030517578,
    "wait_cost": 14.312000274658203
}
