{
    "child_model_execute_cost_by_ms": [
        9.746999740600586
    ],
    "child_model_run_time": [
        [
            22801152,
            22810899
        ]
    ],
    "execute_cost": 9.746999740600586,
    "finish_time": 22810910,
    "limit_cost_by_ms": 8.529666900634766,
    "model_name": "googlenet",
    "recv_time": 22787734,
    "tag": "241",
    "total_cost_by_ms": 23.176000595092773,
    "wait_cost": 13.429000854492188
}
