{
    "child_model_execute_cost_by_ms": [
        6.2270002365112305
    ],
    "child_model_run_time": [
        [
            22826311,
            22832538
        ]
    ],
    "execute_cost": 6.2270002365112305,
    "finish_time": 22832547,
    "limit_cost_by_ms": 5.815999984741211,
    "model_name": "yolov2",
    "recv_time": 22816126,
    "tag": "243",
    "total_cost_by_ms": 16.42099952697754,
    "wait_cost": 10.193999290466309
}
