{
    "child_model_execute_cost_by_ms": [
        15.265999794006348,
        13.243000030517578
    ],
    "child_model_run_time": [
        [
            22810992,
            22826258
        ],
        [
            22832644,
            22845887
        ]
    ],
    "execute_cost": 28.50899887084961,
    "finish_time": 22845891,
    "limit_cost_by_ms": 18.771333694458008,
    "model_name": "resnet50",
    "recv_time": 22791824,
    "tag": "242",
    "total_cost_by_ms": 54.06700134277344,
    "wait_cost": 25.558002471923828
}
