{
    "child_model_execute_cost_by_ms": [
        21.652999877929688,
        17.00200080871582,
        19.52199935913086
    ],
    "child_model_run_time": [
        [
            22849755,
            22871408
        ],
        [
            22897692,
            22914694
        ],
        [
            22930843,
            22950365
        ]
    ],
    "execute_cost": 58.176998138427734,
    "finish_time": 22950367,
    "limit_cost_by_ms": 44.492332458496094,
    "model_name": "vgg19",
    "recv_time": 22835918,
    "tag": "240",
    "total_cost_by_ms": 114.4489974975586,
    "wait_cost": 56.27199935913086
}
