{
    "child_model_execute_cost_by_ms": [
        13.062000274658203
    ],
    "child_model_run_time": [
        [
            22951532,
            22964594
        ]
    ],
    "execute_cost": 13.062000274658203,
    "finish_time": 22964605,
    "limit_cost_by_ms": 6.894999980926514,
    "model_name": "gpt128v2",
    "recv_time": 22951480,
    "tag": "244",
    "total_cost_by_ms": 13.125,
    "wait_cost": 0.06299972534179688
}
