{
    "child_model_execute_cost_by_ms": [
        13.256999969482422
    ],
    "child_model_run_time": [
        [
            22880730,
            22893987
        ]
    ],
    "execute_cost": 13.256999969482422,
    "finish_time": 22893995,
    "limit_cost_by_ms": 6.9683332443237305,
    "model_name": "gpt128v2",
    "recv_time": 22864421,
    "tag": "245",
    "total_cost_by_ms": 29.573999404907227,
    "wait_cost": 16.316999435424805
}
