{
    "child_model_execute_cost_by_ms": [
        11.84000015258789
    ],
    "child_model_run_time": [
        [
            22894047,
            22905887
        ]
    ],
    "execute_cost": 11.84000015258789,
    "finish_time": 22905897,
    "limit_cost_by_ms": 8.529666900634766,
    "model_name": "googlenet",
    "recv_time": 22880780,
    "tag": "246",
    "total_cost_by_ms": 25.117000579833984,
    "wait_cost": 13.277000427246094
}
