{
    "child_model_execute_cost_by_ms": [
        13.282999992370605,
        12.281000137329102
    ],
    "child_model_run_time": [
        [
            22905964,
            22919247
        ],
        [
            22919268,
            22931549
        ]
    ],
    "execute_cost": 25.56399917602539,
    "finish_time": 22931553,
    "limit_cost_by_ms": 18.771333694458008,
    "model_name": "resnet50",
    "recv_time": 22894117,
    "tag": "247",
    "total_cost_by_ms": 37.43600082397461,
    "wait_cost": 11.872001647949219
}
