{
    "child_model_execute_cost_by_ms": [
        20.64699935913086,
        16.018999099731445,
        18.312000274658203
    ],
    "child_model_run_time": [
        [
            22964630,
            22985277
        ],
        [
            23010395,
            23026414
        ],
        [
            23026444,
            23044756
        ]
    ],
    "execute_cost": 54.97800064086914,
    "finish_time": 23044759,
    "limit_cost_by_ms": 44.492332458496094,
    "model_name": "vgg19",
    "recv_time": 22955420,
    "tag": "245",
    "total_cost_by_ms": 89.33899688720703,
    "wait_cost": 34.36099624633789
}
