{
    "child_model_execute_cost_by_ms": [
        6.28000020980835
    ],
    "child_model_run_time": [
        [
            22931623,
            22937903
        ]
    ],
    "execute_cost": 6.28000020980835,
    "finish_time": 22937913,
    "limit_cost_by_ms": 5.815999984741211,
    "model_name": "yolov2",
    "recv_time": 22926860,
    "tag": "248",
    "total_cost_by_ms": 11.053000450134277,
    "wait_cost": 4.773000240325928
}
