{
    "child_model_execute_cost_by_ms": [
        10.16100025177002
    ],
    "child_model_run_time": [
        [
            23051602,
            23061763
        ]
    ],
    "execute_cost": 10.16100025177002,
    "finish_time": 23061768,
    "limit_cost_by_ms": 8.904333114624023,
    "model_name": "googlenet",
    "recv_time": 23026613,
    "tag": "248",
    "total_cost_by_ms": 35.154998779296875,
    "wait_cost": 24.993999481201172
}
