{
    "child_model_execute_cost_by_ms": [
        17.336000442504883,
        17.187000274658203,
        18.80699920654297
    ],
    "child_model_run_time": [
        [
            22846128,
            22863464
        ],
        [
            22863497,
            22880684
        ],
        [
            22938005,
            22956812
        ]
    ],
    "execute_cost": 53.33000183105469,
    "finish_time": 22956816,
    "limit_cost_by_ms": 44.79933166503906,
    "model_name": "vgg19",
    "recv_time": 22846083,
    "tag": "244",
    "total_cost_by_ms": 110.73300170898438,
    "wait_cost": 57.40299987792969
}
