{
    "child_model_execute_cost_by_ms": [
        13.267000198364258
    ],
    "child_model_run_time": [
        [
            22989873,
            23003140
        ]
    ],
    "execute_cost": 13.267000198364258,
    "finish_time": 23003152,
    "limit_cost_by_ms": 6.9683332443237305,
    "model_name": "gpt128v2",
    "recv_time": 22980319,
    "tag": "250",
    "total_cost_by_ms": 22.83300018310547,
    "wait_cost": 9.565999984741211
}
