{
    "child_model_execute_cost_by_ms": [
        11.843999862670898
    ],
    "child_model_run_time": [
        [
            23003243,
            23015087
        ]
    ],
    "execute_cost": 11.843999862670898,
    "finish_time": 23015096,
    "limit_cost_by_ms": 8.529666900634766,
    "model_name": "googlenet",
    "recv_time": 22992306,
    "tag": "251",
    "total_cost_by_ms": 22.790000915527344,
    "wait_cost": 10.946001052856445
}
