{
    "child_model_execute_cost_by_ms": [
        18.78700065612793,
        20.385000228881836,
        19.475000381469727
    ],
    "child_model_run_time": [
        [
            17793094,
            17811881
        ],
        [
            17824641,
            17845026
        ],
        [
            17851230,
            17870705
        ]
    ],
    "execute_cost": 58.647003173828125,
    "finish_time": 17870709,
    "limit_cost_by_ms": 44.79933166503906,
    "model_name": "vgg19",
    "recv_time": 17740298,
    "tag": "22",
    "total_cost_by_ms": 130.41099548339844,
    "wait_cost": 71.76399230957031
}
