{
    "child_model_execute_cost_by_ms": [
        6.099999904632568
    ],
    "child_model_run_time": [
        [
            23139364,
            23145464
        ]
    ],
    "execute_cost": 6.099999904632568,
    "finish_time": 23145473,
    "limit_cost_by_ms": 5.7816667556762695,
    "model_name": "yolov2",
    "recv_time": 23135931,
    "tag": "253",
    "total_cost_by_ms": 9.541999816894531,
    "wait_cost": 3.441999912261963
}
