{
    "child_model_execute_cost_by_ms": [
        5.571000099182129
    ],
    "child_model_run_time": [
        [
            23028783,
            23034354
        ]
    ],
    "execute_cost": 5.571000099182129,
    "finish_time": 23034364,
    "limit_cost_by_ms": 5.815999984741211,
    "model_name": "yolov2",
    "recv_time": 23023057,
    "tag": "253",
    "total_cost_by_ms": 11.307000160217285,
    "wait_cost": 5.736000061035156
}
