{
    "child_model_execute_cost_by_ms": [
        9.831999778747559
    ],
    "child_model_run_time": [
        [
            23145618,
            23155450
        ]
    ],
    "execute_cost": 9.831999778747559,
    "finish_time": 23155459,
    "limit_cost_by_ms": 8.904333114624023,
    "model_name": "googlenet",
    "recv_time": 23127775,
    "tag": "252",
    "total_cost_by_ms": 27.68400001525879,
    "wait_cost": 17.852001190185547
}
