{
    "child_model_execute_cost_by_ms": [
        20.839000701904297,
        16.70199966430664,
        20.240999221801758
    ],
    "child_model_run_time": [
        [
            23076163,
            23097002
        ],
        [
            23122621,
            23139323
        ],
        [
            23155674,
            23175915
        ]
    ],
    "execute_cost": 57.78199768066406,
    "finish_time": 23175918,
    "limit_cost_by_ms": 44.492332458496094,
    "model_name": "vgg19",
    "recv_time": 23076113,
    "tag": "250",
    "total_cost_by_ms": 99.80500030517578,
    "wait_cost": 42.02300262451172
}
