{
    "child_model_execute_cost_by_ms": [
        16.459999084472656,
        16.450000762939453,
        19.33300018310547
    ],
    "child_model_run_time": [
        [
            22956878,
            22973338
        ],
        [
            22973368,
            22989818
        ],
        [
            23046980,
            23066313
        ]
    ],
    "execute_cost": 52.24300003051758,
    "finish_time": 23066317,
    "limit_cost_by_ms": 44.79933166503906,
    "model_name": "vgg19",
    "recv_time": 22943295,
    "tag": "249",
    "total_cost_by_ms": 123.02200317382813,
    "wait_cost": 70.77900695800781
}
