{
    "child_model_execute_cost_by_ms": [
        13.255999565124512
    ],
    "child_model_run_time": [
        [
            23177153,
            23190409
        ]
    ],
    "execute_cost": 13.255999565124512,
    "finish_time": 23190419,
    "limit_cost_by_ms": 6.894999980926514,
    "model_name": "gpt128v2",
    "recv_time": 23177102,
    "tag": "254",
    "total_cost_by_ms": 13.317000389099121,
    "wait_cost": 0.061000823974609375
}
