{
    "child_model_execute_cost_by_ms": [
        11.717000007629395
    ],
    "child_model_run_time": [
        [
            23113659,
            23125376
        ]
    ],
    "execute_cost": 11.717000007629395,
    "finish_time": 23125386,
    "limit_cost_by_ms": 8.529666900634766,
    "model_name": "googlenet",
    "recv_time": 23108083,
    "tag": "256",
    "total_cost_by_ms": 17.30299949645996,
    "wait_cost": 5.585999488830566
}
