{
    "child_model_execute_cost_by_ms": [
        10.003000259399414
    ],
    "child_model_run_time": [
        [
            23257434,
            23267437
        ]
    ],
    "execute_cost": 10.003000259399414,
    "finish_time": 23267447,
    "limit_cost_by_ms": 8.904333114624023,
    "model_name": "googlenet",
    "recv_time": 23252782,
    "tag": "257",
    "total_cost_by_ms": 14.664999961853027,
    "wait_cost": 4.661999702453613
}
