{
    "child_model_execute_cost_by_ms": [
        12.82699966430664,
        12.137999534606934
    ],
    "child_model_run_time": [
        [
            23125604,
            23138431
        ],
        [
            23138468,
            23150606
        ]
    ],
    "execute_cost": 24.96500015258789,
    "finish_time": 23150610,
    "limit_cost_by_ms": 18.771333694458008,
    "model_name": "resnet50",
    "recv_time": 23118135,
    "tag": "257",
    "total_cost_by_ms": 32.474998474121094,
    "wait_cost": 7.509998321533203
}
