{
    "child_model_execute_cost_by_ms": [
        21.275999069213867,
        17.61400032043457,
        19.69300079345703
    ],
    "child_model_run_time": [
        [
            23190464,
            23211740
        ],
        [
            23211763,
            23229377
        ],
        [
            23267520,
            23287213
        ]
    ],
    "execute_cost": 58.58300018310547,
    "finish_time": 23287219,
    "limit_cost_by_ms": 44.492332458496094,
    "model_name": "vgg19",
    "recv_time": 23182389,
    "tag": "255",
    "total_cost_by_ms": 104.83000183105469,
    "wait_cost": 46.24700164794922
}
