{
    "child_model_execute_cost_by_ms": [
        6.2270002365112305
    ],
    "child_model_run_time": [
        [
            23150691,
            23156918
        ]
    ],
    "execute_cost": 6.2270002365112305,
    "finish_time": 23156929,
    "limit_cost_by_ms": 5.815999984741211,
    "model_name": "yolov2",
    "recv_time": 23138538,
    "tag": "258",
    "total_cost_by_ms": 18.391000747680664,
    "wait_cost": 12.164000511169434
}
