{
    "child_model_execute_cost_by_ms": [
        17.01799964904785,
        17.211000442504883,
        18.638999938964844
    ],
    "child_model_run_time": [
        [
            23066353,
            23083371
        ],
        [
            23083402,
            23100613
        ],
        [
            23157052,
            23175691
        ]
    ],
    "execute_cost": 52.86800003051758,
    "finish_time": 23175695,
    "limit_cost_by_ms": 44.79933166503906,
    "model_name": "vgg19",
    "recv_time": 23054956,
    "tag": "254",
    "total_cost_by_ms": 120.73899841308594,
    "wait_cost": 67.87100219726563
}
