{
    "child_model_execute_cost_by_ms": [
        13.770000457763672
    ],
    "child_model_run_time": [
        [
            23294994,
            23308764
        ]
    ],
    "execute_cost": 13.770000457763672,
    "finish_time": 23308776,
    "limit_cost_by_ms": 6.894999980926514,
    "model_name": "gpt128v2",
    "recv_time": 23294942,
    "tag": "259",
    "total_cost_by_ms": 13.833999633789063,
    "wait_cost": 0.06399917602539063
}
