{
    "child_model_execute_cost_by_ms": [
        9.562000274658203
    ],
    "child_model_run_time": [
        [
            23225632,
            23235194
        ]
    ],
    "execute_cost": 9.562000274658203,
    "finish_time": 23235203,
    "limit_cost_by_ms": 8.529666900634766,
    "model_name": "googlenet",
    "recv_time": 23208730,
    "tag": "261",
    "total_cost_by_ms": 26.472999572753906,
    "wait_cost": 16.910999298095703
}
