{
    "child_model_execute_cost_by_ms": [
        20.777000427246094,
        16.649999618530273,
        18.981000900268555
    ],
    "child_model_run_time": [
        [
            23308861,
            23329638
        ],
        [
            23329676,
            23346326
        ],
        [
            23346369,
            23365350
        ]
    ],
    "execute_cost": 56.40800476074219,
    "finish_time": 23365352,
    "limit_cost_by_ms": 44.492332458496094,
    "model_name": "vgg19",
    "recv_time": 23305843,
    "tag": "260",
    "total_cost_by_ms": 59.50899887084961,
    "wait_cost": 3.100994110107422
}
