{
    "child_model_execute_cost_by_ms": [
        9.506999969482422
    ],
    "child_model_run_time": [
        [
            17928372,
            17937879
        ]
    ],
    "execute_cost": 9.506999969482422,
    "finish_time": 17937889,
    "limit_cost_by_ms": 8.904333114624023,
    "model_name": "googlenet",
    "recv_time": 17909623,
    "tag": "28",
    "total_cost_by_ms": 28.266000747680664,
    "wait_cost": 18.759000778198242
}
