{
    "child_model_execute_cost_by_ms": [
        9.741000175476074
    ],
    "child_model_run_time": [
        [
            17870766,
            17880507
        ]
    ],
    "execute_cost": 9.741000175476074,
    "finish_time": 17880517,
    "limit_cost_by_ms": 8.529666900634766,
    "model_name": "googlenet",
    "recv_time": 17851443,
    "tag": "27",
    "total_cost_by_ms": 29.073999404907227,
    "wait_cost": 19.33300018310547
}
