{
    "child_model_execute_cost_by_ms": [
        6.163000106811523
    ],
    "child_model_run_time": [
        [
            23247862,
            23254025
        ]
    ],
    "execute_cost": 6.163000106811523,
    "finish_time": 23254035,
    "limit_cost_by_ms": 5.815999984741211,
    "model_name": "yolov2",
    "recv_time": 23238160,
    "tag": "263",
    "total_cost_by_ms": 15.875,
    "wait_cost": 9.711999893188477
}
