{
    "child_model_execute_cost_by_ms": [
        9.937999725341797
    ],
    "child_model_run_time": [
        [
            23365439,
            23375377
        ]
    ],
    "execute_cost": 9.937999725341797,
    "finish_time": 23375387,
    "limit_cost_by_ms": 8.904333114624023,
    "model_name": "googlenet",
    "recv_time": 23352424,
    "tag": "262",
    "total_cost_by_ms": 22.96299934387207,
    "wait_cost": 13.024999618530273
}
