{
    "child_model_execute_cost_by_ms": [
        12.543999671936035,
        11.79800033569336
    ],
    "child_model_run_time": [
        [
            23235274,
            23247818
        ],
        [
            23254161,
            23265959
        ]
    ],
    "execute_cost": 24.341999053955078,
    "finish_time": 23265965,
    "limit_cost_by_ms": 18.771333694458008,
    "model_name": "resnet50",
    "recv_time": 23225948,
    "tag": "262",
    "total_cost_by_ms": 40.016998291015625,
    "wait_cost": 15.674999237060547
}
