{
    "child_model_execute_cost_by_ms": [
        6.684999942779541
    ],
    "child_model_run_time": [
        [
            23375482,
            23382167
        ]
    ],
    "execute_cost": 6.684999942779541,
    "finish_time": 23382176,
    "limit_cost_by_ms": 5.7816667556762695,
    "model_name": "yolov2",
    "recv_time": 23368616,
    "tag": "263",
    "total_cost_by_ms": 13.5600004196167,
    "wait_cost": 6.875000476837158
}
