{
    "child_model_execute_cost_by_ms": [
        17.881000518798828,
        18.562999725341797,
        18.75
    ],
    "child_model_run_time": [
        [
            23175734,
            23193615
        ],
        [
            23207024,
            23225587
        ],
        [
            23266003,
            23284753
        ]
    ],
    "execute_cost": 55.194000244140625,
    "finish_time": 23284756,
    "limit_cost_by_ms": 44.79933166503906,
    "model_name": "vgg19",
    "recv_time": 23162853,
    "tag": "259",
    "total_cost_by_ms": 121.90299987792969,
    "wait_cost": 66.70899963378906
}
