{
    "child_model_execute_cost_by_ms": [
        13.098999977111816
    ],
    "child_model_run_time": [
        [
            23302688,
            23315787
        ]
    ],
    "execute_cost": 13.098999977111816,
    "finish_time": 23315796,
    "limit_cost_by_ms": 6.9683332443237305,
    "model_name": "gpt128v2",
    "recv_time": 23299652,
    "tag": "265",
    "total_cost_by_ms": 16.143999099731445,
    "wait_cost": 3.044999122619629
}
