{
    "child_model_execute_cost_by_ms": [
        14.206000328063965
    ],
    "child_model_run_time": [
        [
            23410942,
            23425148
        ]
    ],
    "execute_cost": 14.206000328063965,
    "finish_time": 23425158,
    "limit_cost_by_ms": 6.894999980926514,
    "model_name": "gpt128v2",
    "recv_time": 23410889,
    "tag": "264",
    "total_cost_by_ms": 14.269000053405762,
    "wait_cost": 0.06299972534179688
}
