{
    "child_model_execute_cost_by_ms": [
        17.840999603271484,
        18.902999877929688,
        19.159000396728516
    ],
    "child_model_run_time": [
        [
            23284795,
            23302636
        ],
        [
            23315821,
            23334724
        ],
        [
            23334757,
            23353916
        ]
    ],
    "execute_cost": 55.90299987792969,
    "finish_time": 23353919,
    "limit_cost_by_ms": 44.79933166503906,
    "model_name": "vgg19",
    "recv_time": 23278512,
    "tag": "264",
    "total_cost_by_ms": 75.40699768066406,
    "wait_cost": 19.503997802734375
}
