{
    "child_model_execute_cost_by_ms": [
        9.95199966430664
    ],
    "child_model_run_time": [
        [
            23353994,
            23363946
        ]
    ],
    "execute_cost": 9.95199966430664,
    "finish_time": 23363961,
    "limit_cost_by_ms": 8.529666900634766,
    "model_name": "googlenet",
    "recv_time": 23341897,
    "tag": "267",
    "total_cost_by_ms": 22.06399917602539,
    "wait_cost": 12.11199951171875
}
