{
    "child_model_execute_cost_by_ms": [
        6.618000030517578
    ],
    "child_model_run_time": [
        [
            23364064,
            23370682
        ]
    ],
    "execute_cost": 6.618000030517578,
    "finish_time": 23370692,
    "limit_cost_by_ms": 5.815999984741211,
    "model_name": "yolov2",
    "recv_time": 23358110,
    "tag": "268",
    "total_cost_by_ms": 12.581999778747559,
    "wait_cost": 5.9639997482299805
}
