{
    "child_model_execute_cost_by_ms": [
        20.785999298095703,
        16.739999771118164,
        19.461999893188477
    ],
    "child_model_run_time": [
        [
            23425242,
            23446028
        ],
        [
            23446061,
            23462801
        ],
        [
            23507032,
            23526494
        ]
    ],
    "execute_cost": 56.987998962402344,
    "finish_time": 23526497,
    "limit_cost_by_ms": 44.492332458496094,
    "model_name": "vgg19",
    "recv_time": 23421418,
    "tag": "265",
    "total_cost_by_ms": 105.0790023803711,
    "wait_cost": 48.09100341796875
}
