{
    "child_model_execute_cost_by_ms": [
        14.930999755859375,
        13.25
    ],
    "child_model_run_time": [
        [
            23370771,
            23385702
        ],
        [
            23385777,
            23399027
        ]
    ],
    "execute_cost": 28.180999755859375,
    "finish_time": 23399032,
    "limit_cost_by_ms": 18.771333694458008,
    "model_name": "resnet50",
    "recv_time": 23337813,
    "tag": "266",
    "total_cost_by_ms": 61.21900177001953,
    "wait_cost": 33.038002014160156
}
