{
    "child_model_execute_cost_by_ms": [
        13.564000129699707
    ],
    "child_model_run_time": [
        [
            23546334,
            23559898
        ]
    ],
    "execute_cost": 13.564000129699707,
    "finish_time": 23559909,
    "limit_cost_by_ms": 6.894999980926514,
    "model_name": "gpt128v2",
    "recv_time": 23546322,
    "tag": "270",
    "total_cost_by_ms": 13.586999893188477,
    "wait_cost": 0.02299976348876953
}
