{
    "child_model_execute_cost_by_ms": [
        6.211999893188477
    ],
    "child_model_run_time": [
        [
            23464843,
            23471055
        ]
    ],
    "execute_cost": 6.211999893188477,
    "finish_time": 23471065,
    "limit_cost_by_ms": 5.815999984741211,
    "model_name": "yolov2",
    "recv_time": 23458179,
    "tag": "273",
    "total_cost_by_ms": 12.88599967956543,
    "wait_cost": 6.673999786376953
}
