{
    "child_model_execute_cost_by_ms": [
        14.022000312805176,
        13.678999900817871
    ],
    "child_model_run_time": [
        [
            17955919,
            17969941
        ],
        [
            17969979,
            17983658
        ]
    ],
    "execute_cost": 27.701000213623047,
    "finish_time": 17983663,
    "limit_cost_by_ms": 18.256332397460938,
    "model_name": "resnet50",
    "recv_time": 17938161,
    "tag": "29",
    "total_cost_by_ms": 45.50199890136719,
    "wait_cost": 17.80099868774414
}
