{
    "child_model_execute_cost_by_ms": [
        14.411999702453613,
        13.991999626159668
    ],
    "child_model_run_time": [
        [
            17898785,
            17913197
        ],
        [
            17913241,
            17927233
        ]
    ],
    "execute_cost": 28.40399932861328,
    "finish_time": 17927239,
    "limit_cost_by_ms": 18.771333694458008,
    "model_name": "resnet50",
    "recv_time": 17888727,
    "tag": "29",
    "total_cost_by_ms": 38.512001037597656,
    "wait_cost": 10.108001708984375
}
