{
    "child_model_execute_cost_by_ms": [
        9.763999938964844
    ],
    "child_model_run_time": [
        [
            23471343,
            23481107
        ]
    ],
    "execute_cost": 9.763999938964844,
    "finish_time": 23481117,
    "limit_cost_by_ms": 8.529666900634766,
    "model_name": "googlenet",
    "recv_time": 23454063,
    "tag": "272",
    "total_cost_by_ms": 27.054000854492188,
    "wait_cost": 17.290000915527344
}
