{
    "child_model_execute_cost_by_ms": [
        6.244999885559082
    ],
    "child_model_run_time": [
        [
            23607771,
            23614016
        ]
    ],
    "execute_cost": 6.244999885559082,
    "finish_time": 23614025,
    "limit_cost_by_ms": 5.7816667556762695,
    "model_name": "yolov2",
    "recv_time": 23600105,
    "tag": "273",
    "total_cost_by_ms": 13.920000076293945,
    "wait_cost": 7.675000190734863
}
