{
    "child_model_execute_cost_by_ms": [
        14.520999908447266,
        13.501999855041504
    ],
    "child_model_run_time": [
        [
            23450145,
            23464666
        ],
        [
            23481175,
            23494677
        ]
    ],
    "execute_cost": 28.022998809814453,
    "finish_time": 23494684,
    "limit_cost_by_ms": 18.771333694458008,
    "model_name": "resnet50",
    "recv_time": 23437906,
    "tag": "271",
    "total_cost_by_ms": 56.77799987792969,
    "wait_cost": 28.755001068115234
}
