{
    "child_model_execute_cost_by_ms": [
        9.84000015258789
    ],
    "child_model_run_time": [
        [
            23614134,
            23623974
        ]
    ],
    "execute_cost": 9.84000015258789,
    "finish_time": 23623985,
    "limit_cost_by_ms": 8.904333114624023,
    "model_name": "googlenet",
    "recv_time": 23595995,
    "tag": "272",
    "total_cost_by_ms": 27.989999771118164,
    "wait_cost": 18.149999618530273
}
