{
    "child_model_execute_cost_by_ms": [
        20.30699920654297,
        16.881000518798828,
        20.23699951171875
    ],
    "child_model_run_time": [
        [
            23412897,
            23433204
        ],
        [
            23433233,
            23450114
        ],
        [
            23494698,
            23514935
        ]
    ],
    "execute_cost": 57.42499923706055,
    "finish_time": 23514942,
    "limit_cost_by_ms": 44.79933166503906,
    "model_name": "vgg19",
    "recv_time": 23394638,
    "tag": "269",
    "total_cost_by_ms": 120.30400085449219,
    "wait_cost": 62.87900161743164
}
