{
    "child_model_execute_cost_by_ms": [
        18.43199920654297,
        20.32699966430664,
        19.726999282836914
    ],
    "child_model_run_time": [
        [
            23526926,
            23545358
        ],
        [
            23559923,
            23580250
        ],
        [
            23624025,
            23643752
        ]
    ],
    "execute_cost": 58.486000061035156,
    "finish_time": 23643755,
    "limit_cost_by_ms": 44.492332458496094,
    "model_name": "vgg19",
    "recv_time": 23526874,
    "tag": "269",
    "total_cost_by_ms": 116.88099670410156,
    "wait_cost": 58.394996643066406
}
