{
    "child_model_execute_cost_by_ms": [
        13.333000183105469
    ],
    "child_model_run_time": [
        [
            23664178,
            23677511
        ]
    ],
    "execute_cost": 13.333000183105469,
    "finish_time": 23677522,
    "limit_cost_by_ms": 6.894999980926514,
    "model_name": "gpt128v2",
    "recv_time": 23648011,
    "tag": "275",
    "total_cost_by_ms": 29.51099967956543,
    "wait_cost": 16.17799949645996
}
