{
    "child_model_execute_cost_by_ms": [
        13.993000030517578
    ],
    "child_model_run_time": [
        [
            23514996,
            23528989
        ]
    ],
    "execute_cost": 13.993000030517578,
    "finish_time": 23529001,
    "limit_cost_by_ms": 6.9683332443237305,
    "model_name": "gpt128v2",
    "recv_time": 23499857,
    "tag": "274",
    "total_cost_by_ms": 29.143999099731445,
    "wait_cost": 15.150999069213867
}
