{
    "child_model_execute_cost_by_ms": [
        20.5939998626709,
        16.761999130249023,
        19.02400016784668
    ],
    "child_model_run_time": [
        [
            23529017,
            23549611
        ],
        [
            23549698,
            23566460
        ],
        [
            23566491,
            23585515
        ]
    ],
    "execute_cost": 56.37999725341797,
    "finish_time": 23585518,
    "limit_cost_by_ms": 44.79933166503906,
    "model_name": "vgg19",
    "recv_time": 23507939,
    "tag": "275",
    "total_cost_by_ms": 77.5790023803711,
    "wait_cost": 21.199005126953125
}
