{
    "child_model_execute_cost_by_ms": [
        9.949000358581543
    ],
    "child_model_run_time": [
        [
            23726332,
            23736281
        ]
    ],
    "execute_cost": 9.949000358581543,
    "finish_time": 23736289,
    "limit_cost_by_ms": 8.904333114624023,
    "model_name": "googlenet",
    "recv_time": 23714465,
    "tag": "277",
    "total_cost_by_ms": 21.823999404907227,
    "wait_cost": 11.874999046325684
}
