{
    "child_model_execute_cost_by_ms": [
        6.690000057220459
    ],
    "child_model_run_time": [
        [
            23585631,
            23592321
        ]
    ],
    "execute_cost": 6.690000057220459,
    "finish_time": 23592332,
    "limit_cost_by_ms": 5.815999984741211,
    "model_name": "yolov2",
    "recv_time": 23570652,
    "tag": "276",
    "total_cost_by_ms": 21.68000030517578,
    "wait_cost": 14.989999771118164
}
