{
    "child_model_execute_cost_by_ms": [
        9.859000205993652
    ],
    "child_model_run_time": [
        [
            23592429,
            23602288
        ]
    ],
    "execute_cost": 9.859000205993652,
    "finish_time": 23602298,
    "limit_cost_by_ms": 8.529666900634766,
    "model_name": "googlenet",
    "recv_time": 23586915,
    "tag": "278",
    "total_cost_by_ms": 15.383000373840332,
    "wait_cost": 5.52400016784668
}
