{
    "child_model_execute_cost_by_ms": [
        6.323999881744385
    ],
    "child_model_run_time": [
        [
            23736388,
            23742712
        ]
    ],
    "execute_cost": 6.323999881744385,
    "finish_time": 23742722,
    "limit_cost_by_ms": 5.7816667556762695,
    "model_name": "yolov2",
    "recv_time": 23730724,
    "tag": "278",
    "total_cost_by_ms": 11.998000144958496,
    "wait_cost": 5.674000263214111
}
