{
    "child_model_execute_cost_by_ms": [
        14.352999687194824,
        12.66100025177002
    ],
    "child_model_run_time": [
        [
            23602508,
            23616861
        ],
        [
            23616887,
            23629548
        ]
    ],
    "execute_cost": 27.013999938964844,
    "finish_time": 23629551,
    "limit_cost_by_ms": 18.771333694458008,
    "model_name": "resnet50",
    "recv_time": 23574744,
    "tag": "277",
    "total_cost_by_ms": 54.80699920654297,
    "wait_cost": 27.792999267578125
}
