{
    "child_model_execute_cost_by_ms": [
        20.038000106811523,
        20.28700065612793,
        19.66900062561035
    ],
    "child_model_run_time": [
        [
            23644100,
            23664138
        ],
        [
            23677552,
            23697839
        ],
        [
            23742741,
            23762410
        ]
    ],
    "execute_cost": 59.99400329589844,
    "finish_time": 23762413,
    "limit_cost_by_ms": 44.492332458496094,
    "model_name": "vgg19",
    "recv_time": 23644052,
    "tag": "274",
    "total_cost_by_ms": 118.36100006103516,
    "wait_cost": 58.36699676513672
}
