{
    "child_model_execute_cost_by_ms": [
        13.118000030517578
    ],
    "child_model_run_time": [
        [
            23649286,
            23662404
        ]
    ],
    "execute_cost": 13.118000030517578,
    "finish_time": 23662413,
    "limit_cost_by_ms": 6.9683332443237305,
    "model_name": "gpt128v2",
    "recv_time": 23630781,
    "tag": "280",
    "total_cost_by_ms": 31.631999969482422,
    "wait_cost": 18.513999938964844
}
