{
    "child_model_execute_cost_by_ms": [
        19.264999389648438,
        17.822999954223633,
        21.148000717163086
    ],
    "child_model_run_time": [
        [
            23762818,
            23782083
        ],
        [
            23782119,
            23799942
        ],
        [
            23813414,
            23834562
        ]
    ],
    "execute_cost": 58.236000061035156,
    "finish_time": 23834566,
    "limit_cost_by_ms": 44.492332458496094,
    "model_name": "vgg19",
    "recv_time": 23762760,
    "tag": "279",
    "total_cost_by_ms": 71.80599975585938,
    "wait_cost": 13.569999694824219
}
