{
    "child_model_execute_cost_by_ms": [
        6.107999801635742
    ],
    "child_model_run_time": [
        [
            23682356,
            23688464
        ]
    ],
    "execute_cost": 6.107999801635742,
    "finish_time": 23688475,
    "limit_cost_by_ms": 5.815999984741211,
    "model_name": "yolov2",
    "recv_time": 23668751,
    "tag": "281",
    "total_cost_by_ms": 19.724000930786133,
    "wait_cost": 13.61600112915039
}
