{
    "child_model_execute_cost_by_ms": [
        13.413999557495117
    ],
    "child_model_run_time": [
        [
            17983882,
            17997296
        ]
    ],
    "execute_cost": 13.413999557495117,
    "finish_time": 17997306,
    "limit_cost_by_ms": 6.894999980926514,
    "model_name": "gpt128v2",
    "recv_time": 17978676,
    "tag": "30",
    "total_cost_by_ms": 18.6299991607666,
    "wait_cost": 5.215999603271484
}
