{
    "child_model_execute_cost_by_ms": [
        6.2829999923706055
    ],
    "child_model_run_time": [
        [
            23834656,
            23840939
        ]
    ],
    "execute_cost": 6.2829999923706055,
    "finish_time": 23840947,
    "limit_cost_by_ms": 5.7816667556762695,
    "model_name": "yolov2",
    "recv_time": 23828501,
    "tag": "282",
    "total_cost_by_ms": 12.446000099182129,
    "wait_cost": 6.163000106811523
}
