{
    "child_model_execute_cost_by_ms": [
        19.36400032043457,
        19.746000289916992,
        19.326000213623047
    ],
    "child_model_run_time": [
        [
            23629870,
            23649234
        ],
        [
            23662557,
            23682303
        ],
        [
            23688574,
            23707900
        ]
    ],
    "execute_cost": 58.43600082397461,
    "finish_time": 23707904,
    "limit_cost_by_ms": 44.79933166503906,
    "model_name": "vgg19",
    "recv_time": 23629828,
    "tag": "279",
    "total_cost_by_ms": 78.07599639892578,
    "wait_cost": 19.639995574951172
}
