{
    "child_model_execute_cost_by_ms": [
        9.793999671936035
    ],
    "child_model_run_time": [
        [
            23856759,
            23866553
        ]
    ],
    "execute_cost": 9.793999671936035,
    "finish_time": 23866560,
    "limit_cost_by_ms": 8.904333114624023,
    "model_name": "googlenet",
    "recv_time": 23841284,
    "tag": "283",
    "total_cost_by_ms": 25.275999069213867,
    "wait_cost": 15.481999397277832
}
