{
    "child_model_execute_cost_by_ms": [
        9.789999961853027
    ],
    "child_model_run_time": [
        [
            23708232,
            23718022
        ]
    ],
    "execute_cost": 9.789999961853027,
    "finish_time": 23718032,
    "limit_cost_by_ms": 8.529666900634766,
    "model_name": "googlenet",
    "recv_time": 23701193,
    "tag": "283",
    "total_cost_by_ms": 16.839000701904297,
    "wait_cost": 7.0490007400512695
}
