{
    "child_model_execute_cost_by_ms": [
        15.60099983215332,
        13.642999649047852
    ],
    "child_model_run_time": [
        [
            23841045,
            23856646
        ],
        [
            23866688,
            23880331
        ]
    ],
    "execute_cost": 29.243999481201172,
    "finish_time": 23880334,
    "limit_cost_by_ms": 18.256332397460938,
    "model_name": "resnet50",
    "recv_time": 23820319,
    "tag": "281",
    "total_cost_by_ms": 60.01499938964844,
    "wait_cost": 30.770999908447266
}
