{
    "child_model_execute_cost_by_ms": [
        15.005999565124512,
        13.307999610900879
    ],
    "child_model_run_time": [
        [
            23718104,
            23733110
        ],
        [
            23733154,
            23746462
        ]
    ],
    "execute_cost": 28.31399917602539,
    "finish_time": 23746469,
    "limit_cost_by_ms": 18.771333694458008,
    "model_name": "resnet50",
    "recv_time": 23689002,
    "tag": "282",
    "total_cost_by_ms": 57.46699905395508,
    "wait_cost": 29.152999877929688
}
