{
    "child_model_execute_cost_by_ms": [
        13.357999801635742
    ],
    "child_model_run_time": [
        [
            23917914,
            23931272
        ]
    ],
    "execute_cost": 13.357999801635742,
    "finish_time": 23931280,
    "limit_cost_by_ms": 6.894999980926514,
    "model_name": "gpt128v2",
    "recv_time": 23903417,
    "tag": "285",
    "total_cost_by_ms": 27.863000869750977,
    "wait_cost": 14.505001068115234
}
