{
    "child_model_execute_cost_by_ms": [
        6.059000015258789
    ],
    "child_model_run_time": [
        [
            23948168,
            23954227
        ]
    ],
    "execute_cost": 6.059000015258789,
    "finish_time": 23954237,
    "limit_cost_by_ms": 5.7816667556762695,
    "model_name": "yolov2",
    "recv_time": 23937709,
    "tag": "287",
    "total_cost_by_ms": 16.527999877929688,
    "wait_cost": 10.468999862670898
}
