{
    "child_model_execute_cost_by_ms": [
        9.543999671936035
    ],
    "child_model_run_time": [
        [
            23820867,
            23830411
        ]
    ],
    "execute_cost": 9.543999671936035,
    "finish_time": 23830421,
    "limit_cost_by_ms": 8.529666900634766,
    "model_name": "googlenet",
    "recv_time": 23806235,
    "tag": "288",
    "total_cost_by_ms": 24.18600082397461,
    "wait_cost": 14.642001152038574
}
