{
    "child_model_execute_cost_by_ms": [
        14.425000190734863,
        13.37600040435791
    ],
    "child_model_run_time": [
        [
            23806290,
            23820715
        ],
        [
            23830502,
            23843878
        ]
    ],
    "execute_cost": 27.801000595092773,
    "finish_time": 23843885,
    "limit_cost_by_ms": 18.771333694458008,
    "model_name": "resnet50",
    "recv_time": 23793261,
    "tag": "287",
    "total_cost_by_ms": 50.624000549316406,
    "wait_cost": 22.822999954223633
}
