{
    "child_model_execute_cost_by_ms": [
        19.302000045776367,
        17.82900047302246,
        19.613000869750977
    ],
    "child_model_run_time": [
        [
            23880703,
            23900005
        ],
        [
            23900041,
            23917870
        ],
        [
            23967706,
            23987319
        ]
    ],
    "execute_cost": 56.74400329589844,
    "finish_time": 23987325,
    "limit_cost_by_ms": 44.492332458496094,
    "model_name": "vgg19",
    "recv_time": 23880638,
    "tag": "284",
    "total_cost_by_ms": 106.68699645996094,
    "wait_cost": 49.9429931640625
}
