{
    "child_model_execute_cost_by_ms": [
        20.030000686645508,
        20.222999572753906,
        19.479000091552734
    ],
    "child_model_run_time": [
        [
            23746505,
            23766535
        ],
        [
            23779625,
            23799848
        ],
        [
            23843957,
            23863436
        ]
    ],
    "execute_cost": 59.731998443603516,
    "finish_time": 23863443,
    "limit_cost_by_ms": 44.79933166503906,
    "model_name": "vgg19",
    "recv_time": 23737645,
    "tag": "284",
    "total_cost_by_ms": 125.7979965209961,
    "wait_cost": 66.06599426269531
}
