{
    "child_model_execute_cost_by_ms": [
        12.932999610900879
    ],
    "child_model_run_time": [
        [
            23882436,
            23895369
        ]
    ],
    "execute_cost": 12.932999610900879,
    "finish_time": 23895379,
    "limit_cost_by_ms": 6.9683332443237305,
    "model_name": "gpt128v2",
    "recv_time": 23875015,
    "tag": "290",
    "total_cost_by_ms": 20.36400032043457,
    "wait_cost": 7.431000709533691
}
