{
    "child_model_execute_cost_by_ms": [
        6.270999908447266
    ],
    "child_model_run_time": [
        [
            23912725,
            23918996
        ]
    ],
    "execute_cost": 6.270999908447266,
    "finish_time": 23919006,
    "limit_cost_by_ms": 5.815999984741211,
    "model_name": "yolov2",
    "recv_time": 23897610,
    "tag": "292",
    "total_cost_by_ms": 21.395999908447266,
    "wait_cost": 15.125
}
