{
    "child_model_execute_cost_by_ms": [
        18.746000289916992,
        17.9060001373291,
        21.302000045776367
    ],
    "child_model_run_time": [
        [
            17909577,
            17928323
        ],
        [
            17937961,
            17955867
        ],
        [
            17997337,
            18018639
        ]
    ],
    "execute_cost": 57.954002380371094,
    "finish_time": 18018642,
    "limit_cost_by_ms": 44.492332458496094,
    "model_name": "vgg19",
    "recv_time": 17909531,
    "tag": "27",
    "total_cost_by_ms": 109.11100006103516,
    "wait_cost": 51.15699768066406
}
