{
    "child_model_execute_cost_by_ms": [
        6.585999965667725
    ],
    "child_model_run_time": [
        [
            17961278,
            17967864
        ]
    ],
    "execute_cost": 6.585999965667725,
    "finish_time": 17967874,
    "limit_cost_by_ms": 5.815999984741211,
    "model_name": "yolov2",
    "recv_time": 17944126,
    "tag": "31",
    "total_cost_by_ms": 23.74799919128418,
    "wait_cost": 17.161998748779297
}
