{
    "child_model_execute_cost_by_ms": [
        9.71399974822998
    ],
    "child_model_run_time": [
        [
            23919144,
            23928858
        ]
    ],
    "execute_cost": 9.71399974822998,
    "finish_time": 23928869,
    "limit_cost_by_ms": 8.529666900634766,
    "model_name": "googlenet",
    "recv_time": 23901326,
    "tag": "293",
    "total_cost_by_ms": 27.542999267578125,
    "wait_cost": 17.828998565673828
}
