{
    "child_model_execute_cost_by_ms": [
        21.12299919128418,
        17.364999771118164,
        19.083999633789063
    ],
    "child_model_run_time": [
        [
            24012256,
            24033379
        ],
        [
            24033402,
            24050767
        ],
        [
            24084803,
            24103887
        ]
    ],
    "execute_cost": 57.571998596191406,
    "finish_time": 24103891,
    "limit_cost_by_ms": 44.492332458496094,
    "model_name": "vgg19",
    "recv_time": 23999934,
    "tag": "290",
    "total_cost_by_ms": 103.95700073242188,
    "wait_cost": 46.38500213623047
}
