{
    "child_model_execute_cost_by_ms": [
        17.224000930786133,
        13.652999877929688
    ],
    "child_model_run_time": [
        [
            23895407,
            23912631
        ],
        [
            23928945,
            23942598
        ]
    ],
    "execute_cost": 30.87700080871582,
    "finish_time": 23942608,
    "limit_cost_by_ms": 18.771333694458008,
    "model_name": "resnet50",
    "recv_time": 23891025,
    "tag": "291",
    "total_cost_by_ms": 51.58300018310547,
    "wait_cost": 20.70599937438965
}
