{
    "child_model_execute_cost_by_ms": [
        18.900999069213867,
        18.26300048828125,
        19.025999069213867
    ],
    "child_model_run_time": [
        [
            23863489,
            23882390
        ],
        [
            23942650,
            23960913
        ],
        [
            23961013,
            23980039
        ]
    ],
    "execute_cost": 56.19000244140625,
    "finish_time": 23980043,
    "limit_cost_by_ms": 44.79933166503906,
    "model_name": "vgg19",
    "recv_time": 23841746,
    "tag": "289",
    "total_cost_by_ms": 138.2969970703125,
    "wait_cost": 82.10699462890625
}
