{
    "child_model_execute_cost_by_ms": [
        10.14799976348877
    ],
    "child_model_run_time": [
        [
            24103959,
            24114107
        ]
    ],
    "execute_cost": 10.14799976348877,
    "finish_time": 24114111,
    "limit_cost_by_ms": 8.904333114624023,
    "model_name": "googlenet",
    "recv_time": 24086620,
    "tag": "293",
    "total_cost_by_ms": 27.490999221801758,
    "wait_cost": 17.342998504638672
}
