{
    "child_model_execute_cost_by_ms": [
        12.711000442504883
    ],
    "child_model_run_time": [
        [
            23998365,
            24011076
        ]
    ],
    "execute_cost": 12.711000442504883,
    "finish_time": 24011088,
    "limit_cost_by_ms": 6.9683332443237305,
    "model_name": "gpt128v2",
    "recv_time": 23998312,
    "tag": "295",
    "total_cost_by_ms": 12.776000022888184,
    "wait_cost": 0.06499958038330078
}
