{
    "child_model_execute_cost_by_ms": [
        6.343999862670898
    ],
    "child_model_run_time": [
        [
            24029951,
            24036295
        ]
    ],
    "execute_cost": 6.343999862670898,
    "finish_time": 24036306,
    "limit_cost_by_ms": 5.815999984741211,
    "model_name": "yolov2",
    "recv_time": 24020339,
    "tag": "297",
    "total_cost_by_ms": 15.967000007629395,
    "wait_cost": 9.623000144958496
}
