{
    "child_model_execute_cost_by_ms": [
        9.72700023651123
    ],
    "child_model_run_time": [
        [
            24036330,
            24046057
        ]
    ],
    "execute_cost": 9.72700023651123,
    "finish_time": 24046068,
    "limit_cost_by_ms": 8.529666900634766,
    "model_name": "googlenet",
    "recv_time": 24013255,
    "tag": "296",
    "total_cost_by_ms": 32.8129997253418,
    "wait_cost": 23.08599853515625
}
