{
    "child_model_execute_cost_by_ms": [
        14.482999801635742,
        12.572999954223633
    ],
    "child_model_run_time": [
        [
            24046144,
            24060627
        ],
        [
            24060663,
            24073236
        ]
    ],
    "execute_cost": 27.055999755859375,
    "finish_time": 24073241,
    "limit_cost_by_ms": 18.771333694458008,
    "model_name": "resnet50",
    "recv_time": 24024428,
    "tag": "298",
    "total_cost_by_ms": 48.8129997253418,
    "wait_cost": 21.756999969482422
}
