{
    "child_model_execute_cost_by_ms": [
        19.864999771118164,
        18.297000885009766,
        19.615999221801758
    ],
    "child_model_run_time": [
        [
            24114459,
            24134324
        ],
        [
            24177294,
            24195591
        ],
        [
            24201899,
            24221515
        ]
    ],
    "execute_cost": 57.77799987792969,
    "finish_time": 24221520,
    "limit_cost_by_ms": 44.492332458496094,
    "model_name": "vgg19",
    "recv_time": 24114383,
    "tag": "294",
    "total_cost_by_ms": 107.13700103759766,
    "wait_cost": 49.35900115966797
}
