{
    "child_model_execute_cost_by_ms": [
        10.027000427246094
    ],
    "child_model_run_time": [
        [
            24221759,
            24231786
        ]
    ],
    "execute_cost": 10.027000427246094,
    "finish_time": 24231791,
    "limit_cost_by_ms": 8.904333114624023,
    "model_name": "googlenet",
    "recv_time": 24214641,
    "tag": "298",
    "total_cost_by_ms": 17.149999618530273,
    "wait_cost": 7.12299919128418
}
