{
    "child_model_execute_cost_by_ms": [
        17.155000686645508,
        18.78499984741211,
        19.582000732421875
    ],
    "child_model_run_time": [
        [
            23980084,
            23997239
        ],
        [
            24011099,
            24029884
        ],
        [
            24073307,
            24092889
        ]
    ],
    "execute_cost": 55.522003173828125,
    "finish_time": 24092896,
    "limit_cost_by_ms": 44.79933166503906,
    "model_name": "vgg19",
    "recv_time": 23949856,
    "tag": "294",
    "total_cost_by_ms": 143.0399932861328,
    "wait_cost": 87.51799011230469
}
