{
    "child_model_execute_cost_by_ms": [
        13.607000350952148
    ],
    "child_model_run_time": [
        [
            24233278,
            24246885
        ]
    ],
    "execute_cost": 13.607000350952148,
    "finish_time": 24246896,
    "limit_cost_by_ms": 6.894999980926514,
    "model_name": "gpt128v2",
    "recv_time": 24233180,
    "tag": "299",
    "total_cost_by_ms": 13.715999603271484,
    "wait_cost": 0.10899925231933594
}
