{
    "child_model_execute_cost_by_ms": [
        6.656000137329102
    ],
    "child_model_run_time": [
        [
            24138371,
            24145027
        ]
    ],
    "execute_cost": 6.656000137329102,
    "finish_time": 24145035,
    "limit_cost_by_ms": 5.815999984741211,
    "model_name": "yolov2",
    "recv_time": 24130419,
    "tag": "303",
    "total_cost_by_ms": 14.616000175476074,
    "wait_cost": 7.960000038146973
}
