{
    "child_model_execute_cost_by_ms": [
        15.954000473022461,
        14.79800033569336
    ],
    "child_model_run_time": [
        [
            17337693,
            17353647
        ],
        [
            17353742,
            17368540
        ]
    ],
    "execute_cost": 30.75200080871582,
    "finish_time": 17368547,
    "limit_cost_by_ms": 18.256332397460938,
    "model_name": "resnet50",
    "recv_time": 17308636,
    "tag": "3",
    "total_cost_by_ms": 59.9109992980957,
    "wait_cost": 29.158998489379883
}
