{
    "child_model_execute_cost_by_ms": [
        15.517000198364258,
        14.730999946594238
    ],
    "child_model_run_time": [
        [
            17306007,
            17321524
        ],
        [
            17321553,
            17336284
        ]
    ],
    "execute_cost": 30.248001098632813,
    "finish_time": 17336289,
    "limit_cost_by_ms": 18.771333694458008,
    "model_name": "resnet50",
    "recv_time": 17271610,
    "tag": "3",
    "total_cost_by_ms": 64.67900085449219,
    "wait_cost": 34.430999755859375
}
