{
    "child_model_execute_cost_by_ms": [
        6.238999843597412
    ],
    "child_model_run_time": [
        [
            18019004,
            18025243
        ]
    ],
    "execute_cost": 6.238999843597412,
    "finish_time": 18025248,
    "limit_cost_by_ms": 5.7816667556762695,
    "model_name": "yolov2",
    "recv_time": 18018943,
    "tag": "31",
    "total_cost_by_ms": 6.304999828338623,
    "wait_cost": 0.06599998474121094
}
