{
    "child_model_execute_cost_by_ms": [
        10.017999649047852
    ],
    "child_model_run_time": [
        [
            17967996,
            17978014
        ]
    ],
    "execute_cost": 10.017999649047852,
    "finish_time": 17978024,
    "limit_cost_by_ms": 8.529666900634766,
    "model_name": "googlenet",
    "recv_time": 17961331,
    "tag": "32",
    "total_cost_by_ms": 16.69300079345703,
    "wait_cost": 6.67500114440918
}
