{
    "child_model_execute_cost_by_ms": [
        13.730999946594238
    ],
    "child_model_run_time": [
        [
            24145354,
            24159085
        ]
    ],
    "execute_cost": 13.730999946594238,
    "finish_time": 24159096,
    "limit_cost_by_ms": 6.9683332443237305,
    "model_name": "gpt128v2",
    "recv_time": 24130346,
    "tag": "302",
    "total_cost_by_ms": 28.75,
    "wait_cost": 15.019000053405762
}
