{
    "child_model_execute_cost_by_ms": [
        20.95400047302246,
        18.7549991607666,
        19.60099983215332
    ],
    "child_model_run_time": [
        [
            24246971,
            24267925
        ],
        [
            24296314,
            24315069
        ],
        [
            24321440,
            24341041
        ]
    ],
    "execute_cost": 59.30999755859375,
    "finish_time": 24341049,
    "limit_cost_by_ms": 44.492332458496094,
    "model_name": "vgg19",
    "recv_time": 24233764,
    "tag": "300",
    "total_cost_by_ms": 107.28500366210938,
    "wait_cost": 47.975006103515625
}
