{
    "child_model_execute_cost_by_ms": [
        17.04199981689453,
        12.550000190734863
    ],
    "child_model_run_time": [
        [
            24159133,
            24176175
        ],
        [
            24176214,
            24188764
        ]
    ],
    "execute_cost": 29.591999053955078,
    "finish_time": 24188769,
    "limit_cost_by_ms": 18.771333694458008,
    "model_name": "resnet50",
    "recv_time": 24127243,
    "tag": "301",
    "total_cost_by_ms": 61.5260009765625,
    "wait_cost": 31.934001922607422
}
