{
    "child_model_execute_cost_by_ms": [
        17.69700050354004,
        16.483999252319336,
        19.47800064086914
    ],
    "child_model_run_time": [
        [
            24092938,
            24110635
        ],
        [
            24110665,
            24127149
        ],
        [
            24188894,
            24208372
        ]
    ],
    "execute_cost": 53.659000396728516,
    "finish_time": 24208378,
    "limit_cost_by_ms": 44.79933166503906,
    "model_name": "vgg19",
    "recv_time": 24064799,
    "tag": "299",
    "total_cost_by_ms": 143.57899475097656,
    "wait_cost": 89.91999816894531
}
