{
    "child_model_execute_cost_by_ms": [
        10.47700023651123
    ],
    "child_model_run_time": [
        [
            24341147,
            24351624
        ]
    ],
    "execute_cost": 10.47700023651123,
    "finish_time": 24351629,
    "limit_cost_by_ms": 8.904333114624023,
    "model_name": "googlenet",
    "recv_time": 24329015,
    "tag": "303",
    "total_cost_by_ms": 22.61400032043457,
    "wait_cost": 12.13700008392334
}
