{
    "child_model_execute_cost_by_ms": [
        12.708000183105469
    ],
    "child_model_run_time": [
        [
            24352937,
            24365645
        ]
    ],
    "execute_cost": 12.708000183105469,
    "finish_time": 24365653,
    "limit_cost_by_ms": 6.894999980926514,
    "model_name": "gpt128v2",
    "recv_time": 24352879,
    "tag": "304",
    "total_cost_by_ms": 12.77400016784668,
    "wait_cost": 0.06599998474121094
}
