{
    "child_model_execute_cost_by_ms": [
        13.767000198364258
    ],
    "child_model_run_time": [
        [
            24240880,
            24254647
        ]
    ],
    "execute_cost": 13.767000198364258,
    "finish_time": 24254659,
    "limit_cost_by_ms": 6.9683332443237305,
    "model_name": "gpt128v2",
    "recv_time": 24231267,
    "tag": "307",
    "total_cost_by_ms": 23.392000198364258,
    "wait_cost": 9.625
}
