{
    "child_model_execute_cost_by_ms": [
        8.70300006866455
    ],
    "child_model_run_time": [
        [
            24254708,
            24263411
        ]
    ],
    "execute_cost": 8.70300006866455,
    "finish_time": 24263421,
    "limit_cost_by_ms": 5.815999984741211,
    "model_name": "yolov2",
    "recv_time": 24247408,
    "tag": "308",
    "total_cost_by_ms": 16.01300048828125,
    "wait_cost": 7.310000419616699
}
