{
    "child_model_execute_cost_by_ms": [
        9.878999710083008
    ],
    "child_model_run_time": [
        [
            24263605,
            24273484
        ]
    ],
    "execute_cost": 9.878999710083008,
    "finish_time": 24273496,
    "limit_cost_by_ms": 8.529666900634766,
    "model_name": "googlenet",
    "recv_time": 24226386,
    "tag": "306",
    "total_cost_by_ms": 47.11000061035156,
    "wait_cost": 37.23100280761719
}
