{
    "child_model_execute_cost_by_ms": [
        20.07900047302246,
        17.1560001373291,
        18.89299964904785
    ],
    "child_model_run_time": [
        [
            24365681,
            24385760
        ],
        [
            24413257,
            24430413
        ],
        [
            24430447,
            24449340
        ]
    ],
    "execute_cost": 56.12799835205078,
    "finish_time": 24449343,
    "limit_cost_by_ms": 44.492332458496094,
    "model_name": "vgg19",
    "recv_time": 24353078,
    "tag": "305",
    "total_cost_by_ms": 96.26499938964844,
    "wait_cost": 40.137001037597656
}
