{
    "child_model_execute_cost_by_ms": [
        14.428999900817871,
        13.869000434875488
    ],
    "child_model_run_time": [
        [
            24226329,
            24240758
        ],
        [
            24273566,
            24287435
        ]
    ],
    "execute_cost": 28.29800033569336,
    "finish_time": 24287442,
    "limit_cost_by_ms": 18.771333694458008,
    "model_name": "resnet50",
    "recv_time": 24226292,
    "tag": "305",
    "total_cost_by_ms": 61.150001525878906,
    "wait_cost": 32.85200119018555
}
