{
    "child_model_execute_cost_by_ms": [
        6.38700008392334
    ],
    "child_model_run_time": [
        [
            24449401,
            24455788
        ]
    ],
    "execute_cost": 6.38700008392334,
    "finish_time": 24455796,
    "limit_cost_by_ms": 5.7816667556762695,
    "model_name": "yolov2",
    "recv_time": 24431704,
    "tag": "307",
    "total_cost_by_ms": 24.091999053955078,
    "wait_cost": 17.704998016357422
}
