{
    "child_model_execute_cost_by_ms": [
        17.792999267578125,
        18.51099967956543,
        19.08300018310547
    ],
    "child_model_run_time": [
        [
            24208420,
            24226213
        ],
        [
            24287695,
            24306206
        ],
        [
            24306291,
            24325374
        ]
    ],
    "execute_cost": 55.387001037597656,
    "finish_time": 24325378,
    "limit_cost_by_ms": 44.79933166503906,
    "model_name": "vgg19",
    "recv_time": 24181898,
    "tag": "304",
    "total_cost_by_ms": 143.47999572753906,
    "wait_cost": 88.0929946899414
}
