{
    "child_model_execute_cost_by_ms": [
        10.39799976348877
    ],
    "child_model_run_time": [
        [
            24455822,
            24466220
        ]
    ],
    "execute_cost": 10.39799976348877,
    "finish_time": 24466224,
    "limit_cost_by_ms": 8.904333114624023,
    "model_name": "googlenet",
    "recv_time": 24452065,
    "tag": "308",
    "total_cost_by_ms": 14.159000396728516,
    "wait_cost": 3.761000633239746
}
