{
    "child_model_execute_cost_by_ms": [
        10.859999656677246
    ],
    "child_model_run_time": [
        [
            24343149,
            24354009
        ]
    ],
    "execute_cost": 10.859999656677246,
    "finish_time": 24354018,
    "limit_cost_by_ms": 8.529666900634766,
    "model_name": "googlenet",
    "recv_time": 24331208,
    "tag": "310",
    "total_cost_by_ms": 22.809999465942383,
    "wait_cost": 11.949999809265137
}
