{
    "child_model_execute_cost_by_ms": [
        18.30699920654297,
        16.920000076293945,
        18.860000610351563
    ],
    "child_model_run_time": [
        [
            24483550,
            24501857
        ],
        [
            24501889,
            24518809
        ],
        [
            24518836,
            24537696
        ]
    ],
    "execute_cost": 54.086997985839844,
    "finish_time": 24537700,
    "limit_cost_by_ms": 44.492332458496094,
    "model_name": "vgg19",
    "recv_time": 24483424,
    "tag": "310",
    "total_cost_by_ms": 54.2760009765625,
    "wait_cost": 0.18900299072265625
}
