{
    "child_model_execute_cost_by_ms": [
        13.607000350952148
    ],
    "child_model_run_time": [
        [
            24354228,
            24367835
        ]
    ],
    "execute_cost": 13.607000350952148,
    "finish_time": 24367844,
    "limit_cost_by_ms": 6.9683332443237305,
    "model_name": "gpt128v2",
    "recv_time": 24344315,
    "tag": "312",
    "total_cost_by_ms": 23.52899932861328,
    "wait_cost": 9.921998977661133
}
