{
    "child_model_execute_cost_by_ms": [
        9.857000350952148
    ],
    "child_model_run_time": [
        [
            18025600,
            18035457
        ]
    ],
    "execute_cost": 9.857000350952148,
    "finish_time": 18035467,
    "limit_cost_by_ms": 8.904333114624023,
    "model_name": "googlenet",
    "recv_time": 18025540,
    "tag": "32",
    "total_cost_by_ms": 9.927000045776367,
    "wait_cost": 0.06999969482421875
}
