{
    "child_model_execute_cost_by_ms": [
        18.128999710083008,
        21.152999877929688,
        20.54800033569336
    ],
    "child_model_run_time": [
        [
            17880609,
            17898738
        ],
        [
            17940076,
            17961229
        ],
        [
            17978237,
            17998785
        ]
    ],
    "execute_cost": 59.82999801635742,
    "finish_time": 17998791,
    "limit_cost_by_ms": 44.79933166503906,
    "model_name": "vgg19",
    "recv_time": 17856515,
    "tag": "28",
    "total_cost_by_ms": 142.2760009765625,
    "wait_cost": 82.44599914550781
}
