{
    "child_model_execute_cost_by_ms": [
        6.584000110626221
    ],
    "child_model_run_time": [
        [
            24552262,
            24558846
        ]
    ],
    "execute_cost": 6.584000110626221,
    "finish_time": 24558853,
    "limit_cost_by_ms": 5.7816667556762695,
    "model_name": "yolov2",
    "recv_time": 24538643,
    "tag": "312",
    "total_cost_by_ms": 20.209999084472656,
    "wait_cost": 13.625999450683594
}
