{
    "child_model_execute_cost_by_ms": [
        14.36299991607666,
        12.840999603271484
    ],
    "child_model_run_time": [
        [
            24376601,
            24390964
        ],
        [
            24390990,
            24403831
        ]
    ],
    "execute_cost": 27.203998565673828,
    "finish_time": 24403838,
    "limit_cost_by_ms": 18.771333694458008,
    "model_name": "resnet50",
    "recv_time": 24335340,
    "tag": "311",
    "total_cost_by_ms": 68.49800109863281,
    "wait_cost": 41.294002532958984
}
