{
    "child_model_execute_cost_by_ms": [
        9.897000312805176
    ],
    "child_model_run_time": [
        [
            24573354,
            24583251
        ]
    ],
    "execute_cost": 9.897000312805176,
    "finish_time": 24583255,
    "limit_cost_by_ms": 8.904333114624023,
    "model_name": "googlenet",
    "recv_time": 24573294,
    "tag": "313",
    "total_cost_by_ms": 9.961000442504883,
    "wait_cost": 0.06400012969970703
}
