{
    "child_model_execute_cost_by_ms": [
        17.687000274658203,
        18.121999740600586,
        18.97100067138672
    ],
    "child_model_run_time": [
        [
            24325412,
            24343099
        ],
        [
            24403878,
            24422000
        ],
        [
            24422036,
            24441007
        ]
    ],
    "execute_cost": 54.779998779296875,
    "finish_time": 24441010,
    "limit_cost_by_ms": 44.79933166503906,
    "model_name": "vgg19",
    "recv_time": 24290880,
    "tag": "309",
    "total_cost_by_ms": 150.1300048828125,
    "wait_cost": 95.35000610351563
}
