{
    "child_model_execute_cost_by_ms": [
        11.0600004196167
    ],
    "child_model_run_time": [
        [
            24441084,
            24452144
        ]
    ],
    "execute_cost": 11.0600004196167,
    "finish_time": 24452155,
    "limit_cost_by_ms": 8.529666900634766,
    "model_name": "googlenet",
    "recv_time": 24435672,
    "tag": "316",
    "total_cost_by_ms": 16.482999801635742,
    "wait_cost": 5.422999382019043
}
