{
    "child_model_execute_cost_by_ms": [
        6.013000011444092
    ],
    "child_model_run_time": [
        [
            24653184,
            24659197
        ]
    ],
    "execute_cost": 6.013000011444092,
    "finish_time": 24659208,
    "limit_cost_by_ms": 5.7816667556762695,
    "model_name": "yolov2",
    "recv_time": 24646576,
    "tag": "317",
    "total_cost_by_ms": 12.631999969482422,
    "wait_cost": 6.61899995803833
}
