{
    "child_model_execute_cost_by_ms": [
        8.902999877929688
    ],
    "child_model_run_time": [
        [
            24466385,
            24475288
        ]
    ],
    "execute_cost": 8.902999877929688,
    "finish_time": 24475298,
    "limit_cost_by_ms": 5.815999984741211,
    "model_name": "yolov2",
    "recv_time": 24453297,
    "tag": "318",
    "total_cost_by_ms": 22.000999450683594,
    "wait_cost": 13.097999572753906
}
