{
    "child_model_execute_cost_by_ms": [
        15.32800006866455,
        13.130999565124512
    ],
    "child_model_run_time": [
        [
            24475414,
            24490742
        ],
        [
            24490783,
            24503914
        ]
    ],
    "execute_cost": 28.458999633789063,
    "finish_time": 24503920,
    "limit_cost_by_ms": 18.771333694458008,
    "model_name": "resnet50",
    "recv_time": 24435659,
    "tag": "315",
    "total_cost_by_ms": 68.26100158691406,
    "wait_cost": 39.802001953125
}
