{
    "child_model_execute_cost_by_ms": [
        20.246999740600586,
        20.263999938964844,
        19.410999298095703
    ],
    "child_model_run_time": [
        [
            24583562,
            24603809
        ],
        [
            24617637,
            24637901
        ],
        [
            24672391,
            24691802
        ]
    ],
    "execute_cost": 59.922000885009766,
    "finish_time": 24691805,
    "limit_cost_by_ms": 44.492332458496094,
    "model_name": "vgg19",
    "recv_time": 24583505,
    "tag": "314",
    "total_cost_by_ms": 108.30000305175781,
    "wait_cost": 48.37800216674805
}
