{
    "child_model_execute_cost_by_ms": [
        19.100000381469727,
        17.152000427246094,
        18.972000122070313
    ],
    "child_model_run_time": [
        [
            24504009,
            24523109
        ],
        [
            24523194,
            24540346
        ],
        [
            24540430,
            24559402
        ]
    ],
    "execute_cost": 55.2239990234375,
    "finish_time": 24559406,
    "limit_cost_by_ms": 44.79933166503906,
    "model_name": "vgg19",
    "recv_time": 24399465,
    "tag": "314",
    "total_cost_by_ms": 159.9409942626953,
    "wait_cost": 104.71699523925781
}
