{
    "child_model_execute_cost_by_ms": [
        9.934000015258789
    ],
    "child_model_run_time": [
        [
            24692117,
            24702051
        ]
    ],
    "execute_cost": 9.934000015258789,
    "finish_time": 24702056,
    "limit_cost_by_ms": 8.904333114624023,
    "model_name": "googlenet",
    "recv_time": 24692066,
    "tag": "318",
    "total_cost_by_ms": 9.989999771118164,
    "wait_cost": 0.055999755859375
}
