{
    "child_model_execute_cost_by_ms": [
        13.784000396728516
    ],
    "child_model_run_time": [
        [
            24560536,
            24574320
        ]
    ],
    "execute_cost": 13.784000396728516,
    "finish_time": 24574332,
    "limit_cost_by_ms": 6.9683332443237305,
    "model_name": "gpt128v2",
    "recv_time": 24560411,
    "tag": "321",
    "total_cost_by_ms": 13.920999526977539,
    "wait_cost": 0.13699913024902344
}
