{
    "child_model_execute_cost_by_ms": [
        18.964000701904297,
        16.60700035095215,
        19.575000762939453
    ],
    "child_model_run_time": [
        [
            24702447,
            24721411
        ],
        [
            24721450,
            24738057
        ],
        [
            24738087,
            24757662
        ]
    ],
    "execute_cost": 55.145999908447266,
    "finish_time": 24757666,
    "limit_cost_by_ms": 44.492332458496094,
    "model_name": "vgg19",
    "recv_time": 24702386,
    "tag": "319",
    "total_cost_by_ms": 55.279998779296875,
    "wait_cost": 0.13399887084960938
}
