{
    "child_model_execute_cost_by_ms": [
        12.354999542236328
    ],
    "child_model_run_time": [
        [
            24574426,
            24586781
        ]
    ],
    "execute_cost": 12.354999542236328,
    "finish_time": 24586790,
    "limit_cost_by_ms": 8.529666900634766,
    "model_name": "googlenet",
    "recv_time": 24569603,
    "tag": "322",
    "total_cost_by_ms": 17.187000274658203,
    "wait_cost": 4.832000732421875
}
