{
    "child_model_execute_cost_by_ms": [
        15.37399959564209,
        13.01200008392334
    ],
    "child_model_run_time": [
        [
            17998847,
            18014221
        ],
        [
            18014316,
            18027328
        ]
    ],
    "execute_cost": 28.38599967956543,
    "finish_time": 18027334,
    "limit_cost_by_ms": 18.771333694458008,
    "model_name": "resnet50",
    "recv_time": 17992712,
    "tag": "34",
    "total_cost_by_ms": 34.62200164794922,
    "wait_cost": 6.236001968383789
}
