{
    "child_model_execute_cost_by_ms": [
        14.604999542236328,
        12.720999717712402
    ],
    "child_model_run_time": [
        [
            18054501,
            18069106
        ],
        [
            18069151,
            18081872
        ]
    ],
    "execute_cost": 27.326000213623047,
    "finish_time": 18081877,
    "limit_cost_by_ms": 18.256332397460938,
    "model_name": "resnet50",
    "recv_time": 18047162,
    "tag": "34",
    "total_cost_by_ms": 34.71500015258789,
    "wait_cost": 7.388999938964844
}
