{
    "child_model_execute_cost_by_ms": [
        6.425000190734863
    ],
    "child_model_run_time": [
        [
            24587003,
            24593428
        ]
    ],
    "execute_cost": 6.425000190734863,
    "finish_time": 24593436,
    "limit_cost_by_ms": 5.815999984741211,
    "model_name": "yolov2",
    "recv_time": 24580175,
    "tag": "323",
    "total_cost_by_ms": 13.26099967956543,
    "wait_cost": 6.835999488830566
}
