{
    "child_model_execute_cost_by_ms": [
        15.548999786376953,
        12.723999977111816
    ],
    "child_model_run_time": [
        [
            24593581,
            24609130
        ],
        [
            24609394,
            24622118
        ]
    ],
    "execute_cost": 28.272998809814453,
    "finish_time": 24622123,
    "limit_cost_by_ms": 18.771333694458008,
    "model_name": "resnet50",
    "recv_time": 24556278,
    "tag": "320",
    "total_cost_by_ms": 65.84500122070313,
    "wait_cost": 37.57200241088867
}
