{
    "child_model_execute_cost_by_ms": [
        17.250999450683594,
        13.059000015258789
    ],
    "child_model_run_time": [
        [
            24778022,
            24795273
        ],
        [
            24795314,
            24808373
        ]
    ],
    "execute_cost": 30.309999465942383,
    "finish_time": 24808375,
    "limit_cost_by_ms": 18.256332397460938,
    "model_name": "resnet50",
    "recv_time": 24740161,
    "tag": "321",
    "total_cost_by_ms": 68.21399688720703,
    "wait_cost": 37.90399932861328
}
