{
    "child_model_execute_cost_by_ms": [
        9.890999794006348
    ],
    "child_model_run_time": [
        [
            24808788,
            24818679
        ]
    ],
    "execute_cost": 9.890999794006348,
    "finish_time": 24818683,
    "limit_cost_by_ms": 8.904333114624023,
    "model_name": "googlenet",
    "recv_time": 24808778,
    "tag": "323",
    "total_cost_by_ms": 9.904999732971191,
    "wait_cost": 0.01399993896484375
}
