{
    "child_model_execute_cost_by_ms": [
        18.54400062561035,
        16.797000885009766,
        18.81100082397461
    ],
    "child_model_run_time": [
        [
            24622244,
            24640788
        ],
        [
            24640831,
            24657628
        ],
        [
            24657657,
            24676468
        ]
    ],
    "execute_cost": 54.15200424194336,
    "finish_time": 24676473,
    "limit_cost_by_ms": 44.79933166503906,
    "model_name": "vgg19",
    "recv_time": 24504214,
    "tag": "319",
    "total_cost_by_ms": 172.25900268554688,
    "wait_cost": 118.10699462890625
}
