{
    "child_model_execute_cost_by_ms": [
        13.663999557495117
    ],
    "child_model_run_time": [
        [
            24691709,
            24705373
        ]
    ],
    "execute_cost": 13.663999557495117,
    "finish_time": 24705385,
    "limit_cost_by_ms": 6.9683332443237305,
    "model_name": "gpt128v2",
    "recv_time": 24684817,
    "tag": "326",
    "total_cost_by_ms": 20.56800079345703,
    "wait_cost": 6.904001235961914
}
