{
    "child_model_execute_cost_by_ms": [
        13.409000396728516
    ],
    "child_model_run_time": [
        [
            24861763,
            24875172
        ]
    ],
    "execute_cost": 13.409000396728516,
    "finish_time": 24875180,
    "limit_cost_by_ms": 6.894999980926514,
    "model_name": "gpt128v2",
    "recv_time": 24850558,
    "tag": "326",
    "total_cost_by_ms": 24.621999740600586,
    "wait_cost": 11.21299934387207
}
