{
    "child_model_execute_cost_by_ms": [
        10.053999900817871
    ],
    "child_model_run_time": [
        [
            24714584,
            24724638
        ]
    ],
    "execute_cost": 10.053999900817871,
    "finish_time": 24724647,
    "limit_cost_by_ms": 8.529666900634766,
    "model_name": "googlenet",
    "recv_time": 24691760,
    "tag": "327",
    "total_cost_by_ms": 32.887001037597656,
    "wait_cost": 22.83300018310547
}
