{
    "child_model_execute_cost_by_ms": [
        15.133999824523926,
        13.736000061035156
    ],
    "child_model_run_time": [
        [
            24676503,
            24691637
        ],
        [
            24724738,
            24738474
        ]
    ],
    "execute_cost": 28.869998931884766,
    "finish_time": 24738484,
    "limit_cost_by_ms": 18.771333694458008,
    "model_name": "resnet50",
    "recv_time": 24667686,
    "tag": "325",
    "total_cost_by_ms": 70.7979965209961,
    "wait_cost": 41.92799758911133
}
