{
    "child_model_execute_cost_by_ms": [
        18.489999771118164,
        17.85700035095215,
        19.594999313354492
    ],
    "child_model_run_time": [
        [
            24819026,
            24837516
        ],
        [
            24837553,
            24855410
        ],
        [
            24904879,
            24924474
        ]
    ],
    "execute_cost": 55.94200134277344,
    "finish_time": 24924481,
    "limit_cost_by_ms": 44.492332458496094,
    "model_name": "vgg19",
    "recv_time": 24818976,
    "tag": "324",
    "total_cost_by_ms": 105.50499725341797,
    "wait_cost": 49.56299591064453
}
