{
    "child_model_execute_cost_by_ms": [
        14.32800006866455,
        13.986000061035156
    ],
    "child_model_run_time": [
        [
            24774656,
            24788984
        ],
        [
            24789014,
            24803000
        ]
    ],
    "execute_cost": 28.31399917602539,
    "finish_time": 24803006,
    "limit_cost_by_ms": 18.771333694458008,
    "model_name": "resnet50",
    "recv_time": 24768238,
    "tag": "330",
    "total_cost_by_ms": 34.768001556396484,
    "wait_cost": 6.454002380371094
}
