{
    "child_model_execute_cost_by_ms": [
        13.602999687194824
    ],
    "child_model_run_time": [
        [
            24803062,
            24816665
        ]
    ],
    "execute_cost": 13.602999687194824,
    "finish_time": 24816673,
    "limit_cost_by_ms": 6.9683332443237305,
    "model_name": "gpt128v2",
    "recv_time": 24793205,
    "tag": "331",
    "total_cost_by_ms": 23.468000411987305,
    "wait_cost": 9.86500072479248
}
