{
    "child_model_execute_cost_by_ms": [
        6.171999931335449
    ],
    "child_model_run_time": [
        [
            24971566,
            24977738
        ]
    ],
    "execute_cost": 6.171999931335449,
    "finish_time": 24977748,
    "limit_cost_by_ms": 5.7816667556762695,
    "model_name": "yolov2",
    "recv_time": 24965343,
    "tag": "331",
    "total_cost_by_ms": 12.404999732971191,
    "wait_cost": 6.232999801635742
}
