{
    "child_model_execute_cost_by_ms": [
        8.288999557495117
    ],
    "child_model_run_time": [
        [
            24816774,
            24825063
        ]
    ],
    "execute_cost": 8.288999557495117,
    "finish_time": 24825074,
    "limit_cost_by_ms": 5.815999984741211,
    "model_name": "yolov2",
    "recv_time": 24813528,
    "tag": "332",
    "total_cost_by_ms": 11.545999526977539,
    "wait_cost": 3.256999969482422
}
