{
    "child_model_execute_cost_by_ms": [
        12.57800006866455
    ],
    "child_model_run_time": [
        [
            18064607,
            18077185
        ]
    ],
    "execute_cost": 12.57800006866455,
    "finish_time": 18077196,
    "limit_cost_by_ms": 6.9683332443237305,
    "model_name": "gpt128v2",
    "recv_time": 18047541,
    "tag": "35",
    "total_cost_by_ms": 29.655000686645508,
    "wait_cost": 17.07699966430664
}
