{
    "child_model_execute_cost_by_ms": [
        9.692000389099121
    ],
    "child_model_run_time": [
        [
            24825185,
            24834877
        ]
    ],
    "execute_cost": 9.692000389099121,
    "finish_time": 24834889,
    "limit_cost_by_ms": 8.529666900634766,
    "model_name": "googlenet",
    "recv_time": 24813547,
    "tag": "333",
    "total_cost_by_ms": 21.341999053955078,
    "wait_cost": 11.649998664855957
}
