{
    "child_model_execute_cost_by_ms": [
        9.895000457763672
    ],
    "child_model_run_time": [
        [
            25021641,
            25031536
        ]
    ],
    "execute_cost": 9.895000457763672,
    "finish_time": 25031546,
    "limit_cost_by_ms": 8.904333114624023,
    "model_name": "googlenet",
    "recv_time": 25016091,
    "tag": "333",
    "total_cost_by_ms": 15.454999923706055,
    "wait_cost": 5.559999465942383
}
