{
    "child_model_execute_cost_by_ms": [
        18.71500015258789,
        17.30900001525879,
        19.55699920654297
    ],
    "child_model_run_time": [
        [
            24738571,
            24757286
        ],
        [
            24757316,
            24774625
        ],
        [
            24834950,
            24854507
        ]
    ],
    "execute_cost": 55.58100128173828,
    "finish_time": 24854514,
    "limit_cost_by_ms": 44.79933166503906,
    "model_name": "vgg19",
    "recv_time": 24640891,
    "tag": "324",
    "total_cost_by_ms": 213.6230010986328,
    "wait_cost": 158.0419921875
}
