{
    "child_model_execute_cost_by_ms": [
        13.307000160217285
    ],
    "child_model_run_time": [
        [
            24904064,
            24917371
        ]
    ],
    "execute_cost": 13.307000160217285,
    "finish_time": 24917383,
    "limit_cost_by_ms": 6.9683332443237305,
    "model_name": "gpt128v2",
    "recv_time": 24893562,
    "tag": "336",
    "total_cost_by_ms": 23.820999145507813,
    "wait_cost": 10.513998985290527
}
