{
    "child_model_execute_cost_by_ms": [
        18.7450008392334,
        17.775999069213867,
        19.434999465942383
    ],
    "child_model_run_time": [
        [
            24934950,
            24953695
        ],
        [
            24953741,
            24971517
        ],
        [
            25031566,
            25051001
        ]
    ],
    "execute_cost": 55.95600128173828,
    "finish_time": 25051004,
    "limit_cost_by_ms": 44.492332458496094,
    "model_name": "vgg19",
    "recv_time": 24934892,
    "tag": "329",
    "total_cost_by_ms": 116.11199951171875,
    "wait_cost": 60.15599822998047
}
