{
    "child_model_execute_cost_by_ms": [
        14.930000305175781,
        16.145999908447266
    ],
    "child_model_run_time": [
        [
            24889061,
            24903991
        ],
        [
            24917409,
            24933555
        ]
    ],
    "execute_cost": 31.076000213623047,
    "finish_time": 24933562,
    "limit_cost_by_ms": 18.771333694458008,
    "model_name": "resnet50",
    "recv_time": 24884627,
    "tag": "335",
    "total_cost_by_ms": 48.935001373291016,
    "wait_cost": 17.85900115966797
}
