{
    "child_model_execute_cost_by_ms": [
        8.373000144958496
    ],
    "child_model_run_time": [
        [
            25084902,
            25093275
        ]
    ],
    "execute_cost": 8.373000144958496,
    "finish_time": 25093284,
    "limit_cost_by_ms": 5.7816667556762695,
    "model_name": "yolov2",
    "recv_time": 25077911,
    "tag": "336",
    "total_cost_by_ms": 15.373000144958496,
    "wait_cost": 7.0
}
