{
    "child_model_execute_cost_by_ms": [
        9.805000305175781
    ],
    "child_model_run_time": [
        [
            24940229,
            24950034
        ]
    ],
    "execute_cost": 9.805000305175781,
    "finish_time": 24950045,
    "limit_cost_by_ms": 8.529666900634766,
    "model_name": "googlenet",
    "recv_time": 24924152,
    "tag": "337",
    "total_cost_by_ms": 25.89299964904785,
    "wait_cost": 16.08799934387207
}
