{
    "child_model_execute_cost_by_ms": [
        14.479999542236328,
        12.902000427246094
    ],
    "child_model_run_time": [
        [
            25111831,
            25126311
        ],
        [
            25126349,
            25139251
        ]
    ],
    "execute_cost": 27.381999969482422,
    "finish_time": 25139256,
    "limit_cost_by_ms": 18.256332397460938,
    "model_name": "resnet50",
    "recv_time": 25096434,
    "tag": "337",
    "total_cost_by_ms": 42.821998596191406,
    "wait_cost": 15.439998626708984
}
