{
    "child_model_execute_cost_by_ms": [
        9.928999900817871
    ],
    "child_model_run_time": [
        [
            25139325,
            25149254
        ]
    ],
    "execute_cost": 9.928999900817871,
    "finish_time": 25149265,
    "limit_cost_by_ms": 8.904333114624023,
    "model_name": "googlenet",
    "recv_time": 25128414,
    "tag": "338",
    "total_cost_by_ms": 20.85099983215332,
    "wait_cost": 10.92199993133545
}
