{
    "child_model_execute_cost_by_ms": [
        17.825000762939453,
        16.636999130249023,
        19.57900047302246
    ],
    "child_model_run_time": [
        [
            24854540,
            24872365
        ],
        [
            24872396,
            24889033
        ],
        [
            24950116,
            24969695
        ]
    ],
    "execute_cost": 54.04100036621094,
    "finish_time": 24969702,
    "limit_cost_by_ms": 44.79933166503906,
    "model_name": "vgg19",
    "recv_time": 24757364,
    "tag": "329",
    "total_cost_by_ms": 212.33799743652344,
    "wait_cost": 158.2969970703125
}
