{
    "child_model_execute_cost_by_ms": [
        18.04800033569336,
        16.770999908447266,
        20.507999420166016
    ],
    "child_model_run_time": [
        [
            24969800,
            24987848
        ],
        [
            24987879,
            25004650
        ],
        [
            25004661,
            25025169
        ]
    ],
    "execute_cost": 55.32699966430664,
    "finish_time": 25025174,
    "limit_cost_by_ms": 44.79933166503906,
    "model_name": "vgg19",
    "recv_time": 24880553,
    "tag": "334",
    "total_cost_by_ms": 144.62100219726563,
    "wait_cost": 89.29400634765625
}
