{
    "child_model_execute_cost_by_ms": [
        20.441999435424805,
        18.371000289916992,
        19.51099967956543
    ],
    "child_model_run_time": [
        [
            25051250,
            25071692
        ],
        [
            25093410,
            25111781
        ],
        [
            25149319,
            25168830
        ]
    ],
    "execute_cost": 58.323997497558594,
    "finish_time": 25168833,
    "limit_cost_by_ms": 44.492332458496094,
    "model_name": "vgg19",
    "recv_time": 25051243,
    "tag": "334",
    "total_cost_by_ms": 117.58999633789063,
    "wait_cost": 59.26599884033203
}
