{
    "child_model_execute_cost_by_ms": [
        12.982000350952148
    ],
    "child_model_run_time": [
        [
            25025248,
            25038230
        ]
    ],
    "execute_cost": 12.982000350952148,
    "finish_time": 25038239,
    "limit_cost_by_ms": 6.9683332443237305,
    "model_name": "gpt128v2",
    "recv_time": 25022245,
    "tag": "341",
    "total_cost_by_ms": 15.994000434875488,
    "wait_cost": 3.01200008392334
}
