{
    "child_model_execute_cost_by_ms": [
        6.041999816894531
    ],
    "child_model_run_time": [
        [
            25189283,
            25195325
        ]
    ],
    "execute_cost": 6.041999816894531,
    "finish_time": 25195336,
    "limit_cost_by_ms": 5.7816667556762695,
    "model_name": "yolov2",
    "recv_time": 25186594,
    "tag": "341",
    "total_cost_by_ms": 8.741999626159668,
    "wait_cost": 2.6999998092651367
}
