{
    "child_model_execute_cost_by_ms": [
        13.428999900817871
    ],
    "child_model_run_time": [
        [
            25195675,
            25209104
        ]
    ],
    "execute_cost": 13.428999900817871,
    "finish_time": 25209112,
    "limit_cost_by_ms": 6.894999980926514,
    "model_name": "gpt128v2",
    "recv_time": 25170466,
    "tag": "340",
    "total_cost_by_ms": 38.645999908447266,
    "wait_cost": 25.216999053955078
}
