{
    "child_model_execute_cost_by_ms": [
        8.053000450134277
    ],
    "child_model_run_time": [
        [
            18077232,
            18085285
        ]
    ],
    "execute_cost": 8.053000450134277,
    "finish_time": 18085295,
    "limit_cost_by_ms": 5.815999984741211,
    "model_name": "yolov2",
    "recv_time": 18064682,
    "tag": "36",
    "total_cost_by_ms": 20.613000869750977,
    "wait_cost": 12.5600004196167
}
