{
    "child_model_execute_cost_by_ms": [
        18.884000778198242,
        19.37299919128418,
        21.253999710083008
    ],
    "child_model_run_time": [
        [
            18035571,
            18054455
        ],
        [
            18082008,
            18101381
        ],
        [
            18114299,
            18135553
        ]
    ],
    "execute_cost": 59.51100158691406,
    "finish_time": 18135555,
    "limit_cost_by_ms": 44.492332458496094,
    "model_name": "vgg19",
    "recv_time": 18026847,
    "tag": "33",
    "total_cost_by_ms": 108.70800018310547,
    "wait_cost": 49.196998596191406
}
