{
    "child_model_execute_cost_by_ms": [
        9.755999565124512
    ],
    "child_model_run_time": [
        [
            25061827,
            25071583
        ]
    ],
    "execute_cost": 9.755999565124512,
    "finish_time": 25071594,
    "limit_cost_by_ms": 8.529666900634766,
    "model_name": "googlenet",
    "recv_time": 25044580,
    "tag": "342",
    "total_cost_by_ms": 27.013999938964844,
    "wait_cost": 17.257999420166016
}
