{
    "child_model_execute_cost_by_ms": [
        19.902999877929688,
        18.597000122070313,
        19.04800033569336
    ],
    "child_model_run_time": [
        [
            25169274,
            25189177
        ],
        [
            25240118,
            25258715
        ],
        [
            25258753,
            25277801
        ]
    ],
    "execute_cost": 57.54800033569336,
    "finish_time": 25277806,
    "limit_cost_by_ms": 44.492332458496094,
    "model_name": "vgg19",
    "recv_time": 25169098,
    "tag": "339",
    "total_cost_by_ms": 108.70800018310547,
    "wait_cost": 51.15999984741211
}
