{
    "child_model_execute_cost_by_ms": [
        16.9950008392334,
        13.625
    ],
    "child_model_run_time": [
        [
            25038265,
            25055260
        ],
        [
            25071614,
            25085239
        ]
    ],
    "execute_cost": 30.6200008392334,
    "finish_time": 25085249,
    "limit_cost_by_ms": 18.771333694458008,
    "model_name": "resnet50",
    "recv_time": 25017341,
    "tag": "340",
    "total_cost_by_ms": 67.90799713134766,
    "wait_cost": 37.287994384765625
}
