{
    "child_model_execute_cost_by_ms": [
        18.427000045776367,
        16.761999130249023,
        19.68899917602539
    ],
    "child_model_run_time": [
        [
            25085293,
            25103720
        ],
        [
            25103743,
            25120505
        ],
        [
            25120521,
            25140210
        ]
    ],
    "execute_cost": 54.87799835205078,
    "finish_time": 25140215,
    "limit_cost_by_ms": 44.79933166503906,
    "model_name": "vgg19",
    "recv_time": 25013264,
    "tag": "339",
    "total_cost_by_ms": 126.95099639892578,
    "wait_cost": 72.072998046875
}
