{
    "child_model_execute_cost_by_ms": [
        9.946000099182129
    ],
    "child_model_run_time": [
        [
            25277864,
            25287810
        ]
    ],
    "execute_cost": 9.946000099182129,
    "finish_time": 25287815,
    "limit_cost_by_ms": 8.904333114624023,
    "model_name": "googlenet",
    "recv_time": 25258807,
    "tag": "343",
    "total_cost_by_ms": 29.007999420166016,
    "wait_cost": 19.062000274658203
}
