{
    "child_model_execute_cost_by_ms": [
        12.951000213623047
    ],
    "child_model_run_time": [
        [
            25140254,
            25153205
        ]
    ],
    "execute_cost": 12.951000213623047,
    "finish_time": 25153216,
    "limit_cost_by_ms": 6.9683332443237305,
    "model_name": "gpt128v2",
    "recv_time": 25130481,
    "tag": "346",
    "total_cost_by_ms": 22.735000610351563,
    "wait_cost": 9.784000396728516
}
