{
    "child_model_execute_cost_by_ms": [
        9.835000038146973
    ],
    "child_model_run_time": [
        [
            25170348,
            25180183
        ]
    ],
    "execute_cost": 9.835000038146973,
    "finish_time": 25180195,
    "limit_cost_by_ms": 8.529666900634766,
    "model_name": "googlenet",
    "recv_time": 25160844,
    "tag": "347",
    "total_cost_by_ms": 19.35099983215332,
    "wait_cost": 9.515999794006348
}
