{
    "child_model_execute_cost_by_ms": [
        6.3460001945495605
    ],
    "child_model_run_time": [
        [
            25180288,
            25186634
        ]
    ],
    "execute_cost": 6.3460001945495605,
    "finish_time": 25186644,
    "limit_cost_by_ms": 5.815999984741211,
    "model_name": "yolov2",
    "recv_time": 25173044,
    "tag": "348",
    "total_cost_by_ms": 13.600000381469727,
    "wait_cost": 7.254000186920166
}
