{
    "child_model_execute_cost_by_ms": [
        9.942000389099121
    ],
    "child_model_run_time": [
        [
            25373526,
            25383468
        ]
    ],
    "execute_cost": 9.942000389099121,
    "finish_time": 25383478,
    "limit_cost_by_ms": 8.904333114624023,
    "model_name": "googlenet",
    "recv_time": 25365483,
    "tag": "348",
    "total_cost_by_ms": 17.9950008392334,
    "wait_cost": 8.053000450134277
}
