{
    "child_model_execute_cost_by_ms": [
        16.93400001525879,
        13.651000022888184
    ],
    "child_model_run_time": [
        [
            25153242,
            25170176
        ],
        [
            25186756,
            25200407
        ]
    ],
    "execute_cost": 30.584999084472656,
    "finish_time": 25200417,
    "limit_cost_by_ms": 18.771333694458008,
    "model_name": "resnet50",
    "recv_time": 25125543,
    "tag": "345",
    "total_cost_by_ms": 74.8740005493164,
    "wait_cost": 44.28900146484375
}
