{
    "child_model_execute_cost_by_ms": [
        18.590999603271484,
        19.211000442504883,
        19.660999298095703
    ],
    "child_model_run_time": [
        [
            25288079,
            25306670
        ],
        [
            25319804,
            25339015
        ],
        [
            25383643,
            25403304
        ]
    ],
    "execute_cost": 57.4630012512207,
    "finish_time": 25403308,
    "limit_cost_by_ms": 44.492332458496094,
    "model_name": "vgg19",
    "recv_time": 25288038,
    "tag": "344",
    "total_cost_by_ms": 115.2699966430664,
    "wait_cost": 57.8069953918457
}
