{
    "child_model_execute_cost_by_ms": [
        18.527000427246094,
        17.22800064086914,
        19.73699951171875
    ],
    "child_model_run_time": [
        [
            25200456,
            25218983
        ],
        [
            25219004,
            25236232
        ],
        [
            25236249,
            25255986
        ]
    ],
    "execute_cost": 55.492000579833984,
    "finish_time": 25255990,
    "limit_cost_by_ms": 44.79933166503906,
    "model_name": "vgg19",
    "recv_time": 25117467,
    "tag": "344",
    "total_cost_by_ms": 138.5229949951172,
    "wait_cost": 83.03099060058594
}
