{
    "child_model_execute_cost_by_ms": [
        12.916999816894531
    ],
    "child_model_run_time": [
        [
            25256132,
            25269049
        ]
    ],
    "execute_cost": 12.916999816894531,
    "finish_time": 25269058,
    "limit_cost_by_ms": 6.9683332443237305,
    "model_name": "gpt128v2",
    "recv_time": 25246605,
    "tag": "350",
    "total_cost_by_ms": 22.452999114990234,
    "wait_cost": 9.535999298095703
}
