{
    "child_model_execute_cost_by_ms": [
        12.0
    ],
    "child_model_run_time": [
        [
            25269115,
            25281115
        ]
    ],
    "execute_cost": 12.0,
    "finish_time": 25281125,
    "limit_cost_by_ms": 8.529666900634766,
    "model_name": "googlenet",
    "recv_time": 25262935,
    "tag": "352",
    "total_cost_by_ms": 18.190000534057617,
    "wait_cost": 6.190000534057617
}
