{
    "child_model_execute_cost_by_ms": [
        19.194000244140625,
        17.924999237060547,
        18.81399917602539
    ],
    "child_model_run_time": [
        [
            18027405,
            18046599
        ],
        [
            18046635,
            18064560
        ],
        [
            18085383,
            18104197
        ]
    ],
    "execute_cost": 55.93299865722656,
    "finish_time": 18104204,
    "limit_cost_by_ms": 44.79933166503906,
    "model_name": "vgg19",
    "recv_time": 17964264,
    "tag": "33",
    "total_cost_by_ms": 139.94000244140625,
    "wait_cost": 84.00700378417969
}
