{
    "child_model_execute_cost_by_ms": [
        6.249000072479248
    ],
    "child_model_run_time": [
        [
            18135991,
            18142240
        ]
    ],
    "execute_cost": 6.249000072479248,
    "finish_time": 18142250,
    "limit_cost_by_ms": 5.7816667556762695,
    "model_name": "yolov2",
    "recv_time": 18135931,
    "tag": "36",
    "total_cost_by_ms": 6.318999767303467,
    "wait_cost": 0.06999969482421875
}
