{
    "child_model_execute_cost_by_ms": [
        6.26800012588501
    ],
    "child_model_run_time": [
        [
            25296160,
            25302428
        ]
    ],
    "execute_cost": 6.26800012588501,
    "finish_time": 25302438,
    "limit_cost_by_ms": 5.815999984741211,
    "model_name": "yolov2",
    "recv_time": 25289297,
    "tag": "353",
    "total_cost_by_ms": 13.140999794006348,
    "wait_cost": 6.872999668121338
}
