{
    "child_model_execute_cost_by_ms": [
        6.211999893188477
    ],
    "child_model_run_time": [
        [
            25466448,
            25472660
        ]
    ],
    "execute_cost": 6.211999893188477,
    "finish_time": 25472668,
    "limit_cost_by_ms": 5.7816667556762695,
    "model_name": "yolov2",
    "recv_time": 25463521,
    "tag": "352",
    "total_cost_by_ms": 9.147000312805176,
    "wait_cost": 2.935000419616699
}
