{
    "child_model_execute_cost_by_ms": [
        19.17799949645996,
        18.549999237060547,
        19.270000457763672
    ],
    "child_model_run_time": [
        [
            25403761,
            25422939
        ],
        [
            25472689,
            25491239
        ],
        [
            25491263,
            25510533
        ]
    ],
    "execute_cost": 56.99799728393555,
    "finish_time": 25510539,
    "limit_cost_by_ms": 44.492332458496094,
    "model_name": "vgg19",
    "recv_time": 25403689,
    "tag": "349",
    "total_cost_by_ms": 106.8499984741211,
    "wait_cost": 49.85200119018555
}
