{
    "child_model_execute_cost_by_ms": [
        14.899999618530273,
        13.220000267028809
    ],
    "child_model_run_time": [
        [
            25281203,
            25296103
        ],
        [
            25302500,
            25315720
        ]
    ],
    "execute_cost": 28.119998931884766,
    "finish_time": 25315729,
    "limit_cost_by_ms": 18.771333694458008,
    "model_name": "resnet50",
    "recv_time": 25246686,
    "tag": "351",
    "total_cost_by_ms": 69.04299926757813,
    "wait_cost": 40.92300033569336
}
