{
    "child_model_execute_cost_by_ms": [
        18.399999618530273,
        16.729999542236328,
        18.65999984741211
    ],
    "child_model_run_time": [
        [
            25315767,
            25334167
        ],
        [
            25334190,
            25350920
        ],
        [
            25350938,
            25369598
        ]
    ],
    "execute_cost": 53.78999710083008,
    "finish_time": 25369602,
    "limit_cost_by_ms": 44.79933166503906,
    "model_name": "vgg19",
    "recv_time": 25225722,
    "tag": "349",
    "total_cost_by_ms": 143.8800048828125,
    "wait_cost": 90.09001159667969
}
