{
    "child_model_execute_cost_by_ms": [
        8.28499984741211
    ],
    "child_model_run_time": [
        [
            25571325,
            25579610
        ]
    ],
    "execute_cost": 8.28499984741211,
    "finish_time": 25579620,
    "limit_cost_by_ms": 5.7816667556762695,
    "model_name": "yolov2",
    "recv_time": 25568542,
    "tag": "357",
    "total_cost_by_ms": 11.07800006866455,
    "wait_cost": 2.7930002212524414
}
