{
    "child_model_execute_cost_by_ms": [
        9.748000144958496
    ],
    "child_model_run_time": [
        [
            25410831,
            25420579
        ]
    ],
    "execute_cost": 9.748000144958496,
    "finish_time": 25420588,
    "limit_cost_by_ms": 8.529666900634766,
    "model_name": "googlenet",
    "recv_time": 25369906,
    "tag": "355",
    "total_cost_by_ms": 50.68199920654297,
    "wait_cost": 40.933998107910156
}
