{
    "child_model_execute_cost_by_ms": [
        14.871999740600586,
        12.475000381469727
    ],
    "child_model_run_time": [
        [
            25420747,
            25435619
        ],
        [
            25435655,
            25448130
        ]
    ],
    "execute_cost": 27.347000122070313,
    "finish_time": 25448135,
    "limit_cost_by_ms": 18.771333694458008,
    "model_name": "resnet50",
    "recv_time": 25370508,
    "tag": "356",
    "total_cost_by_ms": 77.62699890136719,
    "wait_cost": 50.279998779296875
}
