{
    "child_model_execute_cost_by_ms": [
        18.854999542236328,
        18.202999114990234,
        19.39699935913086
    ],
    "child_model_run_time": [
        [
            25521089,
            25539944
        ],
        [
            25539966,
            25558169
        ],
        [
            25607180,
            25626577
        ]
    ],
    "execute_cost": 56.45499801635742,
    "finish_time": 25626584,
    "limit_cost_by_ms": 44.492332458496094,
    "model_name": "vgg19",
    "recv_time": 25521082,
    "tag": "354",
    "total_cost_by_ms": 105.50199890136719,
    "wait_cost": 49.047000885009766
}
