{
    "child_model_execute_cost_by_ms": [
        18.336999893188477,
        18.152999877929688,
        19.010000228881836
    ],
    "child_model_run_time": [
        [
            25369630,
            25387967
        ],
        [
            25448201,
            25466354
        ],
        [
            25466393,
            25485403
        ]
    ],
    "execute_cost": 55.5,
    "finish_time": 25485408,
    "limit_cost_by_ms": 44.79933166503906,
    "model_name": "vgg19",
    "recv_time": 25350998,
    "tag": "354",
    "total_cost_by_ms": 134.41000366210938,
    "wait_cost": 78.91000366210938
}
