{
    "child_model_execute_cost_by_ms": [
        13.255999565124512
    ],
    "child_model_run_time": [
        [
            25503911,
            25517167
        ]
    ],
    "execute_cost": 13.255999565124512,
    "finish_time": 25517178,
    "limit_cost_by_ms": 6.9683332443237305,
    "model_name": "gpt128v2",
    "recv_time": 25496351,
    "tag": "361",
    "total_cost_by_ms": 20.82699966430664,
    "wait_cost": 7.571000099182129
}
