{
    "child_model_execute_cost_by_ms": [
        8.494999885559082
    ],
    "child_model_run_time": [
        [
            25517223,
            25525718
        ]
    ],
    "execute_cost": 8.494999885559082,
    "finish_time": 25525729,
    "limit_cost_by_ms": 5.815999984741211,
    "model_name": "yolov2",
    "recv_time": 25508593,
    "tag": "363",
    "total_cost_by_ms": 17.13599967956543,
    "wait_cost": 8.640999794006348
}
