{
    "child_model_execute_cost_by_ms": [
        6.0320000648498535
    ],
    "child_model_run_time": [
        [
            25704462,
            25710494
        ]
    ],
    "execute_cost": 6.0320000648498535,
    "finish_time": 25710503,
    "limit_cost_by_ms": 5.7816667556762695,
    "model_name": "yolov2",
    "recv_time": 25693438,
    "tag": "362",
    "total_cost_by_ms": 17.065000534057617,
    "wait_cost": 11.033000946044922
}
