{
    "child_model_execute_cost_by_ms": [
        9.51099967956543
    ],
    "child_model_run_time": [
        [
            18104261,
            18113772
        ]
    ],
    "execute_cost": 9.51099967956543,
    "finish_time": 18113781,
    "limit_cost_by_ms": 8.529666900634766,
    "model_name": "googlenet",
    "recv_time": 18088166,
    "tag": "38",
    "total_cost_by_ms": 25.614999771118164,
    "wait_cost": 16.104000091552734
}
