{
    "child_model_execute_cost_by_ms": [
        13.821000099182129
    ],
    "child_model_run_time": [
        [
            25710653,
            25724474
        ]
    ],
    "execute_cost": 13.821000099182129,
    "finish_time": 25724485,
    "limit_cost_by_ms": 6.894999980926514,
    "model_name": "gpt128v2",
    "recv_time": 25685896,
    "tag": "361",
    "total_cost_by_ms": 38.5890007019043,
    "wait_cost": 24.768001556396484
}
