{
    "child_model_execute_cost_by_ms": [
        9.871999740600586
    ],
    "child_model_run_time": [
        [
            25525833,
            25535705
        ]
    ],
    "execute_cost": 9.871999740600586,
    "finish_time": 25535713,
    "limit_cost_by_ms": 8.529666900634766,
    "model_name": "googlenet",
    "recv_time": 25491424,
    "tag": "362",
    "total_cost_by_ms": 44.28900146484375,
    "wait_cost": 34.41699981689453
}
