{
    "child_model_execute_cost_by_ms": [
        12.069999694824219
    ],
    "child_model_run_time": [
        [
            25724526,
            25736596
        ]
    ],
    "execute_cost": 12.069999694824219,
    "finish_time": 25736605,
    "limit_cost_by_ms": 8.904333114624023,
    "model_name": "googlenet",
    "recv_time": 25710928,
    "tag": "363",
    "total_cost_by_ms": 25.677000045776367,
    "wait_cost": 13.607000350952148
}
