{
    "child_model_execute_cost_by_ms": [
        14.791000366210938,
        12.494000434875488
    ],
    "child_model_run_time": [
        [
            25535765,
            25550556
        ],
        [
            25550598,
            25563092
        ]
    ],
    "execute_cost": 27.28499984741211,
    "finish_time": 25563097,
    "limit_cost_by_ms": 18.771333694458008,
    "model_name": "resnet50",
    "recv_time": 25485809,
    "tag": "360",
    "total_cost_by_ms": 77.28800201416016,
    "wait_cost": 50.00300216674805
}
