{
    "child_model_execute_cost_by_ms": [
        18.17799949645996,
        18.132999420166016,
        19.239999771118164
    ],
    "child_model_run_time": [
        [
            25485520,
            25503698
        ],
        [
            25563180,
            25581313
        ],
        [
            25581353,
            25600593
        ]
    ],
    "execute_cost": 55.550994873046875,
    "finish_time": 25600597,
    "limit_cost_by_ms": 44.79933166503906,
    "model_name": "vgg19",
    "recv_time": 25474925,
    "tag": "359",
    "total_cost_by_ms": 125.6719970703125,
    "wait_cost": 70.12100219726563
}
