{
    "child_model_execute_cost_by_ms": [
        19.368000030517578,
        19.590999603271484,
        19.509000778198242
    ],
    "child_model_run_time": [
        [
            25637180,
            25656548
        ],
        [
            25684732,
            25704323
        ],
        [
            25736667,
            25756176
        ]
    ],
    "execute_cost": 58.46800231933594,
    "finish_time": 25756179,
    "limit_cost_by_ms": 44.492332458496094,
    "model_name": "vgg19",
    "recv_time": 25637136,
    "tag": "359",
    "total_cost_by_ms": 119.04299926757813,
    "wait_cost": 60.57499694824219
}
