{
    "child_model_execute_cost_by_ms": [
        13.133999824523926
    ],
    "child_model_run_time": [
        [
            25808024,
            25821158
        ]
    ],
    "execute_cost": 13.133999824523926,
    "finish_time": 25821169,
    "limit_cost_by_ms": 6.894999980926514,
    "model_name": "gpt128v2",
    "recv_time": 25805422,
    "tag": "366",
    "total_cost_by_ms": 15.746999740600586,
    "wait_cost": 2.61299991607666
}
