{
    "child_model_execute_cost_by_ms": [
        13.437999725341797
    ],
    "child_model_run_time": [
        [
            25616018,
            25629456
        ]
    ],
    "execute_cost": 13.437999725341797,
    "finish_time": 25629467,
    "limit_cost_by_ms": 6.9683332443237305,
    "model_name": "gpt128v2",
    "recv_time": 25608596,
    "tag": "366",
    "total_cost_by_ms": 20.871000289916992,
    "wait_cost": 7.433000564575195
}
