{
    "child_model_execute_cost_by_ms": [
        8.854000091552734
    ],
    "child_model_run_time": [
        [
            25629526,
            25638380
        ]
    ],
    "execute_cost": 8.854000091552734,
    "finish_time": 25638390,
    "limit_cost_by_ms": 5.815999984741211,
    "model_name": "yolov2",
    "recv_time": 25620821,
    "tag": "368",
    "total_cost_by_ms": 17.569000244140625,
    "wait_cost": 8.71500015258789
}
