{
    "child_model_execute_cost_by_ms": [
        9.87600040435791
    ],
    "child_model_run_time": [
        [
            25638407,
            25648283
        ]
    ],
    "execute_cost": 9.87600040435791,
    "finish_time": 25648294,
    "limit_cost_by_ms": 8.529666900634766,
    "model_name": "googlenet",
    "recv_time": 25612666,
    "tag": "367",
    "total_cost_by_ms": 35.62799835205078,
    "wait_cost": 25.751998901367188
}
