{
    "child_model_execute_cost_by_ms": [
        6.105999946594238
    ],
    "child_model_run_time": [
        [
            25837476,
            25843582
        ]
    ],
    "execute_cost": 6.105999946594238,
    "finish_time": 25843592,
    "limit_cost_by_ms": 5.7816667556762695,
    "model_name": "yolov2",
    "recv_time": 25821306,
    "tag": "367",
    "total_cost_by_ms": 22.285999298095703,
    "wait_cost": 16.18000030517578
}
