{
    "child_model_execute_cost_by_ms": [
        18.68899917602539,
        16.988000869750977,
        19.364999771118164
    ],
    "child_model_run_time": [
        [
            25756482,
            25775171
        ],
        [
            25775256,
            25792244
        ],
        [
            25843696,
            25863061
        ]
    ],
    "execute_cost": 55.04199981689453,
    "finish_time": 25863065,
    "limit_cost_by_ms": 44.492332458496094,
    "model_name": "vgg19",
    "recv_time": 25756421,
    "tag": "364",
    "total_cost_by_ms": 106.64399719238281,
    "wait_cost": 51.60199737548828
}
