{
    "child_model_execute_cost_by_ms": [
        15.347999572753906,
        13.645000457763672
    ],
    "child_model_run_time": [
        [
            25600633,
            25615981
        ],
        [
            25648348,
            25661993
        ]
    ],
    "execute_cost": 28.993000030517578,
    "finish_time": 25662002,
    "limit_cost_by_ms": 18.771333694458008,
    "model_name": "resnet50",
    "recv_time": 25595356,
    "tag": "365",
    "total_cost_by_ms": 66.64600372314453,
    "wait_cost": 37.65300369262695
}
