{
    "child_model_execute_cost_by_ms": [
        18.531999588012695,
        16.92300033569336,
        18.91900062561035
    ],
    "child_model_run_time": [
        [
            25662103,
            25680635
        ],
        [
            25680661,
            25697584
        ],
        [
            25697610,
            25716529
        ]
    ],
    "execute_cost": 54.374000549316406,
    "finish_time": 25716533,
    "limit_cost_by_ms": 44.79933166503906,
    "model_name": "vgg19",
    "recv_time": 25583287,
    "tag": "364",
    "total_cost_by_ms": 133.24600219726563,
    "wait_cost": 78.87200164794922
}
