{
    "child_model_execute_cost_by_ms": [
        10.161999702453613
    ],
    "child_model_run_time": [
        [
            25863289,
            25873451
        ]
    ],
    "execute_cost": 10.161999702453613,
    "finish_time": 25873456,
    "limit_cost_by_ms": 8.904333114624023,
    "model_name": "googlenet",
    "recv_time": 25863229,
    "tag": "368",
    "total_cost_by_ms": 10.22700023651123,
    "wait_cost": 0.06500053405761719
}
