{
    "child_model_execute_cost_by_ms": [
        13.28600025177002
    ],
    "child_model_run_time": [
        [
            25908276,
            25921562
        ]
    ],
    "execute_cost": 13.28600025177002,
    "finish_time": 25921572,
    "limit_cost_by_ms": 6.894999980926514,
    "model_name": "gpt128v2",
    "recv_time": 25893959,
    "tag": "371",
    "total_cost_by_ms": 27.613000869750977,
    "wait_cost": 14.327000617980957
}
