{
    "child_model_execute_cost_by_ms": [
        6.360000133514404
    ],
    "child_model_run_time": [
        [
            25744942,
            25751302
        ]
    ],
    "execute_cost": 6.360000133514404,
    "finish_time": 25751313,
    "limit_cost_by_ms": 5.815999984741211,
    "model_name": "yolov2",
    "recv_time": 25737754,
    "tag": "373",
    "total_cost_by_ms": 13.559000015258789,
    "wait_cost": 7.198999881744385
}
