{
    "child_model_execute_cost_by_ms": [
        14.444999694824219,
        12.975000381469727
    ],
    "child_model_run_time": [
        [
            18131697,
            18146142
        ],
        [
            18146228,
            18159203
        ]
    ],
    "execute_cost": 27.420000076293945,
    "finish_time": 18159209,
    "limit_cost_by_ms": 18.771333694458008,
    "model_name": "resnet50",
    "recv_time": 18116587,
    "tag": "39",
    "total_cost_by_ms": 42.62200164794922,
    "wait_cost": 15.202001571655273
}
