{
    "child_model_execute_cost_by_ms": [
        13.225000381469727
    ],
    "child_model_run_time": [
        [
            25751361,
            25764586
        ]
    ],
    "execute_cost": 13.225000381469727,
    "finish_time": 25764598,
    "limit_cost_by_ms": 6.9683332443237305,
    "model_name": "gpt128v2",
    "recv_time": 25733587,
    "tag": "371",
    "total_cost_by_ms": 31.01099967956543,
    "wait_cost": 17.785999298095703
}
