{
    "child_model_execute_cost_by_ms": [
        19.239999771118164,
        18.475000381469727,
        19.43400001525879
    ],
    "child_model_run_time": [
        [
            25873763,
            25893003
        ],
        [
            25944186,
            25962661
        ],
        [
            25962700,
            25982134
        ]
    ],
    "execute_cost": 57.14900207519531,
    "finish_time": 25982138,
    "limit_cost_by_ms": 44.492332458496094,
    "model_name": "vgg19",
    "recv_time": 25873705,
    "tag": "369",
    "total_cost_by_ms": 108.43299865722656,
    "wait_cost": 51.28399658203125
}
