{
    "child_model_execute_cost_by_ms": [
        11.694000244140625
    ],
    "child_model_run_time": [
        [
            25764633,
            25776327
        ]
    ],
    "execute_cost": 11.694000244140625,
    "finish_time": 25776339,
    "limit_cost_by_ms": 8.529666900634766,
    "model_name": "googlenet",
    "recv_time": 25737658,
    "tag": "372",
    "total_cost_by_ms": 38.680999755859375,
    "wait_cost": 26.98699951171875
}
