{
    "child_model_execute_cost_by_ms": [
        10.138999938964844
    ],
    "child_model_run_time": [
        [
            25982180,
            25992319
        ]
    ],
    "execute_cost": 10.138999938964844,
    "finish_time": 25992324,
    "limit_cost_by_ms": 8.904333114624023,
    "model_name": "googlenet",
    "recv_time": 25967924,
    "tag": "373",
    "total_cost_by_ms": 24.399999618530273,
    "wait_cost": 14.26099967956543
}
