{
    "child_model_execute_cost_by_ms": [
        17.53700065612793,
        16.374000549316406,
        18.940000534057617
    ],
    "child_model_run_time": [
        [
            25776364,
            25793901
        ],
        [
            25793987,
            25810361
        ],
        [
            25810450,
            25829390
        ]
    ],
    "execute_cost": 52.85100555419922,
    "finish_time": 25829393,
    "limit_cost_by_ms": 44.79933166503906,
    "model_name": "vgg19",
    "recv_time": 25688136,
    "tag": "369",
    "total_cost_by_ms": 141.2570037841797,
    "wait_cost": 88.40599822998047
}
