{
    "child_model_execute_cost_by_ms": [
        12.13700008392334
    ],
    "child_model_run_time": [
        [
            25860856,
            25872993
        ]
    ],
    "execute_cost": 12.13700008392334,
    "finish_time": 25873004,
    "limit_cost_by_ms": 8.529666900634766,
    "model_name": "googlenet",
    "recv_time": 25850863,
    "tag": "377",
    "total_cost_by_ms": 22.141000747680664,
    "wait_cost": 10.004000663757324
}
