{
    "child_model_execute_cost_by_ms": [
        15.58899974822998,
        15.781000137329102
    ],
    "child_model_run_time": [
        [
            26010869,
            26026458
        ],
        [
            26039520,
            26055301
        ]
    ],
    "execute_cost": 31.369998931884766,
    "finish_time": 26055312,
    "limit_cost_by_ms": 18.256332397460938,
    "model_name": "resnet50",
    "recv_time": 25994523,
    "tag": "375",
    "total_cost_by_ms": 60.78900146484375,
    "wait_cost": 29.419002532958984
}
