{
    "child_model_execute_cost_by_ms": [
        14.031000137329102,
        12.199000358581543
    ],
    "child_model_run_time": [
        [
            25879696,
            25893727
        ],
        [
            25893769,
            25905968
        ]
    ],
    "execute_cost": 26.229999542236328,
    "finish_time": 25905973,
    "limit_cost_by_ms": 18.771333694458008,
    "model_name": "resnet50",
    "recv_time": 25829964,
    "tag": "375",
    "total_cost_by_ms": 76.00900268554688,
    "wait_cost": 49.77900314331055
}
