{
    "child_model_execute_cost_by_ms": [
        18.20599937438965,
        18.275999069213867,
        18.988000869750977
    ],
    "child_model_run_time": [
        [
            25992623,
            26010829
        ],
        [
            26061922,
            26080198
        ],
        [
            26080283,
            26099271
        ]
    ],
    "execute_cost": 55.470001220703125,
    "finish_time": 26099276,
    "limit_cost_by_ms": 44.492332458496094,
    "model_name": "vgg19",
    "recv_time": 25992578,
    "tag": "374",
    "total_cost_by_ms": 106.697998046875,
    "wait_cost": 51.227996826171875
}
