{
    "child_model_execute_cost_by_ms": [
        10.262999534606934
    ],
    "child_model_run_time": [
        [
            26099459,
            26109722
        ]
    ],
    "execute_cost": 10.262999534606934,
    "finish_time": 26109726,
    "limit_cost_by_ms": 8.904333114624023,
    "model_name": "googlenet",
    "recv_time": 26094609,
    "tag": "378",
    "total_cost_by_ms": 15.116999626159668,
    "wait_cost": 4.854000091552734
}
