{
    "child_model_execute_cost_by_ms": [
        17.988000869750977,
        18.110000610351563,
        19.207000732421875
    ],
    "child_model_run_time": [
        [
            25829433,
            25847421
        ],
        [
            25906009,
            25924119
        ],
        [
            25924148,
            25943355
        ]
    ],
    "execute_cost": 55.30500030517578,
    "finish_time": 25943360,
    "limit_cost_by_ms": 44.79933166503906,
    "model_name": "vgg19",
    "recv_time": 25810419,
    "tag": "374",
    "total_cost_by_ms": 132.9409942626953,
    "wait_cost": 77.63599395751953
}
