{
    "child_model_execute_cost_by_ms": [
        10.630000114440918
    ],
    "child_model_run_time": [
        [
            25973722,
            25984352
        ]
    ],
    "execute_cost": 10.630000114440918,
    "finish_time": 25984363,
    "limit_cost_by_ms": 8.529666900634766,
    "model_name": "googlenet",
    "recv_time": 25962162,
    "tag": "381",
    "total_cost_by_ms": 22.201000213623047,
    "wait_cost": 11.571000099182129
}
