{
    "child_model_execute_cost_by_ms": [
        15.097999572753906,
        13.694999694824219
    ],
    "child_model_run_time": [
        [
            26110182,
            26125280
        ],
        [
            26125321,
            26139016
        ]
    ],
    "execute_cost": 28.792999267578125,
    "finish_time": 26139022,
    "limit_cost_by_ms": 18.256332397460938,
    "model_name": "resnet50",
    "recv_time": 26110114,
    "tag": "379",
    "total_cost_by_ms": 28.908000946044922,
    "wait_cost": 0.11500167846679688
}
