{
    "child_model_execute_cost_by_ms": [
        6.355999946594238
    ],
    "child_model_run_time": [
        [
            25984456,
            25990812
        ]
    ],
    "execute_cost": 6.355999946594238,
    "finish_time": 25990818,
    "limit_cost_by_ms": 5.815999984741211,
    "model_name": "yolov2",
    "recv_time": 25974201,
    "tag": "382",
    "total_cost_by_ms": 16.617000579833984,
    "wait_cost": 10.261000633239746
}
