{
    "child_model_execute_cost_by_ms": [
        13.095999717712402
    ],
    "child_model_run_time": [
        [
            18218133,
            18231229
        ]
    ],
    "execute_cost": 13.095999717712402,
    "finish_time": 18231237,
    "limit_cost_by_ms": 6.894999980926514,
    "model_name": "gpt128v2",
    "recv_time": 18215356,
    "tag": "40",
    "total_cost_by_ms": 15.880999565124512,
    "wait_cost": 2.7849998474121094
}
