{
    "child_model_execute_cost_by_ms": [
        13.52400016784668
    ],
    "child_model_run_time": [
        [
            25990947,
            26004471
        ]
    ],
    "execute_cost": 13.52400016784668,
    "finish_time": 26004483,
    "limit_cost_by_ms": 6.9683332443237305,
    "model_name": "gpt128v2",
    "recv_time": 25983061,
    "tag": "383",
    "total_cost_by_ms": 21.422000885009766,
    "wait_cost": 7.898000717163086
}
