{
    "child_model_execute_cost_by_ms": [
        12.83899974822998,
        15.645999908447266
    ],
    "child_model_run_time": [
        [
            25960829,
            25973668
        ],
        [
            26004503,
            26020149
        ]
    ],
    "execute_cost": 28.485000610351563,
    "finish_time": 26020159,
    "limit_cost_by_ms": 18.771333694458008,
    "model_name": "resnet50",
    "recv_time": 25958059,
    "tag": "380",
    "total_cost_by_ms": 62.099998474121094,
    "wait_cost": 33.61499786376953
}
