{
    "child_model_execute_cost_by_ms": [
        18.827999114990234,
        16.746000289916992,
        18.691999435424805
    ],
    "child_model_run_time": [
        [
            26161644,
            26180472
        ],
        [
            26180506,
            26197252
        ],
        [
            26197284,
            26215976
        ]
    ],
    "execute_cost": 54.26599884033203,
    "finish_time": 26215980,
    "limit_cost_by_ms": 44.492332458496094,
    "model_name": "vgg19",
    "recv_time": 26112276,
    "tag": "380",
    "total_cost_by_ms": 103.7040023803711,
    "wait_cost": 49.43800354003906
}
