{
    "child_model_execute_cost_by_ms": [
        9.819000244140625
    ],
    "child_model_run_time": [
        [
            26216056,
            26225875
        ]
    ],
    "execute_cost": 9.819000244140625,
    "finish_time": 26225879,
    "limit_cost_by_ms": 8.904333114624023,
    "model_name": "googlenet",
    "recv_time": 26208007,
    "tag": "383",
    "total_cost_by_ms": 17.871999740600586,
    "wait_cost": 8.052999496459961
}
