{
    "child_model_execute_cost_by_ms": [
        17.28499984741211,
        18.01099967956543,
        19.360000610351563
    ],
    "child_model_run_time": [
        [
            25943402,
            25960687
        ],
        [
            26020176,
            26038187
        ],
        [
            26038225,
            26057585
        ]
    ],
    "execute_cost": 54.65599822998047,
    "finish_time": 26057589,
    "limit_cost_by_ms": 44.79933166503906,
    "model_name": "vgg19",
    "recv_time": 25929843,
    "tag": "379",
    "total_cost_by_ms": 127.74600219726563,
    "wait_cost": 73.09000396728516
}
