{
    "child_model_execute_cost_by_ms": [
        6.440999984741211
    ],
    "child_model_run_time": [
        [
            26089808,
            26096249
        ]
    ],
    "execute_cost": 6.440999984741211,
    "finish_time": 26096257,
    "limit_cost_by_ms": 5.815999984741211,
    "model_name": "yolov2",
    "recv_time": 26074890,
    "tag": "386",
    "total_cost_by_ms": 21.367000579833984,
    "wait_cost": 14.926000595092773
}
