{
    "child_model_execute_cost_by_ms": [
        14.871999740600586,
        13.609999656677246
    ],
    "child_model_run_time": [
        [
            26226213,
            26241085
        ],
        [
            26241170,
            26254780
        ]
    ],
    "execute_cost": 28.481998443603516,
    "finish_time": 26254785,
    "limit_cost_by_ms": 18.256332397460938,
    "model_name": "resnet50",
    "recv_time": 26226157,
    "tag": "384",
    "total_cost_by_ms": 28.628000259399414,
    "wait_cost": 0.14600181579589844
}
