{
    "child_model_execute_cost_by_ms": [
        13.67199993133545
    ],
    "child_model_run_time": [
        [
            26254961,
            26268633
        ]
    ],
    "execute_cost": 13.67199993133545,
    "finish_time": 26268645,
    "limit_cost_by_ms": 6.894999980926514,
    "model_name": "gpt128v2",
    "recv_time": 26251065,
    "tag": "385",
    "total_cost_by_ms": 17.579999923706055,
    "wait_cost": 3.9079999923706055
}
