{
    "child_model_execute_cost_by_ms": [
        13.253999710083008
    ],
    "child_model_run_time": [
        [
            26097668,
            26110922
        ]
    ],
    "execute_cost": 13.253999710083008,
    "finish_time": 26110934,
    "limit_cost_by_ms": 6.9683332443237305,
    "model_name": "gpt128v2",
    "recv_time": 26097634,
    "tag": "388",
    "total_cost_by_ms": 13.300000190734863,
    "wait_cost": 0.04600048065185547
}
