{
    "child_model_execute_cost_by_ms": [
        11.789999961853027
    ],
    "child_model_run_time": [
        [
            26110960,
            26122750
        ]
    ],
    "execute_cost": 11.789999961853027,
    "finish_time": 26122760,
    "limit_cost_by_ms": 8.529666900634766,
    "model_name": "googlenet",
    "recv_time": 26090536,
    "tag": "387",
    "total_cost_by_ms": 32.2239990234375,
    "wait_cost": 20.433998107910156
}
