{
    "child_model_execute_cost_by_ms": [
        6.169000148773193
    ],
    "child_model_run_time": [
        [
            26305037,
            26311206
        ]
    ],
    "execute_cost": 6.169000148773193,
    "finish_time": 26311215,
    "limit_cost_by_ms": 5.7816667556762695,
    "model_name": "yolov2",
    "recv_time": 26289983,
    "tag": "387",
    "total_cost_by_ms": 21.23200035095215,
    "wait_cost": 15.062999725341797
}
