{
    "child_model_execute_cost_by_ms": [
        14.932000160217285,
        13.451000213623047
    ],
    "child_model_run_time": [
        [
            26074819,
            26089751
        ],
        [
            26122781,
            26136232
        ]
    ],
    "execute_cost": 28.382999420166016,
    "finish_time": 26136238,
    "limit_cost_by_ms": 18.771333694458008,
    "model_name": "resnet50",
    "recv_time": 26070344,
    "tag": "385",
    "total_cost_by_ms": 65.89399719238281,
    "wait_cost": 37.5109977722168
}
