{
    "child_model_execute_cost_by_ms": [
        19.841999053955078,
        16.356000900268555,
        18.9950008392334
    ],
    "child_model_run_time": [
        [
            26268761,
            26288603
        ],
        [
            26288637,
            26304993
        ],
        [
            26311305,
            26330300
        ]
    ],
    "execute_cost": 55.19300079345703,
    "finish_time": 26330302,
    "limit_cost_by_ms": 44.492332458496094,
    "model_name": "vgg19",
    "recv_time": 26255414,
    "tag": "386",
    "total_cost_by_ms": 74.88800048828125,
    "wait_cost": 19.69499969482422
}
