{
    "child_model_execute_cost_by_ms": [
        17.152000427246094,
        17.95199966430664,
        19.059999465942383
    ],
    "child_model_run_time": [
        [
            26057631,
            26074783
        ],
        [
            26136334,
            26154286
        ],
        [
            26154320,
            26173380
        ]
    ],
    "execute_cost": 54.16400146484375,
    "finish_time": 26173384,
    "limit_cost_by_ms": 44.79933166503906,
    "model_name": "vgg19",
    "recv_time": 26050115,
    "tag": "384",
    "total_cost_by_ms": 123.26899719238281,
    "wait_cost": 69.10499572753906
}
