{
    "child_model_execute_cost_by_ms": [
        9.777999877929688
    ],
    "child_model_run_time": [
        [
            26330602,
            26340380
        ]
    ],
    "execute_cost": 9.777999877929688,
    "finish_time": 26340385,
    "limit_cost_by_ms": 8.904333114624023,
    "model_name": "googlenet",
    "recv_time": 26330545,
    "tag": "388",
    "total_cost_by_ms": 9.84000015258789,
    "wait_cost": 0.062000274658203125
}
