{
    "child_model_execute_cost_by_ms": [
        6.64300012588501
    ],
    "child_model_run_time": [
        [
            26190751,
            26197394
        ]
    ],
    "execute_cost": 6.64300012588501,
    "finish_time": 26197405,
    "limit_cost_by_ms": 5.815999984741211,
    "model_name": "yolov2",
    "recv_time": 26182350,
    "tag": "390",
    "total_cost_by_ms": 15.055000305175781,
    "wait_cost": 8.41200065612793
}
