{
    "child_model_execute_cost_by_ms": [
        13.265999794006348
    ],
    "child_model_run_time": [
        [
            26212418,
            26225684
        ]
    ],
    "execute_cost": 13.265999794006348,
    "finish_time": 26225695,
    "limit_cost_by_ms": 6.9683332443237305,
    "model_name": "gpt128v2",
    "recv_time": 26199358,
    "tag": "392",
    "total_cost_by_ms": 26.336999893188477,
    "wait_cost": 13.071000099182129
}
