{
    "child_model_execute_cost_by_ms": [
        19.055999755859375,
        19.152999877929688,
        20.863000869750977
    ],
    "child_model_run_time": [
        [
            18142361,
            18161417
        ],
        [
            18198833,
            18217986
        ],
        [
            18231267,
            18252130
        ]
    ],
    "execute_cost": 59.071998596191406,
    "finish_time": 18252133,
    "limit_cost_by_ms": 44.492332458496094,
    "model_name": "vgg19",
    "recv_time": 18137985,
    "tag": "37",
    "total_cost_by_ms": 114.14800262451172,
    "wait_cost": 55.07600402832031
}
