{
    "child_model_execute_cost_by_ms": [
        12.666999816894531
    ],
    "child_model_run_time": [
        [
            18184074,
            18196741
        ]
    ],
    "execute_cost": 12.666999816894531,
    "finish_time": 18196753,
    "limit_cost_by_ms": 6.9683332443237305,
    "model_name": "gpt128v2",
    "recv_time": 18161616,
    "tag": "40",
    "total_cost_by_ms": 35.137001037597656,
    "wait_cost": 22.470001220703125
}
