{
    "child_model_execute_cost_by_ms": [
        12.135000228881836
    ],
    "child_model_run_time": [
        [
            26225947,
            26238082
        ]
    ],
    "execute_cost": 12.135000228881836,
    "finish_time": 26238090,
    "limit_cost_by_ms": 8.529666900634766,
    "model_name": "googlenet",
    "recv_time": 26215381,
    "tag": "393",
    "total_cost_by_ms": 22.708999633789063,
    "wait_cost": 10.573999404907227
}
