{
    "child_model_execute_cost_by_ms": [
        20.687000274658203,
        16.81100082397461,
        19.305999755859375
    ],
    "child_model_run_time": [
        [
            26383276,
            26403963
        ],
        [
            26404046,
            26420857
        ],
        [
            26427112,
            26446418
        ]
    ],
    "execute_cost": 56.80400085449219,
    "finish_time": 26446420,
    "limit_cost_by_ms": 44.492332458496094,
    "model_name": "vgg19",
    "recv_time": 26382768,
    "tag": "391",
    "total_cost_by_ms": 63.652000427246094,
    "wait_cost": 6.847999572753906
}
