{
    "child_model_execute_cost_by_ms": [
        14.836999893188477,
        13.666999816894531
    ],
    "child_model_run_time": [
        [
            26197511,
            26212348
        ],
        [
            26238136,
            26251803
        ]
    ],
    "execute_cost": 28.503999710083008,
    "finish_time": 26251810,
    "limit_cost_by_ms": 18.771333694458008,
    "model_name": "resnet50",
    "recv_time": 26182441,
    "tag": "391",
    "total_cost_by_ms": 69.36900329589844,
    "wait_cost": 40.86500549316406
}
