{
    "child_model_execute_cost_by_ms": [
        10.397000312805176
    ],
    "child_model_run_time": [
        [
            26446717,
            26457114
        ]
    ],
    "execute_cost": 10.397000312805176,
    "finish_time": 26457118,
    "limit_cost_by_ms": 8.904333114624023,
    "model_name": "googlenet",
    "recv_time": 26446657,
    "tag": "393",
    "total_cost_by_ms": 10.461000442504883,
    "wait_cost": 0.06400012969970703
}
