{
    "child_model_execute_cost_by_ms": [
        17.270000457763672,
        18.072999954223633,
        19.381999969482422
    ],
    "child_model_run_time": [
        [
            26173424,
            26190694
        ],
        [
            26251850,
            26269923
        ],
        [
            26269957,
            26289339
        ]
    ],
    "execute_cost": 54.72500228881836,
    "finish_time": 26289344,
    "limit_cost_by_ms": 44.79933166503906,
    "model_name": "vgg19",
    "recv_time": 26158185,
    "tag": "389",
    "total_cost_by_ms": 131.15899658203125,
    "wait_cost": 76.43399047851563
}
