{
    "child_model_execute_cost_by_ms": [
        6.322999954223633
    ],
    "child_model_run_time": [
        [
            26304898,
            26311221
        ]
    ],
    "execute_cost": 6.322999954223633,
    "finish_time": 26311228,
    "limit_cost_by_ms": 5.815999984741211,
    "model_name": "yolov2",
    "recv_time": 26299714,
    "tag": "397",
    "total_cost_by_ms": 11.513999938964844,
    "wait_cost": 5.190999984741211
}
