{
    "child_model_execute_cost_by_ms": [
        13.128999710083008
    ],
    "child_model_run_time": [
        [
            26311392,
            26324521
        ]
    ],
    "execute_cost": 13.128999710083008,
    "finish_time": 26324530,
    "limit_cost_by_ms": 6.9683332443237305,
    "model_name": "gpt128v2",
    "recv_time": 26295553,
    "tag": "396",
    "total_cost_by_ms": 28.976999282836914,
    "wait_cost": 15.847999572753906
}
