{
    "child_model_execute_cost_by_ms": [
        8.531000137329102
    ],
    "child_model_run_time": [
        [
            26499977,
            26508508
        ]
    ],
    "execute_cost": 8.531000137329102,
    "finish_time": 26508518,
    "limit_cost_by_ms": 5.7816667556762695,
    "model_name": "yolov2",
    "recv_time": 26496093,
    "tag": "397",
    "total_cost_by_ms": 12.425000190734863,
    "wait_cost": 3.8940000534057617
}
