{
    "child_model_execute_cost_by_ms": [
        15.435999870300293,
        15.87600040435791
    ],
    "child_model_run_time": [
        [
            26289416,
            26304852
        ],
        [
            26324559,
            26340435
        ]
    ],
    "execute_cost": 31.312000274658203,
    "finish_time": 26340444,
    "limit_cost_by_ms": 18.771333694458008,
    "model_name": "resnet50",
    "recv_time": 26282460,
    "tag": "395",
    "total_cost_by_ms": 57.98400115966797,
    "wait_cost": 26.672000885009766
}
