{
    "child_model_execute_cost_by_ms": [
        18.655000686645508,
        17.239999771118164,
        18.96500015258789
    ],
    "child_model_run_time": [
        [
            26508627,
            26527282
        ],
        [
            26527317,
            26544557
        ],
        [
            26544589,
            26563554
        ]
    ],
    "execute_cost": 54.86000061035156,
    "finish_time": 26563556,
    "limit_cost_by_ms": 44.492332458496094,
    "model_name": "vgg19",
    "recv_time": 26479771,
    "tag": "396",
    "total_cost_by_ms": 83.78500366210938,
    "wait_cost": 28.925003051757813
}
