{
    "child_model_execute_cost_by_ms": [
        9.758999824523926
    ],
    "child_model_run_time": [
        [
            26340546,
            26350305
        ]
    ],
    "execute_cost": 9.758999824523926,
    "finish_time": 26350315,
    "limit_cost_by_ms": 8.529666900634766,
    "model_name": "googlenet",
    "recv_time": 26334249,
    "tag": "398",
    "total_cost_by_ms": 16.06599998474121,
    "wait_cost": 6.307000160217285
}
