{
    "child_model_execute_cost_by_ms": [
        9.902999877929688
    ],
    "child_model_run_time": [
        [
            26563904,
            26573807
        ]
    ],
    "execute_cost": 9.902999877929688,
    "finish_time": 26573812,
    "limit_cost_by_ms": 8.904333114624023,
    "model_name": "googlenet",
    "recv_time": 26563786,
    "tag": "398",
    "total_cost_by_ms": 10.026000022888184,
    "wait_cost": 0.1230001449584961
}
