{
    "child_model_execute_cost_by_ms": [
        18.41699981689453,
        16.77199935913086,
        18.801000595092773
    ],
    "child_model_run_time": [
        [
            26350403,
            26368820
        ],
        [
            26368856,
            26385628
        ],
        [
            26385710,
            26404511
        ]
    ],
    "execute_cost": 53.98999786376953,
    "finish_time": 26404515,
    "limit_cost_by_ms": 44.79933166503906,
    "model_name": "vgg19",
    "recv_time": 26274394,
    "tag": "394",
    "total_cost_by_ms": 130.12100219726563,
    "wait_cost": 76.1310043334961
}
