{
    "child_model_execute_cost_by_ms": [
        14.241000175476074,
        12.555000305175781
    ],
    "child_model_run_time": [
        [
            26574087,
            26588328
        ],
        [
            26588356,
            26600911
        ]
    ],
    "execute_cost": 26.796001434326172,
    "finish_time": 26600916,
    "limit_cost_by_ms": 18.256332397460938,
    "model_name": "resnet50",
    "recv_time": 26574076,
    "tag": "399",
    "total_cost_by_ms": 26.84000015258789,
    "wait_cost": 0.04399871826171875
}
