{
    "child_model_execute_cost_by_ms": [
        12.732000350952148
    ],
    "child_model_run_time": [
        [
            26405932,
            26418664
        ]
    ],
    "execute_cost": 12.732000350952148,
    "finish_time": 26418673,
    "limit_cost_by_ms": 6.9683332443237305,
    "model_name": "gpt128v2",
    "recv_time": 26405873,
    "tag": "401",
    "total_cost_by_ms": 12.800000190734863,
    "wait_cost": 0.06799983978271484
}
