{
    "child_model_execute_cost_by_ms": [
        6.460999965667725
    ],
    "child_model_run_time": [
        [
            26435881,
            26442342
        ]
    ],
    "execute_cost": 6.460999965667725,
    "finish_time": 26442349,
    "limit_cost_by_ms": 5.815999984741211,
    "model_name": "yolov2",
    "recv_time": 26420936,
    "tag": "402",
    "total_cost_by_ms": 21.413000106811523,
    "wait_cost": 14.95199966430664
}
