{
    "child_model_execute_cost_by_ms": [
        8.093999862670898
    ],
    "child_model_run_time": [
        [
            17377539,
            17385633
        ]
    ],
    "execute_cost": 8.093999862670898,
    "finish_time": 17385642,
    "limit_cost_by_ms": 5.815999984741211,
    "model_name": "yolov2",
    "recv_time": 17366549,
    "tag": "6",
    "total_cost_by_ms": 19.093000411987305,
    "wait_cost": 10.999000549316406
}
