{
    "child_model_execute_cost_by_ms": [
        20.96500015258789,
        20.30699920654297,
        23.089000701904297
    ],
    "child_model_run_time": [
        [
            17368646,
            17389611
        ],
        [
            17389646,
            17409953
        ],
        [
            17409964,
            17433053
        ]
    ],
    "execute_cost": 64.36100006103516,
    "finish_time": 17433056,
    "limit_cost_by_ms": 44.492332458496094,
    "model_name": "vgg19",
    "recv_time": 17310677,
    "tag": "4",
    "total_cost_by_ms": 122.37899780273438,
    "wait_cost": 58.01799774169922
}
