{
    "child_model_execute_cost_by_ms": [
        17.663000106811523,
        18.469999313354492,
        21.66699981689453
    ],
    "child_model_run_time": [
        [
            18113988,
            18131651
        ],
        [
            18159275,
            18177745
        ],
        [
            18196771,
            18218438
        ]
    ],
    "execute_cost": 57.79999923706055,
    "finish_time": 18218446,
    "limit_cost_by_ms": 44.79933166503906,
    "model_name": "vgg19",
    "recv_time": 18088094,
    "tag": "37",
    "total_cost_by_ms": 130.3520050048828,
    "wait_cost": 72.552001953125
}
