{
    "child_model_execute_cost_by_ms": [
        17.142000198364258,
        12.758000373840332
    ],
    "child_model_run_time": [
        [
            26418691,
            26435833
        ],
        [
            26442371,
            26455129
        ]
    ],
    "execute_cost": 29.900001525878906,
    "finish_time": 26455134,
    "limit_cost_by_ms": 18.771333694458008,
    "model_name": "resnet50",
    "recv_time": 26390556,
    "tag": "400",
    "total_cost_by_ms": 64.5780029296875,
    "wait_cost": 34.678001403808594
}
