{
    "child_model_execute_cost_by_ms": [
        9.482999801635742
    ],
    "child_model_run_time": [
        [
            26473391,
            26482874
        ]
    ],
    "execute_cost": 9.482999801635742,
    "finish_time": 26482884,
    "limit_cost_by_ms": 8.529666900634766,
    "model_name": "googlenet",
    "recv_time": 26455417,
    "tag": "403",
    "total_cost_by_ms": 27.466999053955078,
    "wait_cost": 17.983999252319336
}
