{
    "child_model_execute_cost_by_ms": [
        18.898000717163086,
        20.216999053955078,
        18.854999542236328
    ],
    "child_model_run_time": [
        [
            26600984,
            26619882
        ],
        [
            26639197,
            26659414
        ],
        [
            26659454,
            26678309
        ]
    ],
    "execute_cost": 57.96999740600586,
    "finish_time": 26678313,
    "limit_cost_by_ms": 44.492332458496094,
    "model_name": "vgg19",
    "recv_time": 26586391,
    "tag": "400",
    "total_cost_by_ms": 91.9219970703125,
    "wait_cost": 33.95199966430664
}
