{
    "child_model_execute_cost_by_ms": [
        10.098999977111816
    ],
    "child_model_run_time": [
        [
            26678371,
            26688470
        ]
    ],
    "execute_cost": 10.098999977111816,
    "finish_time": 26688475,
    "limit_cost_by_ms": 8.904333114624023,
    "model_name": "googlenet",
    "recv_time": 26669927,
    "tag": "403",
    "total_cost_by_ms": 18.54800033569336,
    "wait_cost": 8.449000358581543
}
