{
    "child_model_execute_cost_by_ms": [
        14.409000396728516,
        12.678999900817871
    ],
    "child_model_run_time": [
        [
            26688812,
            26703221
        ],
        [
            26703301,
            26715980
        ]
    ],
    "execute_cost": 27.088001251220703,
    "finish_time": 26715986,
    "limit_cost_by_ms": 18.256332397460938,
    "model_name": "resnet50",
    "recv_time": 26688750,
    "tag": "404",
    "total_cost_by_ms": 27.236000061035156,
    "wait_cost": 0.14799880981445313
}
