{
    "child_model_execute_cost_by_ms": [
        13.289999961853027
    ],
    "child_model_run_time": [
        [
            26529767,
            26543057
        ]
    ],
    "execute_cost": 13.289999961853027,
    "finish_time": 26543065,
    "limit_cost_by_ms": 6.9683332443237305,
    "model_name": "gpt128v2",
    "recv_time": 26518689,
    "tag": "406",
    "total_cost_by_ms": 24.375999450683594,
    "wait_cost": 11.085999488830566
}
