{
    "child_model_execute_cost_by_ms": [
        8.024999618530273
    ],
    "child_model_run_time": [
        [
            26543093,
            26551118
        ]
    ],
    "execute_cost": 8.024999618530273,
    "finish_time": 26551124,
    "limit_cost_by_ms": 5.815999984741211,
    "model_name": "yolov2",
    "recv_time": 26534948,
    "tag": "407",
    "total_cost_by_ms": 16.176000595092773,
    "wait_cost": 8.1510009765625
}
