{
    "child_model_execute_cost_by_ms": [
        18.145000457763672,
        17.95800018310547,
        19.746000289916992
    ],
    "child_model_run_time": [
        [
            26455200,
            26473345
        ],
        [
            26482936,
            26500894
        ],
        [
            26551269,
            26571015
        ]
    ],
    "execute_cost": 55.8489990234375,
    "finish_time": 26571021,
    "limit_cost_by_ms": 44.79933166503906,
    "model_name": "vgg19",
    "recv_time": 26374473,
    "tag": "399",
    "total_cost_by_ms": 196.54800415039063,
    "wait_cost": 140.69900512695313
}
