{
    "child_model_execute_cost_by_ms": [
        19.332000732421875,
        18.489999771118164,
        18.841999053955078
    ],
    "child_model_run_time": [
        [
            26716111,
            26735443
        ],
        [
            26757581,
            26776071
        ],
        [
            26776108,
            26794950
        ]
    ],
    "execute_cost": 56.663997650146484,
    "finish_time": 26794952,
    "limit_cost_by_ms": 44.492332458496094,
    "model_name": "vgg19",
    "recv_time": 26708556,
    "tag": "405",
    "total_cost_by_ms": 86.39600372314453,
    "wait_cost": 29.732006072998047
}
