{
    "child_model_execute_cost_by_ms": [
        9.892999649047852
    ],
    "child_model_run_time": [
        [
            26571144,
            26581037
        ]
    ],
    "execute_cost": 9.892999649047852,
    "finish_time": 26581049,
    "limit_cost_by_ms": 8.529666900634766,
    "model_name": "googlenet",
    "recv_time": 26565380,
    "tag": "408",
    "total_cost_by_ms": 15.668999671936035,
    "wait_cost": 5.776000022888184
}
