{
    "child_model_execute_cost_by_ms": [
        9.996999740600586
    ],
    "child_model_run_time": [
        [
            26795277,
            26805274
        ]
    ],
    "execute_cost": 9.996999740600586,
    "finish_time": 26805279,
    "limit_cost_by_ms": 8.904333114624023,
    "model_name": "googlenet",
    "recv_time": 26795202,
    "tag": "408",
    "total_cost_by_ms": 10.07699966430664,
    "wait_cost": 0.07999992370605469
}
