{
    "child_model_execute_cost_by_ms": [
        15.303999900817871,
        15.826000213623047
    ],
    "child_model_run_time": [
        [
            26615872,
            26631176
        ],
        [
            26644546,
            26660372
        ]
    ],
    "execute_cost": 31.130001068115234,
    "finish_time": 26660379,
    "limit_cost_by_ms": 18.771333694458008,
    "model_name": "resnet50",
    "recv_time": 26609781,
    "tag": "410",
    "total_cost_by_ms": 50.597999572753906,
    "wait_cost": 19.467998504638672
}
