{
    "child_model_execute_cost_by_ms": [
        13.454000473022461
    ],
    "child_model_run_time": [
        [
            26833919,
            26847373
        ]
    ],
    "execute_cost": 13.454000473022461,
    "finish_time": 26847385,
    "limit_cost_by_ms": 6.894999980926514,
    "model_name": "gpt128v2",
    "recv_time": 26833868,
    "tag": "410",
    "total_cost_by_ms": 13.517000198364258,
    "wait_cost": 0.06299972534179688
}
