{
    "child_model_execute_cost_by_ms": [
        6.197999954223633
    ],
    "child_model_run_time": [
        [
            26660439,
            26666637
        ]
    ],
    "execute_cost": 6.197999954223633,
    "finish_time": 26666643,
    "limit_cost_by_ms": 5.815999984741211,
    "model_name": "yolov2",
    "recv_time": 26652980,
    "tag": "412",
    "total_cost_by_ms": 13.663000106811523,
    "wait_cost": 7.465000152587891
}
