{
    "child_model_execute_cost_by_ms": [
        9.968999862670898
    ],
    "child_model_run_time": [
        [
            18218538,
            18228507
        ]
    ],
    "execute_cost": 9.968999862670898,
    "finish_time": 18228518,
    "limit_cost_by_ms": 8.529666900634766,
    "model_name": "googlenet",
    "recv_time": 18200350,
    "tag": "43",
    "total_cost_by_ms": 28.167999267578125,
    "wait_cost": 18.198999404907227
}
