{
    "child_model_execute_cost_by_ms": [
        9.553000450134277
    ],
    "child_model_run_time": [
        [
            18277337,
            18286890
        ]
    ],
    "execute_cost": 9.553000450134277,
    "finish_time": 18286894,
    "limit_cost_by_ms": 8.904333114624023,
    "model_name": "googlenet",
    "recv_time": 18252500,
    "tag": "42",
    "total_cost_by_ms": 34.39400100708008,
    "wait_cost": 24.840999603271484
}
