{
    "child_model_execute_cost_by_ms": [
        17.969999313354492,
        16.70599937438965,
        19.600000381469727
    ],
    "child_model_run_time": [
        [
            26581123,
            26599093
        ],
        [
            26599124,
            26615830
        ],
        [
            26666892,
            26686492
        ]
    ],
    "execute_cost": 54.2760009765625,
    "finish_time": 26686498,
    "limit_cost_by_ms": 44.79933166503906,
    "model_name": "vgg19",
    "recv_time": 26493656,
    "tag": "404",
    "total_cost_by_ms": 192.8419952392578,
    "wait_cost": 138.5659942626953
}
