{
    "child_model_execute_cost_by_ms": [
        20.868999481201172,
        17.045000076293945,
        19.11400032043457
    ],
    "child_model_run_time": [
        [
            26847468,
            26868337
        ],
        [
            26874531,
            26891576
        ],
        [
            26891607,
            26910721
        ]
    ],
    "execute_cost": 57.02799987792969,
    "finish_time": 26910723,
    "limit_cost_by_ms": 44.492332458496094,
    "model_name": "vgg19",
    "recv_time": 26837247,
    "tag": "411",
    "total_cost_by_ms": 73.47599792480469,
    "wait_cost": 16.447998046875
}
