{
    "child_model_execute_cost_by_ms": [
        9.772000312805176
    ],
    "child_model_run_time": [
        [
            26686574,
            26696346
        ]
    ],
    "execute_cost": 9.772000312805176,
    "finish_time": 26696357,
    "limit_cost_by_ms": 8.529666900634766,
    "model_name": "googlenet",
    "recv_time": 26681536,
    "tag": "413",
    "total_cost_by_ms": 14.821000099182129,
    "wait_cost": 5.048999786376953
}
