{
    "child_model_execute_cost_by_ms": [
        9.88700008392334
    ],
    "child_model_run_time": [
        [
            26911145,
            26921032
        ]
    ],
    "execute_cost": 9.88700008392334,
    "finish_time": 26921037,
    "limit_cost_by_ms": 8.904333114624023,
    "model_name": "googlenet",
    "recv_time": 26910972,
    "tag": "413",
    "total_cost_by_ms": 10.0649995803833,
    "wait_cost": 0.17799949645996094
}
