{
    "child_model_execute_cost_by_ms": [
        14.59000015258789,
        12.621000289916992
    ],
    "child_model_run_time": [
        [
            26921354,
            26935944
        ],
        [
            26936031,
            26948652
        ]
    ],
    "execute_cost": 27.211000442504883,
    "finish_time": 26948654,
    "limit_cost_by_ms": 18.256332397460938,
    "model_name": "resnet50",
    "recv_time": 26921343,
    "tag": "414",
    "total_cost_by_ms": 27.31100082397461,
    "wait_cost": 0.10000038146972656
}
