{
    "child_model_execute_cost_by_ms": [
        15.677000045776367,
        15.920000076293945
    ],
    "child_model_run_time": [
        [
            26731604,
            26747281
        ],
        [
            26760678,
            26776598
        ]
    ],
    "execute_cost": 31.597000122070313,
    "finish_time": 26776606,
    "limit_cost_by_ms": 18.771333694458008,
    "model_name": "resnet50",
    "recv_time": 26725930,
    "tag": "415",
    "total_cost_by_ms": 50.67599868774414,
    "wait_cost": 19.078998565673828
}
