{
    "child_model_execute_cost_by_ms": [
        13.741000175476074
    ],
    "child_model_run_time": [
        [
            26950013,
            26963754
        ]
    ],
    "execute_cost": 13.741000175476074,
    "finish_time": 26963763,
    "limit_cost_by_ms": 6.894999980926514,
    "model_name": "gpt128v2",
    "recv_time": 26949911,
    "tag": "415",
    "total_cost_by_ms": 13.85200023651123,
    "wait_cost": 0.11100006103515625
}
