{
    "child_model_execute_cost_by_ms": [
        8.286999702453613
    ],
    "child_model_run_time": [
        [
            26963866,
            26972153
        ]
    ],
    "execute_cost": 8.286999702453613,
    "finish_time": 26972169,
    "limit_cost_by_ms": 5.7816667556762695,
    "model_name": "yolov2",
    "recv_time": 26955083,
    "tag": "416",
    "total_cost_by_ms": 17.086000442504883,
    "wait_cost": 8.79900074005127
}
