{
    "child_model_execute_cost_by_ms": [
        17.929000854492188,
        17.16900062561035,
        19.535999298095703
    ],
    "child_model_run_time": [
        [
            26696426,
            26714355
        ],
        [
            26714393,
            26731562
        ],
        [
            26782969,
            26802505
        ]
    ],
    "execute_cost": 54.63399887084961,
    "finish_time": 26802511,
    "limit_cost_by_ms": 44.79933166503906,
    "model_name": "vgg19",
    "recv_time": 26605711,
    "tag": "409",
    "total_cost_by_ms": 196.8000030517578,
    "wait_cost": 142.16600036621094
}
