{
    "child_model_execute_cost_by_ms": [
        18.510000228881836,
        16.420000076293945,
        18.649999618530273
    ],
    "child_model_run_time": [
        [
            26972545,
            26991055
        ],
        [
            26991138,
            27007558
        ],
        [
            27007590,
            27026240
        ]
    ],
    "execute_cost": 53.58000183105469,
    "finish_time": 27026242,
    "limit_cost_by_ms": 44.492332458496094,
    "model_name": "vgg19",
    "recv_time": 26955227,
    "tag": "417",
    "total_cost_by_ms": 71.01499938964844,
    "wait_cost": 17.43499755859375
}
