{
    "child_model_execute_cost_by_ms": [
        10.005999565124512
    ],
    "child_model_run_time": [
        [
            26802615,
            26812621
        ]
    ],
    "execute_cost": 10.005999565124512,
    "finish_time": 26812631,
    "limit_cost_by_ms": 8.529666900634766,
    "model_name": "googlenet",
    "recv_time": 26801446,
    "tag": "418",
    "total_cost_by_ms": 11.1850004196167,
    "wait_cost": 1.1790008544921875
}
