{
    "child_model_execute_cost_by_ms": [
        13.300999641418457
    ],
    "child_model_run_time": [
        [
            26863398,
            26876699
        ]
    ],
    "execute_cost": 13.300999641418457,
    "finish_time": 26876708,
    "limit_cost_by_ms": 6.9683332443237305,
    "model_name": "gpt128v2",
    "recv_time": 26854958,
    "tag": "421",
    "total_cost_by_ms": 21.75,
    "wait_cost": 8.449000358581543
}
