{
    "child_model_execute_cost_by_ms": [
        14.829999923706055,
        13.567999839782715
    ],
    "child_model_run_time": [
        [
            27036628,
            27051458
        ],
        [
            27051540,
            27065108
        ]
    ],
    "execute_cost": 28.397998809814453,
    "finish_time": 27065113,
    "limit_cost_by_ms": 18.256332397460938,
    "model_name": "resnet50",
    "recv_time": 27036525,
    "tag": "419",
    "total_cost_by_ms": 28.58799934387207,
    "wait_cost": 0.1900005340576172
}
