{
    "child_model_execute_cost_by_ms": [
        15.907999992370605,
        15.916999816894531
    ],
    "child_model_run_time": [
        [
            26847336,
            26863244
        ],
        [
            26876913,
            26892830
        ]
    ],
    "execute_cost": 31.825000762939453,
    "finish_time": 26892838,
    "limit_cost_by_ms": 18.771333694458008,
    "model_name": "resnet50",
    "recv_time": 26842097,
    "tag": "420",
    "total_cost_by_ms": 50.74100112915039,
    "wait_cost": 18.916000366210938
}
