{
    "child_model_execute_cost_by_ms": [
        13.980999946594238
    ],
    "child_model_run_time": [
        [
            27065223,
            27079204
        ]
    ],
    "execute_cost": 13.980999946594238,
    "finish_time": 27079216,
    "limit_cost_by_ms": 6.894999980926514,
    "model_name": "gpt128v2",
    "recv_time": 27054771,
    "tag": "420",
    "total_cost_by_ms": 24.44499969482422,
    "wait_cost": 10.46399974822998
}
