{
    "child_model_execute_cost_by_ms": [
        6.377999782562256
    ],
    "child_model_run_time": [
        [
            26892937,
            26899315
        ]
    ],
    "execute_cost": 6.377999782562256,
    "finish_time": 26899321,
    "limit_cost_by_ms": 5.815999984741211,
    "model_name": "yolov2",
    "recv_time": 26881377,
    "tag": "422",
    "total_cost_by_ms": 17.944000244140625,
    "wait_cost": 11.565999984741211
}
