{
    "child_model_execute_cost_by_ms": [
        15.402000427246094,
        14.269000053405762
    ],
    "child_model_run_time": [
        [
            18228609,
            18244011
        ],
        [
            18244055,
            18258324
        ]
    ],
    "execute_cost": 29.671001434326172,
    "finish_time": 18258329,
    "limit_cost_by_ms": 18.771333694458008,
    "model_name": "resnet50",
    "recv_time": 18212487,
    "tag": "44",
    "total_cost_by_ms": 45.84199905395508,
    "wait_cost": 16.170997619628906
}
