{
    "child_model_execute_cost_by_ms": [
        8.53499984741211
    ],
    "child_model_run_time": [
        [
            27079268,
            27087803
        ]
    ],
    "execute_cost": 8.53499984741211,
    "finish_time": 27087807,
    "limit_cost_by_ms": 5.7816667556762695,
    "model_name": "yolov2",
    "recv_time": 27067140,
    "tag": "421",
    "total_cost_by_ms": 20.66699981689453,
    "wait_cost": 12.131999969482422
}
