{
    "child_model_execute_cost_by_ms": [
        17.85099983215332,
        16.735000610351563,
        19.56399917602539
    ],
    "child_model_run_time": [
        [
            26812679,
            26830530
        ],
        [
            26830557,
            26847292
        ],
        [
            26899504,
            26919068
        ]
    ],
    "execute_cost": 54.14999771118164,
    "finish_time": 26919077,
    "limit_cost_by_ms": 44.79933166503906,
    "model_name": "vgg19",
    "recv_time": 26725863,
    "tag": "414",
    "total_cost_by_ms": 193.21400451660156,
    "wait_cost": 139.0640106201172
}
