{
    "child_model_execute_cost_by_ms": [
        18.299999237060547,
        16.663000106811523,
        18.447999954223633
    ],
    "child_model_run_time": [
        [
            27088209,
            27106509
        ],
        [
            27106546,
            27123209
        ],
        [
            27123241,
            27141689
        ]
    ],
    "execute_cost": 53.41099548339844,
    "finish_time": 27141691,
    "limit_cost_by_ms": 44.492332458496094,
    "model_name": "vgg19",
    "recv_time": 27088144,
    "tag": "422",
    "total_cost_by_ms": 53.547000885009766,
    "wait_cost": 0.13600540161132813
}
