{
    "child_model_execute_cost_by_ms": [
        9.902999877929688
    ],
    "child_model_run_time": [
        [
            26937087,
            26946990
        ]
    ],
    "execute_cost": 9.902999877929688,
    "finish_time": 26947001,
    "limit_cost_by_ms": 8.529666900634766,
    "model_name": "googlenet",
    "recv_time": 26919397,
    "tag": "423",
    "total_cost_by_ms": 27.604000091552734,
    "wait_cost": 17.701000213623047
}
