{
    "child_model_execute_cost_by_ms": [
        9.767000198364258
    ],
    "child_model_run_time": [
        [
            27141998,
            27151765
        ]
    ],
    "execute_cost": 9.767000198364258,
    "finish_time": 27151775,
    "limit_cost_by_ms": 8.904333114624023,
    "model_name": "googlenet",
    "recv_time": 27141944,
    "tag": "423",
    "total_cost_by_ms": 9.831000328063965,
    "wait_cost": 0.06400012969970703
}
