{
    "child_model_execute_cost_by_ms": [
        14.652999877929688,
        14.244999885559082
    ],
    "child_model_run_time": [
        [
            26964422,
            26979075
        ],
        [
            26979117,
            26993362
        ]
    ],
    "execute_cost": 28.897998809814453,
    "finish_time": 26993367,
    "limit_cost_by_ms": 18.771333694458008,
    "model_name": "resnet50",
    "recv_time": 26962699,
    "tag": "425",
    "total_cost_by_ms": 30.667999267578125,
    "wait_cost": 1.7700004577636719
}
