{
    "child_model_execute_cost_by_ms": [
        6.421999931335449
    ],
    "child_model_run_time": [
        [
            26993388,
            26999810
        ]
    ],
    "execute_cost": 6.421999931335449,
    "finish_time": 26999815,
    "limit_cost_by_ms": 5.815999984741211,
    "model_name": "yolov2",
    "recv_time": 26990831,
    "tag": "427",
    "total_cost_by_ms": 8.984000205993652,
    "wait_cost": 2.562000274658203
}
