{
    "child_model_execute_cost_by_ms": [
        13.645000457763672
    ],
    "child_model_run_time": [
        [
            26999901,
            27013546
        ]
    ],
    "execute_cost": 13.645000457763672,
    "finish_time": 27013555,
    "limit_cost_by_ms": 6.9683332443237305,
    "model_name": "gpt128v2",
    "recv_time": 26991717,
    "tag": "426",
    "total_cost_by_ms": 21.83799934387207,
    "wait_cost": 8.192998886108398
}
