{
    "child_model_execute_cost_by_ms": [
        17.868000030517578,
        17.229000091552734,
        21.35300064086914
    ],
    "child_model_run_time": [
        [
            26919125,
            26936993
        ],
        [
            26947051,
            26964280
        ],
        [
            27013659,
            27035012
        ]
    ],
    "execute_cost": 56.45000076293945,
    "finish_time": 27035019,
    "limit_cost_by_ms": 44.79933166503906,
    "model_name": "vgg19",
    "recv_time": 26834035,
    "tag": "419",
    "total_cost_by_ms": 200.98399353027344,
    "wait_cost": 144.53399658203125
}
