{
    "child_model_execute_cost_by_ms": [
        15.527999877929688,
        13.911999702453613
    ],
    "child_model_run_time": [
        [
            27151848,
            27167376
        ],
        [
            27189755,
            27203667
        ]
    ],
    "execute_cost": 29.439998626708984,
    "finish_time": 27203676,
    "limit_cost_by_ms": 18.256332397460938,
    "model_name": "resnet50",
    "recv_time": 27142048,
    "tag": "424",
    "total_cost_by_ms": 61.62799835205078,
    "wait_cost": 32.1879997253418
}
