{
    "child_model_execute_cost_by_ms": [
        18.51099967956543,
        16.875999450683594,
        18.854000091552734
    ],
    "child_model_run_time": [
        [
            27203848,
            27222359
        ],
        [
            27222395,
            27239271
        ],
        [
            27239295,
            27258149
        ]
    ],
    "execute_cost": 54.24100112915039,
    "finish_time": 27258151,
    "limit_cost_by_ms": 44.492332458496094,
    "model_name": "vgg19",
    "recv_time": 27199704,
    "tag": "427",
    "total_cost_by_ms": 58.446998596191406,
    "wait_cost": 4.205997467041016
}
