{
    "child_model_execute_cost_by_ms": [
        9.729000091552734
    ],
    "child_model_run_time": [
        [
            27035102,
            27044831
        ]
    ],
    "execute_cost": 9.729000091552734,
    "finish_time": 27044843,
    "limit_cost_by_ms": 8.529666900634766,
    "model_name": "googlenet",
    "recv_time": 27022475,
    "tag": "428",
    "total_cost_by_ms": 22.368000030517578,
    "wait_cost": 12.638999938964844
}
