{
    "child_model_execute_cost_by_ms": [
        9.727999687194824
    ],
    "child_model_run_time": [
        [
            27258516,
            27268244
        ]
    ],
    "execute_cost": 9.727999687194824,
    "finish_time": 27268249,
    "limit_cost_by_ms": 8.904333114624023,
    "model_name": "googlenet",
    "recv_time": 27258425,
    "tag": "428",
    "total_cost_by_ms": 9.824000358581543,
    "wait_cost": 0.09600067138671875
}
