{
    "child_model_execute_cost_by_ms": [
        17.554000854492188,
        16.27899932861328,
        18.93199920654297
    ],
    "child_model_run_time": [
        [
            27044912,
            27062466
        ],
        [
            27062494,
            27078773
        ],
        [
            27078801,
            27097733
        ]
    ],
    "execute_cost": 52.76499938964844,
    "finish_time": 27097737,
    "limit_cost_by_ms": 44.79933166503906,
    "model_name": "vgg19",
    "recv_time": 26958632,
    "tag": "424",
    "total_cost_by_ms": 139.10499572753906,
    "wait_cost": 86.33999633789063
}
