{
    "child_model_execute_cost_by_ms": [
        6.451000213623047
    ],
    "child_model_run_time": [
        [
            27113362,
            27119813
        ]
    ],
    "execute_cost": 6.451000213623047,
    "finish_time": 27119819,
    "limit_cost_by_ms": 5.815999984741211,
    "model_name": "yolov2",
    "recv_time": 27103230,
    "tag": "431",
    "total_cost_by_ms": 16.589000701904297,
    "wait_cost": 10.13800048828125
}
