{
    "child_model_execute_cost_by_ms": [
        18.652999877929688,
        18.738000869750977,
        20.172000885009766
    ],
    "child_model_run_time": [
        [
            18252414,
            18271067
        ],
        [
            18314997,
            18333735
        ],
        [
            18333791,
            18353963
        ]
    ],
    "execute_cost": 57.5629997253418,
    "finish_time": 18353969,
    "limit_cost_by_ms": 44.492332458496094,
    "model_name": "vgg19",
    "recv_time": 18252319,
    "tag": "41",
    "total_cost_by_ms": 101.6500015258789,
    "wait_cost": 44.08700180053711
}
