{
    "child_model_execute_cost_by_ms": [
        12.60200023651123
    ],
    "child_model_run_time": [
        [
            18258427,
            18271029
        ]
    ],
    "execute_cost": 12.60200023651123,
    "finish_time": 18271038,
    "limit_cost_by_ms": 6.9683332443237305,
    "model_name": "gpt128v2",
    "recv_time": 18254128,
    "tag": "45",
    "total_cost_by_ms": 16.90999984741211,
    "wait_cost": 4.307999610900879
}
