{
    "child_model_execute_cost_by_ms": [
        17.10099983215332,
        13.289999961853027
    ],
    "child_model_run_time": [
        [
            27283006,
            27300107
        ],
        [
            27306335,
            27319625
        ]
    ],
    "execute_cost": 30.39099884033203,
    "finish_time": 27319628,
    "limit_cost_by_ms": 18.256332397460938,
    "model_name": "resnet50",
    "recv_time": 27269682,
    "tag": "430",
    "total_cost_by_ms": 49.94599914550781,
    "wait_cost": 19.55500030517578
}
