{
    "child_model_execute_cost_by_ms": [
        15.541000366210938,
        15.28499984741211
    ],
    "child_model_run_time": [
        [
            27097775,
            27113316
        ],
        [
            27132961,
            27148246
        ]
    ],
    "execute_cost": 30.826000213623047,
    "finish_time": 27148256,
    "limit_cost_by_ms": 18.771333694458008,
    "model_name": "resnet50",
    "recv_time": 27082984,
    "tag": "430",
    "total_cost_by_ms": 65.27200317382813,
    "wait_cost": 34.44600296020508
}
