{
    "child_model_execute_cost_by_ms": [
        9.779999732971191
    ],
    "child_model_run_time": [
        [
            27148582,
            27158362
        ]
    ],
    "execute_cost": 9.779999732971191,
    "finish_time": 27158373,
    "limit_cost_by_ms": 8.529666900634766,
    "model_name": "googlenet",
    "recv_time": 27138808,
    "tag": "433",
    "total_cost_by_ms": 19.565000534057617,
    "wait_cost": 9.785000801086426
}
