{
    "child_model_execute_cost_by_ms": [
        18.14299964904785,
        16.672000885009766,
        18.643999099731445
    ],
    "child_model_run_time": [
        [
            27320039,
            27338182
        ],
        [
            27338219,
            27354891
        ],
        [
            27354923,
            27373567
        ]
    ],
    "execute_cost": 53.45899963378906,
    "finish_time": 27373569,
    "limit_cost_by_ms": 44.492332458496094,
    "model_name": "vgg19",
    "recv_time": 27319931,
    "tag": "432",
    "total_cost_by_ms": 53.63800048828125,
    "wait_cost": 0.1790008544921875
}
