{
    "child_model_execute_cost_by_ms": [
        6.302000045776367
    ],
    "child_model_run_time": [
        [
            27193889,
            27200191
        ]
    ],
    "execute_cost": 6.302000045776367,
    "finish_time": 27200201,
    "limit_cost_by_ms": 5.815999984741211,
    "model_name": "yolov2",
    "recv_time": 27191557,
    "tag": "435",
    "total_cost_by_ms": 8.644000053405762,
    "wait_cost": 2.3420000076293945
}
