{
    "child_model_execute_cost_by_ms": [
        9.826000213623047
    ],
    "child_model_run_time": [
        [
            27373755,
            27383581
        ]
    ],
    "execute_cost": 9.826000213623047,
    "finish_time": 27383586,
    "limit_cost_by_ms": 8.904333114624023,
    "model_name": "googlenet",
    "recv_time": 27373703,
    "tag": "433",
    "total_cost_by_ms": 9.883000373840332,
    "wait_cost": 0.057000160217285156
}
