{
    "child_model_execute_cost_by_ms": [
        13.133000373840332
    ],
    "child_model_run_time": [
        [
            27384834,
            27397967
        ]
    ],
    "execute_cost": 13.133000373840332,
    "finish_time": 27397975,
    "limit_cost_by_ms": 6.894999980926514,
    "model_name": "gpt128v2",
    "recv_time": 27384826,
    "tag": "434",
    "total_cost_by_ms": 13.14900016784668,
    "wait_cost": 0.015999794006347656
}
