{
    "child_model_execute_cost_by_ms": [
        13.664999961853027
    ],
    "child_model_run_time": [
        [
            27229147,
            27242812
        ]
    ],
    "execute_cost": 13.664999961853027,
    "finish_time": 27242824,
    "limit_cost_by_ms": 6.9683332443237305,
    "model_name": "gpt128v2",
    "recv_time": 27224936,
    "tag": "437",
    "total_cost_by_ms": 17.88800048828125,
    "wait_cost": 4.223000526428223
}
