{
    "child_model_execute_cost_by_ms": [
        18.288000106811523,
        17.062999725341797,
        21.68199920654297
    ],
    "child_model_run_time": [
        [
            27158443,
            27176731
        ],
        [
            27176769,
            27193832
        ],
        [
            27242846,
            27264528
        ]
    ],
    "execute_cost": 57.032997131347656,
    "finish_time": 27264536,
    "limit_cost_by_ms": 44.79933166503906,
    "model_name": "vgg19",
    "recv_time": 27054851,
    "tag": "429",
    "total_cost_by_ms": 209.68499755859375,
    "wait_cost": 152.65200805664063
}
