{
    "child_model_execute_cost_by_ms": [
        18.700000762939453,
        16.863000869750977,
        18.660999298095703
    ],
    "child_model_run_time": [
        [
            27435253,
            27453953
        ],
        [
            27453992,
            27470855
        ],
        [
            27470885,
            27489546
        ]
    ],
    "execute_cost": 54.224002838134766,
    "finish_time": 27489548,
    "limit_cost_by_ms": 44.492332458496094,
    "model_name": "vgg19",
    "recv_time": 27435150,
    "tag": "437",
    "total_cost_by_ms": 54.39799880981445,
    "wait_cost": 0.1739959716796875
}
