{
    "child_model_execute_cost_by_ms": [
        9.892999649047852
    ],
    "child_model_run_time": [
        [
            27264610,
            27274503
        ]
    ],
    "execute_cost": 9.892999649047852,
    "finish_time": 27274515,
    "limit_cost_by_ms": 8.529666900634766,
    "model_name": "googlenet",
    "recv_time": 27259646,
    "tag": "438",
    "total_cost_by_ms": 14.869000434875488,
    "wait_cost": 4.976000785827637
}
