{
    "child_model_execute_cost_by_ms": [
        6.291999816894531
    ],
    "child_model_run_time": [
        [
            27309473,
            27315765
        ]
    ],
    "execute_cost": 6.291999816894531,
    "finish_time": 27315774,
    "limit_cost_by_ms": 5.815999984741211,
    "model_name": "yolov2",
    "recv_time": 27300158,
    "tag": "440",
    "total_cost_by_ms": 15.616000175476074,
    "wait_cost": 9.324000358581543
}
