{
    "child_model_execute_cost_by_ms": [
        9.708999633789063
    ],
    "child_model_run_time": [
        [
            27489778,
            27499487
        ]
    ],
    "execute_cost": 9.708999633789063,
    "finish_time": 27499492,
    "limit_cost_by_ms": 8.904333114624023,
    "model_name": "googlenet",
    "recv_time": 27489721,
    "tag": "438",
    "total_cost_by_ms": 9.770999908447266,
    "wait_cost": 0.062000274658203125
}
