{
    "child_model_execute_cost_by_ms": [
        13.536999702453613
    ],
    "child_model_run_time": [
        [
            27344400,
            27357937
        ]
    ],
    "execute_cost": 13.536999702453613,
    "finish_time": 27357949,
    "limit_cost_by_ms": 6.9683332443237305,
    "model_name": "gpt128v2",
    "recv_time": 27337336,
    "tag": "442",
    "total_cost_by_ms": 20.613000869750977,
    "wait_cost": 7.076001167297363
}
