{
    "child_model_execute_cost_by_ms": [
        18.052000045776367,
        16.746000289916992,
        21.68600082397461
    ],
    "child_model_run_time": [
        [
            27274586,
            27292638
        ],
        [
            27292670,
            27309416
        ],
        [
            27357975,
            27379661
        ]
    ],
    "execute_cost": 56.48400115966797,
    "finish_time": 27379670,
    "limit_cost_by_ms": 44.79933166503906,
    "model_name": "vgg19",
    "recv_time": 27167504,
    "tag": "434",
    "total_cost_by_ms": 212.16600036621094,
    "wait_cost": 155.6820068359375
}
