{
    "child_model_execute_cost_by_ms": [
        6.210999965667725
    ],
    "child_model_run_time": [
        [
            27544344,
            27550555
        ]
    ],
    "execute_cost": 6.210999965667725,
    "finish_time": 27550559,
    "limit_cost_by_ms": 5.7816667556762695,
    "model_name": "yolov2",
    "recv_time": 27540215,
    "tag": "441",
    "total_cost_by_ms": 10.343999862670898,
    "wait_cost": 4.132999897003174
}
