{
    "child_model_execute_cost_by_ms": [
        9.937000274658203
    ],
    "child_model_run_time": [
        [
            27397151,
            27407088
        ]
    ],
    "execute_cost": 9.937000274658203,
    "finish_time": 27407099,
    "limit_cost_by_ms": 8.529666900634766,
    "model_name": "googlenet",
    "recv_time": 27380256,
    "tag": "443",
    "total_cost_by_ms": 26.843000411987305,
    "wait_cost": 16.9060001373291
}
