{
    "child_model_execute_cost_by_ms": [
        18.365999221801758,
        16.658000946044922,
        18.51099967956543
    ],
    "child_model_run_time": [
        [
            27551010,
            27569376
        ],
        [
            27569412,
            27586070
        ],
        [
            27586105,
            27604616
        ]
    ],
    "execute_cost": 53.535003662109375,
    "finish_time": 27604618,
    "limit_cost_by_ms": 44.492332458496094,
    "model_name": "vgg19",
    "recv_time": 27550951,
    "tag": "442",
    "total_cost_by_ms": 53.66699981689453,
    "wait_cost": 0.13199615478515625
}
