{
    "child_model_execute_cost_by_ms": [
        6.604000091552734
    ],
    "child_model_run_time": [
        [
            27407193,
            27413797
        ]
    ],
    "execute_cost": 6.604000091552734,
    "finish_time": 27413807,
    "limit_cost_by_ms": 5.815999984741211,
    "model_name": "yolov2",
    "recv_time": 27400420,
    "tag": "445",
    "total_cost_by_ms": 13.38700008392334,
    "wait_cost": 6.7829999923706055
}
