{
    "child_model_execute_cost_by_ms": [
        12.152999877929688
    ],
    "child_model_run_time": [
        [
            27618921,
            27631074
        ]
    ],
    "execute_cost": 12.152999877929688,
    "finish_time": 27631083,
    "limit_cost_by_ms": 8.904333114624023,
    "model_name": "googlenet",
    "recv_time": 27605800,
    "tag": "444",
    "total_cost_by_ms": 25.283000946044922,
    "wait_cost": 13.130001068115234
}
