{
    "child_model_execute_cost_by_ms": [
        14.619999885559082,
        13.687999725341797
    ],
    "child_model_run_time": [
        [
            27431616,
            27446236
        ],
        [
            27446264,
            27459952
        ]
    ],
    "execute_cost": 28.307998657226563,
    "finish_time": 27459958,
    "limit_cost_by_ms": 18.771333694458008,
    "model_name": "resnet50",
    "recv_time": 27416892,
    "tag": "446",
    "total_cost_by_ms": 43.066001892089844,
    "wait_cost": 14.758003234863281
}
