{
    "child_model_execute_cost_by_ms": [
        6.260000228881836
    ],
    "child_model_run_time": [
        [
            27646046,
            27652306
        ]
    ],
    "execute_cost": 6.260000228881836,
    "finish_time": 27652316,
    "limit_cost_by_ms": 5.7816667556762695,
    "model_name": "yolov2",
    "recv_time": 27636263,
    "tag": "446",
    "total_cost_by_ms": 16.05299949645996,
    "wait_cost": 9.792999267578125
}
