{
    "child_model_execute_cost_by_ms": [
        17.42099952697754,
        17.6560001373291,
        21.874000549316406
    ],
    "child_model_run_time": [
        [
            27379697,
            27397118
        ],
        [
            27413900,
            27431556
        ],
        [
            27473511,
            27495385
        ]
    ],
    "execute_cost": 56.95100021362305,
    "finish_time": 27495393,
    "limit_cost_by_ms": 44.79933166503906,
    "model_name": "vgg19",
    "recv_time": 27288108,
    "tag": "439",
    "total_cost_by_ms": 207.28500366210938,
    "wait_cost": 150.33399963378906
}
