{
    "child_model_execute_cost_by_ms": [
        14.788999557495117,
        13.442999839782715
    ],
    "child_model_run_time": [
        [
            27631199,
            27645988
        ],
        [
            27652413,
            27665856
        ]
    ],
    "execute_cost": 28.231998443603516,
    "finish_time": 27665859,
    "limit_cost_by_ms": 18.256332397460938,
    "model_name": "resnet50",
    "recv_time": 27624044,
    "tag": "445",
    "total_cost_by_ms": 41.814998626708984,
    "wait_cost": 13.583000183105469
}
