{
    "child_model_execute_cost_by_ms": [
        9.923999786376953
    ],
    "child_model_run_time": [
        [
            27495564,
            27505488
        ]
    ],
    "execute_cost": 9.923999786376953,
    "finish_time": 27505498,
    "limit_cost_by_ms": 8.529666900634766,
    "model_name": "googlenet",
    "recv_time": 27480577,
    "tag": "448",
    "total_cost_by_ms": 24.92099952697754,
    "wait_cost": 14.996999740600586
}
