{
    "child_model_execute_cost_by_ms": [
        18.420000076293945,
        16.659000396728516,
        18.562999725341797
    ],
    "child_model_run_time": [
        [
            27666243,
            27684663
        ],
        [
            27684699,
            27701358
        ],
        [
            27701391,
            27719954
        ]
    ],
    "execute_cost": 53.64200210571289,
    "finish_time": 27719956,
    "limit_cost_by_ms": 44.492332458496094,
    "model_name": "vgg19",
    "recv_time": 27666123,
    "tag": "447",
    "total_cost_by_ms": 53.83300018310547,
    "wait_cost": 0.19099807739257813
}
