{
    "child_model_execute_cost_by_ms": [
        13.21399974822998
    ],
    "child_model_run_time": [
        [
            27721101,
            27734315
        ]
    ],
    "execute_cost": 13.21399974822998,
    "finish_time": 27734321,
    "limit_cost_by_ms": 6.894999980926514,
    "model_name": "gpt128v2",
    "recv_time": 27721051,
    "tag": "448",
    "total_cost_by_ms": 13.270000457763672,
    "wait_cost": 0.056000709533691406
}
