{
    "child_model_execute_cost_by_ms": [
        6.375
    ],
    "child_model_run_time": [
        [
            27523909,
            27530284
        ]
    ],
    "execute_cost": 6.375,
    "finish_time": 27530294,
    "limit_cost_by_ms": 5.815999984741211,
    "model_name": "yolov2",
    "recv_time": 27517255,
    "tag": "450",
    "total_cost_by_ms": 13.038999557495117,
    "wait_cost": 6.663999557495117
}
