{
    "child_model_execute_cost_by_ms": [
        14.753999710083008,
        13.21399974822998
    ],
    "child_model_run_time": [
        [
            27530342,
            27545096
        ],
        [
            27545135,
            27558349
        ]
    ],
    "execute_cost": 27.967998504638672,
    "finish_time": 27558355,
    "limit_cost_by_ms": 18.771333694458008,
    "model_name": "resnet50",
    "recv_time": 27529368,
    "tag": "451",
    "total_cost_by_ms": 28.98699951171875,
    "wait_cost": 1.0190010070800781
}
