{
    "child_model_execute_cost_by_ms": [
        14.258999824523926,
        12.680000305175781
    ],
    "child_model_run_time": [
        [
            27746802,
            27761061
        ],
        [
            27761098,
            27773778
        ]
    ],
    "execute_cost": 26.93899917602539,
    "finish_time": 27773783,
    "limit_cost_by_ms": 18.256332397460938,
    "model_name": "resnet50",
    "recv_time": 27746755,
    "tag": "450",
    "total_cost_by_ms": 27.027999877929688,
    "wait_cost": 0.08900070190429688
}
