{
    "child_model_execute_cost_by_ms": [
        13.362000465393066
    ],
    "child_model_run_time": [
        [
            27577703,
            27591065
        ]
    ],
    "execute_cost": 13.362000465393066,
    "finish_time": 27591076,
    "limit_cost_by_ms": 6.9683332443237305,
    "model_name": "gpt128v2",
    "recv_time": 27562890,
    "tag": "452",
    "total_cost_by_ms": 28.18600082397461,
    "wait_cost": 14.824000358581543
}
