{
    "child_model_execute_cost_by_ms": [
        6.170000076293945
    ],
    "child_model_run_time": [
        [
            18392592,
            18398762
        ]
    ],
    "execute_cost": 6.170000076293945,
    "finish_time": 18398772,
    "limit_cost_by_ms": 5.7816667556762695,
    "model_name": "yolov2",
    "recv_time": 18382408,
    "tag": "47",
    "total_cost_by_ms": 16.36400032043457,
    "wait_cost": 10.194000244140625
}
