{
    "child_model_execute_cost_by_ms": [
        9.743000030517578
    ],
    "child_model_run_time": [
        [
            18315402,
            18325145
        ]
    ],
    "execute_cost": 9.743000030517578,
    "finish_time": 18325155,
    "limit_cost_by_ms": 8.529666900634766,
    "model_name": "googlenet",
    "recv_time": 18309284,
    "tag": "48",
    "total_cost_by_ms": 15.871000289916992,
    "wait_cost": 6.128000259399414
}
