{
    "child_model_execute_cost_by_ms": [
        11.845999717712402
    ],
    "child_model_run_time": [
        [
            27591131,
            27602977
        ]
    ],
    "execute_cost": 11.845999717712402,
    "finish_time": 27602987,
    "limit_cost_by_ms": 8.529666900634766,
    "model_name": "googlenet",
    "recv_time": 27570984,
    "tag": "453",
    "total_cost_by_ms": 32.00299835205078,
    "wait_cost": 20.156997680664063
}
