{
    "child_model_execute_cost_by_ms": [
        18.05500030517578,
        19.242000579833984,
        19.51799964904785
    ],
    "child_model_run_time": [
        [
            27505707,
            27523762
        ],
        [
            27558399,
            27577641
        ],
        [
            27603028,
            27622546
        ]
    ],
    "execute_cost": 56.81500244140625,
    "finish_time": 27622553,
    "limit_cost_by_ms": 44.79933166503906,
    "model_name": "vgg19",
    "recv_time": 27397196,
    "tag": "444",
    "total_cost_by_ms": 225.35699462890625,
    "wait_cost": 168.5419921875
}
