{
    "child_model_execute_cost_by_ms": [
        18.072999954223633,
        16.878000259399414,
        18.77899932861328
    ],
    "child_model_run_time": [
        [
            27780610,
            27798683
        ],
        [
            27798769,
            27815647
        ],
        [
            27815725,
            27834504
        ]
    ],
    "execute_cost": 53.72999954223633,
    "finish_time": 27834506,
    "limit_cost_by_ms": 44.492332458496094,
    "model_name": "vgg19",
    "recv_time": 27780507,
    "tag": "452",
    "total_cost_by_ms": 53.999000549316406,
    "wait_cost": 0.2690010070800781
}
