{
    "child_model_execute_cost_by_ms": [
        13.520000457763672
    ],
    "child_model_run_time": [
        [
            27835692,
            27849212
        ]
    ],
    "execute_cost": 13.520000457763672,
    "finish_time": 27849218,
    "limit_cost_by_ms": 6.894999980926514,
    "model_name": "gpt128v2",
    "recv_time": 27835629,
    "tag": "453",
    "total_cost_by_ms": 13.58899974822998,
    "wait_cost": 0.0689992904663086
}
