{
    "child_model_execute_cost_by_ms": [
        6.519999980926514
    ],
    "child_model_run_time": [
        [
            27640680,
            27647200
        ]
    ],
    "execute_cost": 6.519999980926514,
    "finish_time": 27647211,
    "limit_cost_by_ms": 5.815999984741211,
    "model_name": "yolov2",
    "recv_time": 27637516,
    "tag": "454",
    "total_cost_by_ms": 9.694999694824219,
    "wait_cost": 3.174999713897705
}
