{
    "child_model_execute_cost_by_ms": [
        12.76099967956543
    ],
    "child_model_run_time": [
        [
            27665288,
            27678049
        ]
    ],
    "execute_cost": 12.76099967956543,
    "finish_time": 27678057,
    "limit_cost_by_ms": 6.9683332443237305,
    "model_name": "gpt128v2",
    "recv_time": 27658814,
    "tag": "456",
    "total_cost_by_ms": 19.243000030517578,
    "wait_cost": 6.482000350952148
}
