{
    "child_model_execute_cost_by_ms": [
        9.72700023651123
    ],
    "child_model_run_time": [
        [
            27851250,
            27860977
        ]
    ],
    "execute_cost": 9.72700023651123,
    "finish_time": 27860981,
    "limit_cost_by_ms": 8.904333114624023,
    "model_name": "googlenet",
    "recv_time": 27851197,
    "tag": "454",
    "total_cost_by_ms": 9.784000396728516,
    "wait_cost": 0.057000160217285156
}
