{
    "child_model_execute_cost_by_ms": [
        9.560999870300293
    ],
    "child_model_run_time": [
        [
            27695130,
            27704691
        ]
    ],
    "execute_cost": 9.560999870300293,
    "finish_time": 27704702,
    "limit_cost_by_ms": 8.529666900634766,
    "model_name": "googlenet",
    "recv_time": 27685113,
    "tag": "458",
    "total_cost_by_ms": 19.589000701904297,
    "wait_cost": 10.028000831604004
}
