{
    "child_model_execute_cost_by_ms": [
        15.152000427246094,
        12.708000183105469
    ],
    "child_model_run_time": [
        [
            27861284,
            27876436
        ],
        [
            27882656,
            27895364
        ]
    ],
    "execute_cost": 27.860000610351563,
    "finish_time": 27895368,
    "limit_cost_by_ms": 18.256332397460938,
    "model_name": "resnet50",
    "recv_time": 27861236,
    "tag": "455",
    "total_cost_by_ms": 34.13199996948242,
    "wait_cost": 6.271999359130859
}
