{
    "child_model_execute_cost_by_ms": [
        16.98900032043457,
        13.258000373840332
    ],
    "child_model_run_time": [
        [
            27678081,
            27695070
        ],
        [
            27704716,
            27717974
        ]
    ],
    "execute_cost": 30.24700164794922,
    "finish_time": 27717983,
    "limit_cost_by_ms": 18.771333694458008,
    "model_name": "resnet50",
    "recv_time": 27657860,
    "tag": "457",
    "total_cost_by_ms": 60.12300109863281,
    "wait_cost": 29.875999450683594
}
