{
    "child_model_execute_cost_by_ms": [
        18.041000366210938,
        17.92799949645996,
        19.344999313354492
    ],
    "child_model_run_time": [
        [
            27622596,
            27640637
        ],
        [
            27647309,
            27665237
        ],
        [
            27718048,
            27737393
        ]
    ],
    "execute_cost": 55.314002990722656,
    "finish_time": 27737399,
    "limit_cost_by_ms": 44.79933166503906,
    "model_name": "vgg19",
    "recv_time": 27505908,
    "tag": "449",
    "total_cost_by_ms": 231.49099731445313,
    "wait_cost": 176.177001953125
}
