{
    "child_model_execute_cost_by_ms": [
        18.106000900268555,
        16.54599952697754,
        18.610000610351563
    ],
    "child_model_run_time": [
        [
            27895671,
            27913777
        ],
        [
            27913801,
            27930347
        ],
        [
            27930366,
            27948976
        ]
    ],
    "execute_cost": 53.262001037597656,
    "finish_time": 27948978,
    "limit_cost_by_ms": 44.492332458496094,
    "model_name": "vgg19",
    "recv_time": 27895657,
    "tag": "457",
    "total_cost_by_ms": 53.32099914550781,
    "wait_cost": 0.05899810791015625
}
