{
    "child_model_execute_cost_by_ms": [
        6.51800012588501
    ],
    "child_model_run_time": [
        [
            27754877,
            27761395
        ]
    ],
    "execute_cost": 6.51800012588501,
    "finish_time": 27761403,
    "limit_cost_by_ms": 5.815999984741211,
    "model_name": "yolov2",
    "recv_time": 27746024,
    "tag": "459",
    "total_cost_by_ms": 15.378999710083008,
    "wait_cost": 8.861000061035156
}
