{
    "child_model_execute_cost_by_ms": [
        13.286999702453613
    ],
    "child_model_run_time": [
        [
            27950113,
            27963400
        ]
    ],
    "execute_cost": 13.286999702453613,
    "finish_time": 27963406,
    "limit_cost_by_ms": 6.894999980926514,
    "model_name": "gpt128v2",
    "recv_time": 27950006,
    "tag": "458",
    "total_cost_by_ms": 13.399999618530273,
    "wait_cost": 0.11299991607666016
}
