{
    "child_model_execute_cost_by_ms": [
        9.904000282287598
    ],
    "child_model_run_time": [
        [
            27965607,
            27975511
        ]
    ],
    "execute_cost": 9.904000282287598,
    "finish_time": 27975516,
    "limit_cost_by_ms": 8.904333114624023,
    "model_name": "googlenet",
    "recv_time": 27965551,
    "tag": "459",
    "total_cost_by_ms": 9.96500015258789,
    "wait_cost": 0.06099987030029297
}
