{
    "child_model_execute_cost_by_ms": [
        17.340999603271484,
        16.94499969482422,
        19.44499969482422
    ],
    "child_model_run_time": [
        [
            27737497,
            27754838
        ],
        [
            27761616,
            27778561
        ],
        [
            27778592,
            27798037
        ]
    ],
    "execute_cost": 53.73099899291992,
    "finish_time": 27798041,
    "limit_cost_by_ms": 44.79933166503906,
    "model_name": "vgg19",
    "recv_time": 27640733,
    "tag": "455",
    "total_cost_by_ms": 157.30799865722656,
    "wait_cost": 103.57699584960938
}
