{
    "child_model_execute_cost_by_ms": [
        12.82699966430664
    ],
    "child_model_run_time": [
        [
            27814085,
            27826912
        ]
    ],
    "execute_cost": 12.82699966430664,
    "finish_time": 27826938,
    "limit_cost_by_ms": 6.9683332443237305,
    "model_name": "gpt128v2",
    "recv_time": 27803542,
    "tag": "462",
    "total_cost_by_ms": 23.395999908447266,
    "wait_cost": 10.569000244140625
}
