{
    "child_model_execute_cost_by_ms": [
        9.758000373840332
    ],
    "child_model_run_time": [
        [
            18398882,
            18408640
        ]
    ],
    "execute_cost": 9.758000373840332,
    "finish_time": 18408650,
    "limit_cost_by_ms": 8.904333114624023,
    "model_name": "googlenet",
    "recv_time": 18394529,
    "tag": "48",
    "total_cost_by_ms": 14.121000289916992,
    "wait_cost": 4.36299991607666
}
