{
    "child_model_execute_cost_by_ms": [
        6.203000068664551
    ],
    "child_model_run_time": [
        [
            28003684,
            28009887
        ]
    ],
    "execute_cost": 6.203000068664551,
    "finish_time": 28009891,
    "limit_cost_by_ms": 5.7816667556762695,
    "model_name": "yolov2",
    "recv_time": 28000517,
    "tag": "461",
    "total_cost_by_ms": 9.37399959564209,
    "wait_cost": 3.170999526977539
}
