{
    "child_model_execute_cost_by_ms": [
        15.765000343322754,
        16.243000030517578
    ],
    "child_model_run_time": [
        [
            27798153,
            27813918
        ],
        [
            27827027,
            27843270
        ]
    ],
    "execute_cost": 32.007999420166016,
    "finish_time": 27843280,
    "limit_cost_by_ms": 18.771333694458008,
    "model_name": "resnet50",
    "recv_time": 27782345,
    "tag": "461",
    "total_cost_by_ms": 60.935001373291016,
    "wait_cost": 28.927001953125
}
