{
    "child_model_execute_cost_by_ms": [
        9.991000175476074
    ],
    "child_model_run_time": [
        [
            27843405,
            27853396
        ]
    ],
    "execute_cost": 9.991000175476074,
    "finish_time": 27853406,
    "limit_cost_by_ms": 8.529666900634766,
    "model_name": "googlenet",
    "recv_time": 27830086,
    "tag": "463",
    "total_cost_by_ms": 23.31999969482422,
    "wait_cost": 13.328999519348145
}
