{
    "child_model_execute_cost_by_ms": [
        18.079999923706055,
        16.636999130249023,
        18.7549991607666
    ],
    "child_model_run_time": [
        [
            28010214,
            28028294
        ],
        [
            28028327,
            28044964
        ],
        [
            28044997,
            28063752
        ]
    ],
    "execute_cost": 53.47200012207031,
    "finish_time": 28063754,
    "limit_cost_by_ms": 44.492332458496094,
    "model_name": "vgg19",
    "recv_time": 28010031,
    "tag": "462",
    "total_cost_by_ms": 53.722999572753906,
    "wait_cost": 0.25099945068359375
}
