{
    "child_model_execute_cost_by_ms": [
        6.567999839782715
    ],
    "child_model_run_time": [
        [
            27890088,
            27896656
        ]
    ],
    "execute_cost": 6.567999839782715,
    "finish_time": 27896667,
    "limit_cost_by_ms": 5.815999984741211,
    "model_name": "yolov2",
    "recv_time": 27874512,
    "tag": "464",
    "total_cost_by_ms": 22.155000686645508,
    "wait_cost": 15.587000846862793
}
