{
    "child_model_execute_cost_by_ms": [
        18.673999786376953,
        17.652000427246094,
        19.051000595092773
    ],
    "child_model_run_time": [
        [
            27853531,
            27872205
        ],
        [
            27872286,
            27889938
        ],
        [
            27896759,
            27915810
        ]
    ],
    "execute_cost": 55.37699890136719,
    "finish_time": 27915814,
    "limit_cost_by_ms": 44.79933166503906,
    "model_name": "vgg19",
    "recv_time": 27758077,
    "tag": "460",
    "total_cost_by_ms": 157.73699951171875,
    "wait_cost": 102.36000061035156
}
