{
    "child_model_execute_cost_by_ms": [
        9.947999954223633
    ],
    "child_model_run_time": [
        [
            28080777,
            28090725
        ]
    ],
    "execute_cost": 9.947999954223633,
    "finish_time": 28090730,
    "limit_cost_by_ms": 8.904333114624023,
    "model_name": "googlenet",
    "recv_time": 28080766,
    "tag": "464",
    "total_cost_by_ms": 9.96399974822998,
    "wait_cost": 0.015999794006347656
}
