{
    "child_model_execute_cost_by_ms": [
        12.725000381469727
    ],
    "child_model_run_time": [
        [
            27917033,
            27929758
        ]
    ],
    "execute_cost": 12.725000381469727,
    "finish_time": 27929767,
    "limit_cost_by_ms": 6.9683332443237305,
    "model_name": "gpt128v2",
    "recv_time": 27916973,
    "tag": "467",
    "total_cost_by_ms": 12.793999671936035,
    "wait_cost": 0.0689992904663086
}
