{
    "child_model_execute_cost_by_ms": [
        16.687000274658203,
        13.145999908447266
    ],
    "child_model_run_time": [
        [
            27929787,
            27946474
        ],
        [
            27946505,
            27959651
        ]
    ],
    "execute_cost": 29.83300018310547,
    "finish_time": 27959656,
    "limit_cost_by_ms": 18.771333694458008,
    "model_name": "resnet50",
    "recv_time": 27902915,
    "tag": "466",
    "total_cost_by_ms": 56.74100112915039,
    "wait_cost": 26.908000946044922
}
