{
    "child_model_execute_cost_by_ms": [
        9.645999908447266
    ],
    "child_model_run_time": [
        [
            27959730,
            27969376
        ]
    ],
    "execute_cost": 9.645999908447266,
    "finish_time": 27969387,
    "limit_cost_by_ms": 8.529666900634766,
    "model_name": "googlenet",
    "recv_time": 27946560,
    "tag": "468",
    "total_cost_by_ms": 22.82699966430664,
    "wait_cost": 13.180999755859375
}
