{
    "child_model_execute_cost_by_ms": [
        18.798999786376953,
        17.283000946044922,
        19.04199981689453
    ],
    "child_model_run_time": [
        [
            28125672,
            28144471
        ],
        [
            28144509,
            28161792
        ],
        [
            28161824,
            28180866
        ]
    ],
    "execute_cost": 55.124000549316406,
    "finish_time": 28180868,
    "limit_cost_by_ms": 44.492332458496094,
    "model_name": "vgg19",
    "recv_time": 28119377,
    "tag": "467",
    "total_cost_by_ms": 61.49100112915039,
    "wait_cost": 6.367000579833984
}
