{
    "child_model_execute_cost_by_ms": [
        13.211000442504883
    ],
    "child_model_run_time": [
        [
            28182043,
            28195254
        ]
    ],
    "execute_cost": 13.211000442504883,
    "finish_time": 28195259,
    "limit_cost_by_ms": 6.894999980926514,
    "model_name": "gpt128v2",
    "recv_time": 28182035,
    "tag": "468",
    "total_cost_by_ms": 13.223999977111816,
    "wait_cost": 0.012999534606933594
}
