{
    "child_model_execute_cost_by_ms": [
        9.772000312805176
    ],
    "child_model_run_time": [
        [
            28197601,
            28207373
        ]
    ],
    "execute_cost": 9.772000312805176,
    "finish_time": 28207377,
    "limit_cost_by_ms": 8.904333114624023,
    "model_name": "googlenet",
    "recv_time": 28197595,
    "tag": "469",
    "total_cost_by_ms": 9.781999588012695,
    "wait_cost": 0.009999275207519531
}
