{
    "child_model_execute_cost_by_ms": [
        15.071999549865723,
        15.057000160217285
    ],
    "child_model_run_time": [
        [
            28004368,
            28019440
        ],
        [
            28026137,
            28041194
        ]
    ],
    "execute_cost": 30.128999710083008,
    "finish_time": 28041203,
    "limit_cost_by_ms": 18.771333694458008,
    "model_name": "resnet50",
    "recv_time": 27998230,
    "tag": "470",
    "total_cost_by_ms": 42.972999572753906,
    "wait_cost": 12.843999862670898
}
