{
    "child_model_execute_cost_by_ms": [
        13.269000053405762
    ],
    "child_model_run_time": [
        [
            28041461,
            28054730
        ]
    ],
    "execute_cost": 13.269000053405762,
    "finish_time": 28054738,
    "limit_cost_by_ms": 6.9683332443237305,
    "model_name": "gpt128v2",
    "recv_time": 28027444,
    "tag": "472",
    "total_cost_by_ms": 27.29400062561035,
    "wait_cost": 14.02500057220459
}
