{
    "child_model_execute_cost_by_ms": [
        21.135000228881836,
        16.937999725341797,
        19.339000701904297
    ],
    "child_model_run_time": [
        [
            18271071,
            18292206
        ],
        [
            18292245,
            18309183
        ],
        [
            18353419,
            18372758
        ]
    ],
    "execute_cost": 57.4119987487793,
    "finish_time": 18372764,
    "limit_cost_by_ms": 44.79933166503906,
    "model_name": "vgg19",
    "recv_time": 18193986,
    "tag": "42",
    "total_cost_by_ms": 178.7779998779297,
    "wait_cost": 121.36599731445313
}
