{
    "child_model_execute_cost_by_ms": [
        6.0970001220703125
    ],
    "child_model_run_time": [
        [
            28235423,
            28241520
        ]
    ],
    "execute_cost": 6.0970001220703125,
    "finish_time": 28241525,
    "limit_cost_by_ms": 5.7816667556762695,
    "model_name": "yolov2",
    "recv_time": 28235369,
    "tag": "471",
    "total_cost_by_ms": 6.156000137329102,
    "wait_cost": 0.05900001525878906
}
