{
    "child_model_execute_cost_by_ms": [
        18.077999114990234,
        16.708999633789063,
        21.80900001525879
    ],
    "child_model_run_time": [
        [
            27969506,
            27987584
        ],
        [
            27987616,
            28004325
        ],
        [
            28054865,
            28076674
        ]
    ],
    "execute_cost": 56.59600067138672,
    "finish_time": 28076681,
    "limit_cost_by_ms": 44.79933166503906,
    "model_name": "vgg19",
    "recv_time": 27878602,
    "tag": "465",
    "total_cost_by_ms": 198.07899475097656,
    "wait_cost": 141.48300170898438
}
