{
    "child_model_execute_cost_by_ms": [
        18.70199966430664,
        16.924999237060547,
        19.899999618530273
    ],
    "child_model_run_time": [
        [
            28241808,
            28260510
        ],
        [
            28260600,
            28277525
        ],
        [
            28277558,
            28297458
        ]
    ],
    "execute_cost": 55.527000427246094,
    "finish_time": 28297462,
    "limit_cost_by_ms": 44.492332458496094,
    "model_name": "vgg19",
    "recv_time": 28241754,
    "tag": "472",
    "total_cost_by_ms": 55.70800018310547,
    "wait_cost": 0.180999755859375
}
