{
    "child_model_execute_cost_by_ms": [
        9.784000396728516
    ],
    "child_model_run_time": [
        [
            28076876,
            28086660
        ]
    ],
    "execute_cost": 9.784000396728516,
    "finish_time": 28086670,
    "limit_cost_by_ms": 8.529666900634766,
    "model_name": "googlenet",
    "recv_time": 28058011,
    "tag": "473",
    "total_cost_by_ms": 28.659000396728516,
    "wait_cost": 18.875
}
