{
    "child_model_execute_cost_by_ms": [
        6.285999774932861
    ],
    "child_model_run_time": [
        [
            28138498,
            28144784
        ]
    ],
    "execute_cost": 6.285999774932861,
    "finish_time": 28144791,
    "limit_cost_by_ms": 5.815999984741211,
    "model_name": "yolov2",
    "recv_time": 28134963,
    "tag": "476",
    "total_cost_by_ms": 9.82800006866455,
    "wait_cost": 3.5420002937316895
}
