{
    "child_model_execute_cost_by_ms": [
        12.781000137329102
    ],
    "child_model_run_time": [
        [
            28310895,
            28323676
        ]
    ],
    "execute_cost": 12.781000137329102,
    "finish_time": 28323685,
    "limit_cost_by_ms": 8.904333114624023,
    "model_name": "googlenet",
    "recv_time": 28308227,
    "tag": "474",
    "total_cost_by_ms": 15.458000183105469,
    "wait_cost": 2.677000045776367
}
