{
    "child_model_execute_cost_by_ms": [
        15.319999694824219,
        13.555999755859375
    ],
    "child_model_run_time": [
        [
            28123137,
            28138457
        ],
        [
            28144829,
            28158385
        ]
    ],
    "execute_cost": 28.875999450683594,
    "finish_time": 28158389,
    "limit_cost_by_ms": 18.771333694458008,
    "model_name": "resnet50",
    "recv_time": 28114775,
    "tag": "475",
    "total_cost_by_ms": 43.61399841308594,
    "wait_cost": 14.737998962402344
}
