{
    "child_model_execute_cost_by_ms": [
        13.357999801635742
    ],
    "child_model_run_time": [
        [
            28158466,
            28171824
        ]
    ],
    "execute_cost": 13.357999801635742,
    "finish_time": 28171834,
    "limit_cost_by_ms": 6.9683332443237305,
    "model_name": "gpt128v2",
    "recv_time": 28152130,
    "tag": "477",
    "total_cost_by_ms": 19.70400047302246,
    "wait_cost": 6.346000671386719
}
