{
    "child_model_execute_cost_by_ms": [
        14.701000213623047,
        13.055999755859375
    ],
    "child_model_run_time": [
        [
            28323751,
            28338452
        ],
        [
            28338489,
            28351545
        ]
    ],
    "execute_cost": 27.756999969482422,
    "finish_time": 28351548,
    "limit_cost_by_ms": 18.256332397460938,
    "model_name": "resnet50",
    "recv_time": 28314870,
    "tag": "475",
    "total_cost_by_ms": 36.678001403808594,
    "wait_cost": 8.921001434326172
}
