{
    "child_model_execute_cost_by_ms": [
        11.805000305175781
    ],
    "child_model_run_time": [
        [
            28171963,
            28183768
        ]
    ],
    "execute_cost": 11.805000305175781,
    "finish_time": 28183779,
    "limit_cost_by_ms": 8.529666900634766,
    "model_name": "googlenet",
    "recv_time": 28168419,
    "tag": "478",
    "total_cost_by_ms": 15.359999656677246,
    "wait_cost": 3.554999351501465
}
