{
    "child_model_execute_cost_by_ms": [
        18.780000686645508,
        17.58099937438965,
        19.7450008392334
    ],
    "child_model_run_time": [
        [
            28358470,
            28377250
        ],
        [
            28377338,
            28394919
        ],
        [
            28394951,
            28414696
        ]
    ],
    "execute_cost": 56.10600280761719,
    "finish_time": 28414699,
    "limit_cost_by_ms": 44.492332458496094,
    "model_name": "vgg19",
    "recv_time": 28358416,
    "tag": "477",
    "total_cost_by_ms": 56.28300094604492,
    "wait_cost": 0.17699813842773438
}
