{
    "child_model_execute_cost_by_ms": [
        19.007999420166016,
        17.166000366210938,
        19.677000045776367
    ],
    "child_model_run_time": [
        [
            28086785,
            28105793
        ],
        [
            28105828,
            28122994
        ],
        [
            28183835,
            28203512
        ]
    ],
    "execute_cost": 55.85099792480469,
    "finish_time": 28203519,
    "limit_cost_by_ms": 44.79933166503906,
    "model_name": "vgg19",
    "recv_time": 27998160,
    "tag": "469",
    "total_cost_by_ms": 205.35899353027344,
    "wait_cost": 149.50799560546875
}
