{
    "child_model_execute_cost_by_ms": [
        13.366000175476074
    ],
    "child_model_run_time": [
        [
            28414766,
            28428132
        ]
    ],
    "execute_cost": 13.366000175476074,
    "finish_time": 28428136,
    "limit_cost_by_ms": 6.894999980926514,
    "model_name": "gpt128v2",
    "recv_time": 28403226,
    "tag": "478",
    "total_cost_by_ms": 24.90999984741211,
    "wait_cost": 11.543999671936035
}
