{
    "child_model_execute_cost_by_ms": [
        9.833999633789063
    ],
    "child_model_run_time": [
        [
            28445059,
            28454893
        ]
    ],
    "execute_cost": 9.833999633789063,
    "finish_time": 28454902,
    "limit_cost_by_ms": 8.904333114624023,
    "model_name": "googlenet",
    "recv_time": 28430523,
    "tag": "480",
    "total_cost_by_ms": 24.378999710083008,
    "wait_cost": 14.545000076293945
}
