{
    "child_model_execute_cost_by_ms": [
        6.888999938964844
    ],
    "child_model_run_time": [
        [
            28265931,
            28272820
        ]
    ],
    "execute_cost": 6.888999938964844,
    "finish_time": 28272826,
    "limit_cost_by_ms": 5.815999984741211,
    "model_name": "yolov2",
    "recv_time": 28259233,
    "tag": "481",
    "total_cost_by_ms": 13.593000411987305,
    "wait_cost": 6.704000473022461
}
