{
    "child_model_execute_cost_by_ms": [
        12.994999885559082
    ],
    "child_model_run_time": [
        [
            28272909,
            28285904
        ]
    ],
    "execute_cost": 12.994999885559082,
    "finish_time": 28285912,
    "limit_cost_by_ms": 6.9683332443237305,
    "model_name": "gpt128v2",
    "recv_time": 28268056,
    "tag": "482",
    "total_cost_by_ms": 17.856000900268555,
    "wait_cost": 4.861001014709473
}
