{
    "child_model_execute_cost_by_ms": [
        14.496999740600586,
        13.968999862670898
    ],
    "child_model_run_time": [
        [
            28430469,
            28444966
        ],
        [
            28455113,
            28469082
        ]
    ],
    "execute_cost": 28.465999603271484,
    "finish_time": 28469086,
    "limit_cost_by_ms": 18.256332397460938,
    "model_name": "resnet50",
    "recv_time": 28430409,
    "tag": "479",
    "total_cost_by_ms": 38.676998138427734,
    "wait_cost": 10.21099853515625
}
