{
    "child_model_execute_cost_by_ms": [
        13.03600025177002
    ],
    "child_model_run_time": [
        [
            18391893,
            18404929
        ]
    ],
    "execute_cost": 13.03600025177002,
    "finish_time": 18404938,
    "limit_cost_by_ms": 6.9683332443237305,
    "model_name": "gpt128v2",
    "recv_time": 18378465,
    "tag": "50",
    "total_cost_by_ms": 26.472999572753906,
    "wait_cost": 13.436999320983887
}
