{
    "child_model_execute_cost_by_ms": [
        19.090999603271484,
        18.30900001525879,
        19.461999893188477
    ],
    "child_model_run_time": [
        [
            18373354,
            18392445
        ],
        [
            18408729,
            18427038
        ],
        [
            18454951,
            18474413
        ]
    ],
    "execute_cost": 56.86199951171875,
    "finish_time": 18474416,
    "limit_cost_by_ms": 44.492332458496094,
    "model_name": "vgg19",
    "recv_time": 18373242,
    "tag": "46",
    "total_cost_by_ms": 101.17400360107422,
    "wait_cost": 44.31200408935547
}
