{
    "child_model_execute_cost_by_ms": [
        17.808000564575195,
        17.010000228881836,
        21.933000564575195
    ],
    "child_model_run_time": [
        [
            28203565,
            28221373
        ],
        [
            28221461,
            28238471
        ],
        [
            28285942,
            28307875
        ]
    ],
    "execute_cost": 56.750999450683594,
    "finish_time": 28307882,
    "limit_cost_by_ms": 44.79933166503906,
    "model_name": "vgg19",
    "recv_time": 28105882,
    "tag": "474",
    "total_cost_by_ms": 202.0,
    "wait_cost": 145.24899291992188
}
