{
    "child_model_execute_cost_by_ms": [
        18.607999801635742,
        17.174999237060547,
        19.014999389648438
    ],
    "child_model_run_time": [
        [
            28476112,
            28494720
        ],
        [
            28494758,
            28511933
        ],
        [
            28511980,
            28530995
        ]
    ],
    "execute_cost": 54.797996520996094,
    "finish_time": 28530997,
    "limit_cost_by_ms": 44.492332458496094,
    "model_name": "vgg19",
    "recv_time": 28476052,
    "tag": "482",
    "total_cost_by_ms": 54.94499969482422,
    "wait_cost": 0.147003173828125
}
