{
    "child_model_execute_cost_by_ms": [
        9.753000259399414
    ],
    "child_model_run_time": [
        [
            28308119,
            28317872
        ]
    ],
    "execute_cost": 9.753000259399414,
    "finish_time": 28317883,
    "limit_cost_by_ms": 8.529666900634766,
    "model_name": "googlenet",
    "recv_time": 28294458,
    "tag": "483",
    "total_cost_by_ms": 23.424999237060547,
    "wait_cost": 13.671998977661133
}
