{
    "child_model_execute_cost_by_ms": [
        13.37399959564209
    ],
    "child_model_run_time": [
        [
            28532180,
            28545554
        ]
    ],
    "execute_cost": 13.37399959564209,
    "finish_time": 28545558,
    "limit_cost_by_ms": 6.894999980926514,
    "model_name": "gpt128v2",
    "recv_time": 28532129,
    "tag": "483",
    "total_cost_by_ms": 13.428999900817871,
    "wait_cost": 0.05500030517578125
}
