{
    "child_model_execute_cost_by_ms": [
        18.756999969482422,
        16.825000762939453,
        19.23200035095215
    ],
    "child_model_run_time": [
        [
            28317988,
            28336745
        ],
        [
            28336778,
            28353603
        ],
        [
            28353633,
            28372865
        ]
    ],
    "execute_cost": 54.814002990722656,
    "finish_time": 28372869,
    "limit_cost_by_ms": 44.79933166503906,
    "model_name": "vgg19",
    "recv_time": 28215150,
    "tag": "479",
    "total_cost_by_ms": 157.718994140625,
    "wait_cost": 102.90499114990234
}
