{
    "child_model_execute_cost_by_ms": [
        10.003999710083008
    ],
    "child_model_run_time": [
        [
            28547990,
            28557994
        ]
    ],
    "execute_cost": 10.003999710083008,
    "finish_time": 28558003,
    "limit_cost_by_ms": 8.904333114624023,
    "model_name": "googlenet",
    "recv_time": 28547983,
    "tag": "484",
    "total_cost_by_ms": 10.020000457763672,
    "wait_cost": 0.016000747680664063
}
