{
    "child_model_execute_cost_by_ms": [
        15.26099967956543,
        13.501999855041504
    ],
    "child_model_run_time": [
        [
            28558056,
            28573317
        ],
        [
            28573403,
            28586905
        ]
    ],
    "execute_cost": 28.76300048828125,
    "finish_time": 28586908,
    "limit_cost_by_ms": 18.256332397460938,
    "model_name": "resnet50",
    "recv_time": 28548263,
    "tag": "485",
    "total_cost_by_ms": 38.64500045776367,
    "wait_cost": 9.881999969482422
}
