{
    "child_model_execute_cost_by_ms": [
        14.04699993133545,
        13.414999961853027
    ],
    "child_model_run_time": [
        [
            28379751,
            28393798
        ],
        [
            28393833,
            28407248
        ]
    ],
    "execute_cost": 27.461999893188477,
    "finish_time": 28407253,
    "limit_cost_by_ms": 18.771333694458008,
    "model_name": "resnet50",
    "recv_time": 28355241,
    "tag": "485",
    "total_cost_by_ms": 52.012001037597656,
    "wait_cost": 24.55000114440918
}
