{
    "child_model_execute_cost_by_ms": [
        13.201000213623047
    ],
    "child_model_run_time": [
        [
            28407302,
            28420503
        ]
    ],
    "execute_cost": 13.201000213623047,
    "finish_time": 28420512,
    "limit_cost_by_ms": 6.9683332443237305,
    "model_name": "gpt128v2",
    "recv_time": 28400523,
    "tag": "487",
    "total_cost_by_ms": 19.98900032043457,
    "wait_cost": 6.788000106811523
}
