{
    "child_model_execute_cost_by_ms": [
        19.02199935913086,
        17.284000396728516,
        19.940000534057617
    ],
    "child_model_run_time": [
        [
            28593770,
            28612792
        ],
        [
            28612880,
            28630164
        ],
        [
            28630249,
            28650189
        ]
    ],
    "execute_cost": 56.246002197265625,
    "finish_time": 28650195,
    "limit_cost_by_ms": 44.492332458496094,
    "model_name": "vgg19",
    "recv_time": 28593714,
    "tag": "487",
    "total_cost_by_ms": 56.48099899291992,
    "wait_cost": 0.23499679565429688
}
