{
    "child_model_execute_cost_by_ms": [
        11.592000007629395
    ],
    "child_model_run_time": [
        [
            28420538,
            28432130
        ]
    ],
    "execute_cost": 11.592000007629395,
    "finish_time": 28432140,
    "limit_cost_by_ms": 8.529666900634766,
    "model_name": "googlenet",
    "recv_time": 28407506,
    "tag": "488",
    "total_cost_by_ms": 24.634000778198242,
    "wait_cost": 13.042000770568848
}
