{
    "child_model_execute_cost_by_ms": [
        14.52400016784668,
        12.675000190734863
    ],
    "child_model_run_time": [
        [
            28468149,
            28482673
        ],
        [
            28482698,
            28495373
        ]
    ],
    "execute_cost": 27.19900131225586,
    "finish_time": 28495378,
    "limit_cost_by_ms": 18.771333694458008,
    "model_name": "resnet50",
    "recv_time": 28467010,
    "tag": "490",
    "total_cost_by_ms": 28.368000030517578,
    "wait_cost": 1.1689987182617188
}
