{
    "child_model_execute_cost_by_ms": [
        6.117000102996826
    ],
    "child_model_run_time": [
        [
            28495421,
            28501538
        ]
    ],
    "execute_cost": 6.117000102996826,
    "finish_time": 28501544,
    "limit_cost_by_ms": 5.815999984741211,
    "model_name": "yolov2",
    "recv_time": 28487127,
    "tag": "491",
    "total_cost_by_ms": 14.416999816894531,
    "wait_cost": 8.299999237060547
}
