{
    "child_model_execute_cost_by_ms": [
        11.800000190734863
    ],
    "child_model_run_time": [
        [
            28665387,
            28677187
        ]
    ],
    "execute_cost": 11.800000190734863,
    "finish_time": 28677192,
    "limit_cost_by_ms": 8.904333114624023,
    "model_name": "googlenet",
    "recv_time": 28653768,
    "tag": "489",
    "total_cost_by_ms": 23.423999786376953,
    "wait_cost": 11.62399959564209
}
