{
    "child_model_execute_cost_by_ms": [
        15.062999725341797,
        13.366000175476074
    ],
    "child_model_run_time": [
        [
            28677409,
            28692472
        ],
        [
            28692562,
            28705928
        ]
    ],
    "execute_cost": 28.429000854492188,
    "finish_time": 28705931,
    "limit_cost_by_ms": 18.256332397460938,
    "model_name": "resnet50",
    "recv_time": 28667972,
    "tag": "490",
    "total_cost_by_ms": 37.95899963378906,
    "wait_cost": 9.529998779296875
}
