{
    "child_model_execute_cost_by_ms": [
        18.85099983215332,
        17.04800033569336,
        19.56999969482422
    ],
    "child_model_run_time": [
        [
            28432153,
            28451004
        ],
        [
            28451029,
            28468077
        ],
        [
            28501655,
            28521225
        ]
    ],
    "execute_cost": 55.46900177001953,
    "finish_time": 28521232,
    "limit_cost_by_ms": 44.79933166503906,
    "model_name": "vgg19",
    "recv_time": 28353696,
    "tag": "484",
    "total_cost_by_ms": 167.53599548339844,
    "wait_cost": 112.0669937133789
}
