{
    "child_model_execute_cost_by_ms": [
        6.206999778747559
    ],
    "child_model_run_time": [
        [
            28706350,
            28712557
        ]
    ],
    "execute_cost": 6.206999778747559,
    "finish_time": 28712561,
    "limit_cost_by_ms": 5.7816667556762695,
    "model_name": "yolov2",
    "recv_time": 28706287,
    "tag": "491",
    "total_cost_by_ms": 6.27400016784668,
    "wait_cost": 0.0670003890991211
}
