{
    "child_model_execute_cost_by_ms": [
        12.199000358581543
    ],
    "child_model_run_time": [
        [
            28553394,
            28565593
        ]
    ],
    "execute_cost": 12.199000358581543,
    "finish_time": 28565604,
    "limit_cost_by_ms": 8.529666900634766,
    "model_name": "googlenet",
    "recv_time": 28523929,
    "tag": "492",
    "total_cost_by_ms": 41.67499923706055,
    "wait_cost": 29.475997924804688
}
