{
    "child_model_execute_cost_by_ms": [
        18.847000122070313,
        17.211000442504883,
        18.895999908447266
    ],
    "child_model_run_time": [
        [
            28712899,
            28731746
        ],
        [
            28731782,
            28748993
        ],
        [
            28749026,
            28767922
        ]
    ],
    "execute_cost": 54.95399856567383,
    "finish_time": 28767924,
    "limit_cost_by_ms": 44.492332458496094,
    "model_name": "vgg19",
    "recv_time": 28712842,
    "tag": "492",
    "total_cost_by_ms": 55.082000732421875,
    "wait_cost": 0.12800216674804688
}
