{
    "child_model_execute_cost_by_ms": [
        11.107999801635742
    ],
    "child_model_run_time": [
        [
            28768305,
            28779413
        ]
    ],
    "execute_cost": 11.107999801635742,
    "finish_time": 28779421,
    "limit_cost_by_ms": 8.904333114624023,
    "model_name": "googlenet",
    "recv_time": 28768235,
    "tag": "493",
    "total_cost_by_ms": 11.185999870300293,
    "wait_cost": 0.07800006866455078
}
