{
    "child_model_execute_cost_by_ms": [
        14.97599983215332,
        12.890999794006348
    ],
    "child_model_run_time": [
        [
            28583034,
            28598010
        ],
        [
            28604306,
            28617197
        ]
    ],
    "execute_cost": 27.867000579833984,
    "finish_time": 28617203,
    "limit_cost_by_ms": 18.771333694458008,
    "model_name": "resnet50",
    "recv_time": 28567716,
    "tag": "495",
    "total_cost_by_ms": 49.48699951171875,
    "wait_cost": 21.619998931884766
}
