{
    "child_model_execute_cost_by_ms": [
        18.594999313354492,
        17.354000091552734,
        19.511999130249023
    ],
    "child_model_run_time": [
        [
            28521255,
            28539850
        ],
        [
            28565641,
            28582995
        ],
        [
            28617216,
            28636728
        ]
    ],
    "execute_cost": 55.46099853515625,
    "finish_time": 28636733,
    "limit_cost_by_ms": 44.79933166503906,
    "model_name": "vgg19",
    "recv_time": 28458951,
    "tag": "489",
    "total_cost_by_ms": 177.78199768066406,
    "wait_cost": 122.32099914550781
}
