{
    "child_model_execute_cost_by_ms": [
        17.756000518798828,
        13.447999954223633
    ],
    "child_model_run_time": [
        [
            28793110,
            28810866
        ],
        [
            28810911,
            28824359
        ]
    ],
    "execute_cost": 31.20400047302246,
    "finish_time": 28824362,
    "limit_cost_by_ms": 18.256332397460938,
    "model_name": "resnet50",
    "recv_time": 28788020,
    "tag": "495",
    "total_cost_by_ms": 36.34199905395508,
    "wait_cost": 5.137998580932617
}
