{
    "child_model_execute_cost_by_ms": [
        13.380000114440918
    ],
    "child_model_run_time": [
        [
            28655493,
            28668873
        ]
    ],
    "execute_cost": 13.380000114440918,
    "finish_time": 28668885,
    "limit_cost_by_ms": 6.9683332443237305,
    "model_name": "gpt128v2",
    "recv_time": 28637962,
    "tag": "497",
    "total_cost_by_ms": 30.92300033569336,
    "wait_cost": 17.542999267578125
}
