{
    "child_model_execute_cost_by_ms": [
        18.535999298095703,
        17.084999084472656,
        19.131999969482422
    ],
    "child_model_run_time": [
        [
            28831328,
            28849864
        ],
        [
            28849895,
            28866980
        ],
        [
            28867012,
            28886144
        ]
    ],
    "execute_cost": 54.75299835205078,
    "finish_time": 28886147,
    "limit_cost_by_ms": 44.492332458496094,
    "model_name": "vgg19",
    "recv_time": 28831271,
    "tag": "497",
    "total_cost_by_ms": 54.875999450683594,
    "wait_cost": 0.1230010986328125
}
