{
    "child_model_execute_cost_by_ms": [
        12.425999641418457
    ],
    "child_model_run_time": [
        [
            28668917,
            28681343
        ]
    ],
    "execute_cost": 12.425999641418457,
    "finish_time": 28681353,
    "limit_cost_by_ms": 8.529666900634766,
    "model_name": "googlenet",
    "recv_time": 28637018,
    "tag": "498",
    "total_cost_by_ms": 44.334999084472656,
    "wait_cost": 31.909000396728516
}
