{
    "child_model_execute_cost_by_ms": [
        6.146999835968018
    ],
    "child_model_run_time": [
        [
            28708977,
            28715124
        ]
    ],
    "execute_cost": 6.146999835968018,
    "finish_time": 28715129,
    "limit_cost_by_ms": 5.815999984741211,
    "model_name": "yolov2",
    "recv_time": 28704402,
    "tag": "501",
    "total_cost_by_ms": 10.72700023651123,
    "wait_cost": 4.580000400543213
}
