{
    "child_model_execute_cost_by_ms": [
        12.89900016784668
    ],
    "child_model_run_time": [
        [
            28735315,
            28748214
        ]
    ],
    "execute_cost": 12.89900016784668,
    "finish_time": 28748224,
    "limit_cost_by_ms": 6.9683332443237305,
    "model_name": "gpt128v2",
    "recv_time": 28733810,
    "tag": "502",
    "total_cost_by_ms": 14.413999557495117,
    "wait_cost": 1.5149993896484375
}
