{
    "child_model_execute_cost_by_ms": [
        16.118999481201172,
        16.604000091552734
    ],
    "child_model_run_time": [
        [
            28896324,
            28912443
        ],
        [
            28925990,
            28942594
        ]
    ],
    "execute_cost": 32.722999572753906,
    "finish_time": 28942601,
    "limit_cost_by_ms": 18.256332397460938,
    "model_name": "resnet50",
    "recv_time": 28877808,
    "tag": "499",
    "total_cost_by_ms": 64.79299926757813,
    "wait_cost": 32.06999969482422
}
