{
    "child_model_execute_cost_by_ms": [
        13.326000213623047
    ],
    "child_model_run_time": [
        [
            17385861,
            17399187
        ]
    ],
    "execute_cost": 13.326000213623047,
    "finish_time": 17399197,
    "limit_cost_by_ms": 8.529666900634766,
    "model_name": "googlenet",
    "recv_time": 17378649,
    "tag": "7",
    "total_cost_by_ms": 20.54800033569336,
    "wait_cost": 7.2220001220703125
}
