{
    "child_model_execute_cost_by_ms": [
        9.644000053405762
    ],
    "child_model_run_time": [
        [
            18510067,
            18519711
        ]
    ],
    "execute_cost": 9.644000053405762,
    "finish_time": 18519722,
    "limit_cost_by_ms": 8.904333114624023,
    "model_name": "googlenet",
    "recv_time": 18497001,
    "tag": "52",
    "total_cost_by_ms": 22.72100067138672,
    "wait_cost": 13.077000617980957
}
