{
    "child_model_execute_cost_by_ms": [
        9.887999534606934
    ],
    "child_model_run_time": [
        [
            18431030,
            18440918
        ]
    ],
    "execute_cost": 9.887999534606934,
    "finish_time": 18440929,
    "limit_cost_by_ms": 8.529666900634766,
    "model_name": "googlenet",
    "recv_time": 18420680,
    "tag": "52",
    "total_cost_by_ms": 20.249000549316406,
    "wait_cost": 10.361001014709473
}
