{
    "child_model_execute_cost_by_ms": [
        18.694000244140625,
        19.944000244140625,
        21.697999954223633
    ],
    "child_model_run_time": [
        [
            28636758,
            28655452
        ],
        [
            28715225,
            28735169
        ],
        [
            28748296,
            28769994
        ]
    ],
    "execute_cost": 60.33599853515625,
    "finish_time": 28770001,
    "limit_cost_by_ms": 44.79933166503906,
    "model_name": "vgg19",
    "recv_time": 28549009,
    "tag": "494",
    "total_cost_by_ms": 220.99200439453125,
    "wait_cost": 160.656005859375
}
