{
    "child_model_execute_cost_by_ms": [
        6.468999862670898
    ],
    "child_model_run_time": [
        [
            28942673,
            28949142
        ]
    ],
    "execute_cost": 6.468999862670898,
    "finish_time": 28949147,
    "limit_cost_by_ms": 5.7816667556762695,
    "model_name": "yolov2",
    "recv_time": 28937192,
    "tag": "501",
    "total_cost_by_ms": 11.954999923706055,
    "wait_cost": 5.486000061035156
}
