{
    "child_model_execute_cost_by_ms": [
        18.391000747680664,
        17.13800048828125,
        18.966999053955078
    ],
    "child_model_run_time": [
        [
            28949569,
            28967960
        ],
        [
            28967996,
            28985134
        ],
        [
            28985165,
            29004132
        ]
    ],
    "execute_cost": 54.49599838256836,
    "finish_time": 29004134,
    "limit_cost_by_ms": 44.492332458496094,
    "model_name": "vgg19",
    "recv_time": 28949512,
    "tag": "502",
    "total_cost_by_ms": 54.62200164794922,
    "wait_cost": 0.12600326538085938
}
