{
    "child_model_execute_cost_by_ms": [
        9.791000366210938
    ],
    "child_model_run_time": [
        [
            28787899,
            28797690
        ]
    ],
    "execute_cost": 9.791000366210938,
    "finish_time": 28797698,
    "limit_cost_by_ms": 8.529666900634766,
    "model_name": "googlenet",
    "recv_time": 28772421,
    "tag": "503",
    "total_cost_by_ms": 25.277000427246094,
    "wait_cost": 15.486000061035156
}
