{
    "child_model_execute_cost_by_ms": [
        14.552000045776367,
        12.64900016784668
    ],
    "child_model_run_time": [
        [
            28814866,
            28829418
        ],
        [
            28829455,
            28842104
        ]
    ],
    "execute_cost": 27.201000213623047,
    "finish_time": 28842108,
    "limit_cost_by_ms": 18.771333694458008,
    "model_name": "resnet50",
    "recv_time": 28804646,
    "tag": "504",
    "total_cost_by_ms": 37.46200180053711,
    "wait_cost": 10.261001586914063
}
