{
    "child_model_execute_cost_by_ms": [
        6.401000022888184
    ],
    "child_model_run_time": [
        [
            28842149,
            28848550
        ]
    ],
    "execute_cost": 6.401000022888184,
    "finish_time": 28848556,
    "limit_cost_by_ms": 5.815999984741211,
    "model_name": "yolov2",
    "recv_time": 28836712,
    "tag": "506",
    "total_cost_by_ms": 11.843999862670898,
    "wait_cost": 5.442999839782715
}
