{
    "child_model_execute_cost_by_ms": [
        17.80699920654297,
        17.016000747680664,
        20.167999267578125
    ],
    "child_model_run_time": [
        [
            28770048,
            28787855
        ],
        [
            28797808,
            28814824
        ],
        [
            28848622,
            28868790
        ]
    ],
    "execute_cost": 54.990997314453125,
    "finish_time": 28868796,
    "limit_cost_by_ms": 44.79933166503906,
    "model_name": "vgg19",
    "recv_time": 28665613,
    "tag": "499",
    "total_cost_by_ms": 203.18299865722656,
    "wait_cost": 148.19200134277344
}
