{
    "child_model_execute_cost_by_ms": [
        13.168999671936035
    ],
    "child_model_run_time": [
        [
            28869038,
            28882207
        ]
    ],
    "execute_cost": 13.168999671936035,
    "finish_time": 28882215,
    "limit_cost_by_ms": 6.9683332443237305,
    "model_name": "gpt128v2",
    "recv_time": 28854099,
    "tag": "507",
    "total_cost_by_ms": 28.115999221801758,
    "wait_cost": 14.946999549865723
}
