{
    "child_model_execute_cost_by_ms": [
        18.823999404907227,
        17.16200065612793,
        18.886999130249023
    ],
    "child_model_run_time": [
        [
            29068376,
            29087200
        ],
        [
            29087234,
            29104396
        ],
        [
            29104429,
            29123316
        ]
    ],
    "execute_cost": 54.87300109863281,
    "finish_time": 29123319,
    "limit_cost_by_ms": 44.492332458496094,
    "model_name": "vgg19",
    "recv_time": 29068258,
    "tag": "507",
    "total_cost_by_ms": 55.06100082397461,
    "wait_cost": 0.18799972534179688
}
