{
    "child_model_execute_cost_by_ms": [
        9.605999946594238
    ],
    "child_model_run_time": [
        [
            28901898,
            28911504
        ]
    ],
    "execute_cost": 9.605999946594238,
    "finish_time": 28911515,
    "limit_cost_by_ms": 8.529666900634766,
    "model_name": "googlenet",
    "recv_time": 28892611,
    "tag": "508",
    "total_cost_by_ms": 18.90399932861328,
    "wait_cost": 9.297999382019043
}
