{
    "child_model_execute_cost_by_ms": [
        11.102999687194824
    ],
    "child_model_run_time": [
        [
            29138172,
            29149275
        ]
    ],
    "execute_cost": 11.102999687194824,
    "finish_time": 29149286,
    "limit_cost_by_ms": 8.904333114624023,
    "model_name": "googlenet",
    "recv_time": 29131543,
    "tag": "509",
    "total_cost_by_ms": 17.743000030517578,
    "wait_cost": 6.640000343322754
}
