{
    "child_model_execute_cost_by_ms": [
        14.821999549865723,
        12.602999687194824
    ],
    "child_model_run_time": [
        [
            28928482,
            28943304
        ],
        [
            28943345,
            28955948
        ]
    ],
    "execute_cost": 27.424999237060547,
    "finish_time": 28955953,
    "limit_cost_by_ms": 18.771333694458008,
    "model_name": "resnet50",
    "recv_time": 28920892,
    "tag": "510",
    "total_cost_by_ms": 35.06100082397461,
    "wait_cost": 7.6360015869140625
}
