{
    "child_model_execute_cost_by_ms": [
        13.404000282287598
    ],
    "child_model_run_time": [
        [
            29149427,
            29162831
        ]
    ],
    "execute_cost": 13.404000282287598,
    "finish_time": 29162842,
    "limit_cost_by_ms": 6.894999980926514,
    "model_name": "gpt128v2",
    "recv_time": 29144347,
    "tag": "510",
    "total_cost_by_ms": 18.4950008392334,
    "wait_cost": 5.091000556945801
}
