{
    "child_model_execute_cost_by_ms": [
        19.566999435424805,
        16.8799991607666,
        19.854000091552734
    ],
    "child_model_run_time": [
        [
            28882241,
            28901808
        ],
        [
            28911562,
            28928442
        ],
        [
            28962204,
            28982058
        ]
    ],
    "execute_cost": 56.30099868774414,
    "finish_time": 28982064,
    "limit_cost_by_ms": 44.79933166503906,
    "model_name": "vgg19",
    "recv_time": 28812727,
    "tag": "505",
    "total_cost_by_ms": 169.33700561523438,
    "wait_cost": 113.0360107421875
}
