{
    "child_model_execute_cost_by_ms": [
        6.0879998207092285
    ],
    "child_model_run_time": [
        [
            29198505,
            29204593
        ]
    ],
    "execute_cost": 6.0879998207092285,
    "finish_time": 29204603,
    "limit_cost_by_ms": 5.7816667556762695,
    "model_name": "yolov2",
    "recv_time": 29179825,
    "tag": "512",
    "total_cost_by_ms": 24.777999877929688,
    "wait_cost": 18.690000534057617
}
