{
    "child_model_execute_cost_by_ms": [
        13.437999725341797
    ],
    "child_model_run_time": [
        [
            28982639,
            28996077
        ]
    ],
    "execute_cost": 13.437999725341797,
    "finish_time": 28996088,
    "limit_cost_by_ms": 6.9683332443237305,
    "model_name": "gpt128v2",
    "recv_time": 28982580,
    "tag": "512",
    "total_cost_by_ms": 13.508000373840332,
    "wait_cost": 0.07000064849853516
}
