{
    "child_model_execute_cost_by_ms": [
        9.609999656677246
    ],
    "child_model_run_time": [
        [
            29016676,
            29026286
        ]
    ],
    "execute_cost": 9.609999656677246,
    "finish_time": 29026296,
    "limit_cost_by_ms": 8.529666900634766,
    "model_name": "googlenet",
    "recv_time": 29012616,
    "tag": "513",
    "total_cost_by_ms": 13.680000305175781,
    "wait_cost": 4.070000648498535
}
