{
    "child_model_execute_cost_by_ms": [
        15.038000106811523,
        12.935999870300293
    ],
    "child_model_run_time": [
        [
            29043737,
            29058775
        ],
        [
            29058821,
            29071757
        ]
    ],
    "execute_cost": 27.9739990234375,
    "finish_time": 29071762,
    "limit_cost_by_ms": 18.771333694458008,
    "model_name": "resnet50",
    "recv_time": 29036803,
    "tag": "514",
    "total_cost_by_ms": 34.95899963378906,
    "wait_cost": 6.9850006103515625
}
