{
    "child_model_execute_cost_by_ms": [
        16.124000549316406,
        16.492000579833984
    ],
    "child_model_run_time": [
        [
            29222204,
            29238328
        ],
        [
            29251913,
            29268405
        ]
    ],
    "execute_cost": 32.61600112915039,
    "finish_time": 29268414,
    "limit_cost_by_ms": 18.256332397460938,
    "model_name": "resnet50",
    "recv_time": 29204949,
    "tag": "513",
    "total_cost_by_ms": 63.46500015258789,
    "wait_cost": 30.8489990234375
}
