{
    "child_model_execute_cost_by_ms": [
        10.142000198364258
    ],
    "child_model_run_time": [
        [
            29268525,
            29278667
        ]
    ],
    "execute_cost": 10.142000198364258,
    "finish_time": 29278677,
    "limit_cost_by_ms": 8.904333114624023,
    "model_name": "googlenet",
    "recv_time": 29251979,
    "tag": "515",
    "total_cost_by_ms": 26.697999954223633,
    "wait_cost": 16.555999755859375
}
