{
    "child_model_execute_cost_by_ms": [
        6.28000020980835
    ],
    "child_model_run_time": [
        [
            29071801,
            29078081
        ]
    ],
    "execute_cost": 6.28000020980835,
    "finish_time": 29078086,
    "limit_cost_by_ms": 5.815999984741211,
    "model_name": "yolov2",
    "recv_time": 29064965,
    "tag": "516",
    "total_cost_by_ms": 13.121000289916992,
    "wait_cost": 6.841000080108643
}
