{
    "child_model_execute_cost_by_ms": [
        18.697999954223633,
        17.461999893188477,
        19.902000427246094
    ],
    "child_model_run_time": [
        [
            29179757,
            29198455
        ],
        [
            29204698,
            29222160
        ],
        [
            29278721,
            29298623
        ]
    ],
    "execute_cost": 56.0620002746582,
    "finish_time": 29298626,
    "limit_cost_by_ms": 44.492332458496094,
    "model_name": "vgg19",
    "recv_time": 29179706,
    "tag": "511",
    "total_cost_by_ms": 118.91999816894531,
    "wait_cost": 62.85799789428711
}
