{
    "child_model_execute_cost_by_ms": [
        20.493000030517578,
        17.295000076293945,
        20.77899932861328
    ],
    "child_model_run_time": [
        [
            28996117,
            29016610
        ],
        [
            29026346,
            29043641
        ],
        [
            29078185,
            29098964
        ]
    ],
    "execute_cost": 58.56700134277344,
    "finish_time": 29098971,
    "limit_cost_by_ms": 44.79933166503906,
    "model_name": "vgg19",
    "recv_time": 28920823,
    "tag": "509",
    "total_cost_by_ms": 178.1479949951172,
    "wait_cost": 119.58099365234375
}
