{
    "child_model_execute_cost_by_ms": [
        6.138999938964844
    ],
    "child_model_run_time": [
        [
            29298955,
            29305094
        ]
    ],
    "execute_cost": 6.138999938964844,
    "finish_time": 29305099,
    "limit_cost_by_ms": 5.7816667556762695,
    "model_name": "yolov2",
    "recv_time": 29298896,
    "tag": "516",
    "total_cost_by_ms": 6.203000068664551,
    "wait_cost": 0.06400012969970703
}
