{
    "child_model_execute_cost_by_ms": [
        13.383999824523926
    ],
    "child_model_run_time": [
        [
            29099052,
            29112436
        ]
    ],
    "execute_cost": 13.383999824523926,
    "finish_time": 29112445,
    "limit_cost_by_ms": 6.9683332443237305,
    "model_name": "gpt128v2",
    "recv_time": 29079380,
    "tag": "517",
    "total_cost_by_ms": 33.064998626708984,
    "wait_cost": 19.680999755859375
}
