{
    "child_model_execute_cost_by_ms": [
        12.991999626159668
    ],
    "child_model_run_time": [
        [
            29339420,
            29352412
        ]
    ],
    "execute_cost": 12.991999626159668,
    "finish_time": 29352422,
    "limit_cost_by_ms": 6.894999980926514,
    "model_name": "gpt128v2",
    "recv_time": 29327669,
    "tag": "519",
    "total_cost_by_ms": 24.753000259399414,
    "wait_cost": 11.761000633239746
}
