{
    "child_model_execute_cost_by_ms": [
        9.510000228881836
    ],
    "child_model_run_time": [
        [
            29151023,
            29160533
        ]
    ],
    "execute_cost": 9.510000228881836,
    "finish_time": 29160545,
    "limit_cost_by_ms": 8.529666900634766,
    "model_name": "googlenet",
    "recv_time": 29140652,
    "tag": "518",
    "total_cost_by_ms": 19.89299964904785,
    "wait_cost": 10.382999420166016
}
