{
    "child_model_execute_cost_by_ms": [
        12.177000045776367
    ],
    "child_model_run_time": [
        [
            29352494,
            29364671
        ]
    ],
    "execute_cost": 12.177000045776367,
    "finish_time": 29364682,
    "limit_cost_by_ms": 8.904333114624023,
    "model_name": "googlenet",
    "recv_time": 29347810,
    "tag": "520",
    "total_cost_by_ms": 16.871999740600586,
    "wait_cost": 4.694999694824219
}
