{
    "child_model_execute_cost_by_ms": [
        15.038999557495117,
        12.70300006866455
    ],
    "child_model_run_time": [
        [
            29160619,
            29175658
        ],
        [
            29182053,
            29194756
        ]
    ],
    "execute_cost": 27.742000579833984,
    "finish_time": 29194760,
    "limit_cost_by_ms": 18.771333694458008,
    "model_name": "resnet50",
    "recv_time": 29144768,
    "tag": "519",
    "total_cost_by_ms": 49.992000579833984,
    "wait_cost": 22.25
}
