{
    "child_model_execute_cost_by_ms": [
        18.437999725341797,
        18.124000549316406,
        18.966999053955078
    ],
    "child_model_run_time": [
        [
            29305453,
            29323891
        ],
        [
            29378412,
            29396536
        ],
        [
            29396571,
            29415538
        ]
    ],
    "execute_cost": 55.52899932861328,
    "finish_time": 29415540,
    "limit_cost_by_ms": 44.492332458496094,
    "model_name": "vgg19",
    "recv_time": 29305398,
    "tag": "517",
    "total_cost_by_ms": 110.14199829101563,
    "wait_cost": 54.612998962402344
}
