{
    "child_model_execute_cost_by_ms": [
        21.0939998626709,
        17.31100082397461,
        20.28700065612793
    ],
    "child_model_run_time": [
        [
            29112475,
            29133569
        ],
        [
            29133605,
            29150916
        ],
        [
            29194870,
            29215157
        ]
    ],
    "execute_cost": 58.69200134277344,
    "finish_time": 29215163,
    "limit_cost_by_ms": 44.79933166503906,
    "model_name": "vgg19",
    "recv_time": 29036890,
    "tag": "515",
    "total_cost_by_ms": 178.2729949951172,
    "wait_cost": 119.58099365234375
}
