{
    "child_model_execute_cost_by_ms": [
        15.003000259399414,
        13.251999855041504
    ],
    "child_model_run_time": [
        [
            18519787,
            18534790
        ],
        [
            18541319,
            18554571
        ]
    ],
    "execute_cost": 28.255001068115234,
    "finish_time": 18554579,
    "limit_cost_by_ms": 18.256332397460938,
    "model_name": "resnet50",
    "recv_time": 18510120,
    "tag": "53",
    "total_cost_by_ms": 44.45899963378906,
    "wait_cost": 16.203998565673828
}
