{
    "child_model_execute_cost_by_ms": [
        19.034000396728516,
        19.329999923706055,
        19.496999740600586
    ],
    "child_model_run_time": [
        [
            18372810,
            18391844
        ],
        [
            18404964,
            18424294
        ],
        [
            18469402,
            18488899
        ]
    ],
    "execute_cost": 57.861000061035156,
    "finish_time": 18488906,
    "limit_cost_by_ms": 44.79933166503906,
    "model_name": "vgg19",
    "recv_time": 18304519,
    "tag": "47",
    "total_cost_by_ms": 184.38699340820313,
    "wait_cost": 126.52599334716797
}
