{
    "child_model_execute_cost_by_ms": [
        6.186999797821045
    ],
    "child_model_run_time": [
        [
            29433077,
            29439264
        ]
    ],
    "execute_cost": 6.186999797821045,
    "finish_time": 29439274,
    "limit_cost_by_ms": 5.7816667556762695,
    "model_name": "yolov2",
    "recv_time": 29420934,
    "tag": "522",
    "total_cost_by_ms": 18.34000015258789,
    "wait_cost": 12.152999877929688
}
