{
    "child_model_execute_cost_by_ms": [
        9.704000473022461
    ],
    "child_model_run_time": [
        [
            29265576,
            29275280
        ]
    ],
    "execute_cost": 9.704000473022461,
    "finish_time": 29275290,
    "limit_cost_by_ms": 8.529666900634766,
    "model_name": "googlenet",
    "recv_time": 29249108,
    "tag": "523",
    "total_cost_by_ms": 26.18199920654297,
    "wait_cost": 16.477998733520508
}
