{
    "child_model_execute_cost_by_ms": [
        12.831000328063965
    ],
    "child_model_run_time": [
        [
            29457134,
            29469965
        ]
    ],
    "execute_cost": 12.831000328063965,
    "finish_time": 29469973,
    "limit_cost_by_ms": 6.894999980926514,
    "model_name": "gpt128v2",
    "recv_time": 29446053,
    "tag": "524",
    "total_cost_by_ms": 23.920000076293945,
    "wait_cost": 11.08899974822998
}
