{
    "child_model_execute_cost_by_ms": [
        15.093000411987305,
        12.876999855041504
    ],
    "child_model_run_time": [
        [
            29275559,
            29290652
        ],
        [
            29290738,
            29303615
        ]
    ],
    "execute_cost": 27.970001220703125,
    "finish_time": 29303621,
    "limit_cost_by_ms": 18.771333694458008,
    "model_name": "resnet50",
    "recv_time": 29249252,
    "tag": "524",
    "total_cost_by_ms": 54.36899948120117,
    "wait_cost": 26.398998260498047
}
