{
    "child_model_execute_cost_by_ms": [
        14.597000122070313,
        13.029999732971191
    ],
    "child_model_run_time": [
        [
            29482148,
            29496745
        ],
        [
            29496776,
            29509806
        ]
    ],
    "execute_cost": 27.626998901367188,
    "finish_time": 29509812,
    "limit_cost_by_ms": 18.256332397460938,
    "model_name": "resnet50",
    "recv_time": 29439598,
    "tag": "523",
    "total_cost_by_ms": 70.21399688720703,
    "wait_cost": 42.586997985839844
}
