{
    "child_model_execute_cost_by_ms": [
        7.079999923706055
    ],
    "child_model_run_time": [
        [
            29303665,
            29310745
        ]
    ],
    "execute_cost": 7.079999923706055,
    "finish_time": 29310751,
    "limit_cost_by_ms": 5.815999984741211,
    "model_name": "yolov2",
    "recv_time": 29297936,
    "tag": "526",
    "total_cost_by_ms": 12.8149995803833,
    "wait_cost": 5.734999656677246
}
