{
    "child_model_execute_cost_by_ms": [
        17.20599937438965,
        17.68000030517578,
        19.275999069213867
    ],
    "child_model_run_time": [
        [
            29415827,
            29433033
        ],
        [
            29439384,
            29457064
        ],
        [
            29509901,
            29529177
        ]
    ],
    "execute_cost": 54.16200256347656,
    "finish_time": 29529180,
    "limit_cost_by_ms": 44.492332458496094,
    "model_name": "vgg19",
    "recv_time": 29415780,
    "tag": "521",
    "total_cost_by_ms": 113.4000015258789,
    "wait_cost": 59.237998962402344
}
