{
    "child_model_execute_cost_by_ms": [
        9.031999588012695
    ],
    "child_model_run_time": [
        [
            29310848,
            29319880
        ]
    ],
    "execute_cost": 9.031999588012695,
    "finish_time": 29319887,
    "limit_cost_by_ms": 6.9683332443237305,
    "model_name": "gpt128v2",
    "recv_time": 29304710,
    "tag": "527",
    "total_cost_by_ms": 15.177000045776367,
    "wait_cost": 6.145000457763672
}
