{
    "child_model_execute_cost_by_ms": [
        7.349999904632568
    ],
    "child_model_run_time": [
        [
            29578310,
            29585660
        ]
    ],
    "execute_cost": 7.349999904632568,
    "finish_time": 29585670,
    "limit_cost_by_ms": 5.7816667556762695,
    "model_name": "yolov2",
    "recv_time": 29573731,
    "tag": "528",
    "total_cost_by_ms": 11.939000129699707,
    "wait_cost": 4.589000225067139
}
