{
    "child_model_execute_cost_by_ms": [
        20.121999740600586,
        16.775999069213867,
        21.420000076293945
    ],
    "child_model_run_time": [
        [
            29228534,
            29248656
        ],
        [
            29248692,
            29265468
        ],
        [
            29319915,
            29341335
        ]
    ],
    "execute_cost": 58.31800079345703,
    "finish_time": 29341342,
    "limit_cost_by_ms": 44.79933166503906,
    "model_name": "vgg19",
    "recv_time": 29160981,
    "tag": "520",
    "total_cost_by_ms": 180.36099243164063,
    "wait_cost": 122.0429916381836
}
