{
    "child_model_execute_cost_by_ms": [
        9.767999649047852
    ],
    "child_model_run_time": [
        [
            29372961,
            29382729
        ]
    ],
    "execute_cost": 9.767999649047852,
    "finish_time": 29382739,
    "limit_cost_by_ms": 8.529666900634766,
    "model_name": "googlenet",
    "recv_time": 29361642,
    "tag": "529",
    "total_cost_by_ms": 21.097000122070313,
    "wait_cost": 11.329000473022461
}
