{
    "child_model_execute_cost_by_ms": [
        12.265999794006348
    ],
    "child_model_run_time": [
        [
            29599906,
            29612172
        ]
    ],
    "execute_cost": 12.265999794006348,
    "finish_time": 29612183,
    "limit_cost_by_ms": 8.904333114624023,
    "model_name": "googlenet",
    "recv_time": 29595066,
    "tag": "530",
    "total_cost_by_ms": 17.117000579833984,
    "wait_cost": 4.851000785827637
}
