{
    "child_model_execute_cost_by_ms": [
        13.803999900817871,
        13.079000473022461
    ],
    "child_model_run_time": [
        [
            29359086,
            29372890
        ],
        [
            29382864,
            29395943
        ]
    ],
    "execute_cost": 26.882999420166016,
    "finish_time": 29395949,
    "limit_cost_by_ms": 18.771333694458008,
    "model_name": "resnet50",
    "recv_time": 29357609,
    "tag": "528",
    "total_cost_by_ms": 38.34000015258789,
    "wait_cost": 11.457000732421875
}
