{
    "child_model_execute_cost_by_ms": [
        11.14799976348877
    ],
    "child_model_run_time": [
        [
            29414688,
            29425836
        ]
    ],
    "execute_cost": 11.14799976348877,
    "finish_time": 29425844,
    "limit_cost_by_ms": 6.9683332443237305,
    "model_name": "gpt128v2",
    "recv_time": 29414637,
    "tag": "531",
    "total_cost_by_ms": 11.206999778747559,
    "wait_cost": 0.05900001525878906
}
