{
    "child_model_execute_cost_by_ms": [
        8.585000038146973
    ],
    "child_model_run_time": [
        [
            29425868,
            29434453
        ]
    ],
    "execute_cost": 8.585000038146973,
    "finish_time": 29434463,
    "limit_cost_by_ms": 5.815999984741211,
    "model_name": "yolov2",
    "recv_time": 29414753,
    "tag": "532",
    "total_cost_by_ms": 19.709999084472656,
    "wait_cost": 11.124999046325684
}
