{
    "child_model_execute_cost_by_ms": [
        17.34600067138672,
        16.39299964904785,
        19.479000091552734
    ],
    "child_model_run_time": [
        [
            29529571,
            29546917
        ],
        [
            29547002,
            29563395
        ],
        [
            29624598,
            29644077
        ]
    ],
    "execute_cost": 53.21799850463867,
    "finish_time": 29644080,
    "limit_cost_by_ms": 44.492332458496094,
    "model_name": "vgg19",
    "recv_time": 29529511,
    "tag": "526",
    "total_cost_by_ms": 114.56900024414063,
    "wait_cost": 61.35100173950195
}
