{
    "child_model_execute_cost_by_ms": [
        13.029999732971191
    ],
    "child_model_run_time": [
        [
            18507931,
            18520961
        ]
    ],
    "execute_cost": 13.029999732971191,
    "finish_time": 18520969,
    "limit_cost_by_ms": 6.9683332443237305,
    "model_name": "gpt128v2",
    "recv_time": 18494701,
    "tag": "55",
    "total_cost_by_ms": 26.26799964904785,
    "wait_cost": 13.23799991607666
}
