{
    "child_model_execute_cost_by_ms": [
        18.52899932861328,
        18.225000381469727,
        18.826000213623047
    ],
    "child_model_run_time": [
        [
            18491489,
            18510018
        ],
        [
            18554656,
            18572881
        ],
        [
            18572917,
            18591743
        ]
    ],
    "execute_cost": 55.57999801635742,
    "finish_time": 18591745,
    "limit_cost_by_ms": 44.492332458496094,
    "model_name": "vgg19",
    "recv_time": 18491431,
    "tag": "51",
    "total_cost_by_ms": 100.31400299072266,
    "wait_cost": 44.734004974365234
}
