{
    "child_model_execute_cost_by_ms": [
        18.649999618530273,
        16.64900016784668,
        18.645000457763672
    ],
    "child_model_run_time": [
        [
            29644425,
            29663075
        ],
        [
            29663103,
            29679752
        ],
        [
            29679771,
            29698416
        ]
    ],
    "execute_cost": 53.944000244140625,
    "finish_time": 29698418,
    "limit_cost_by_ms": 44.492332458496094,
    "model_name": "vgg19",
    "recv_time": 29644362,
    "tag": "531",
    "total_cost_by_ms": 54.055999755859375,
    "wait_cost": 0.11199951171875
}
