{
    "child_model_execute_cost_by_ms": [
        17.66699981689453,
        17.538999557495117,
        19.42300033569336
    ],
    "child_model_run_time": [
        [
            29341385,
            29359052
        ],
        [
            29395994,
            29413533
        ],
        [
            29434486,
            29453909
        ]
    ],
    "execute_cost": 54.62900161743164,
    "finish_time": 29453914,
    "limit_cost_by_ms": 44.79933166503906,
    "model_name": "vgg19",
    "recv_time": 29290826,
    "tag": "525",
    "total_cost_by_ms": 163.08799743652344,
    "wait_cost": 108.45899963378906
}
