{
    "child_model_execute_cost_by_ms": [
        9.899999618530273
    ],
    "child_model_run_time": [
        [
            29471800,
            29481700
        ]
    ],
    "execute_cost": 9.899999618530273,
    "finish_time": 29481710,
    "limit_cost_by_ms": 8.529666900634766,
    "model_name": "googlenet",
    "recv_time": 29464946,
    "tag": "533",
    "total_cost_by_ms": 16.763999938964844,
    "wait_cost": 6.86400032043457
}
