{
    "child_model_execute_cost_by_ms": [
        13.295999526977539
    ],
    "child_model_run_time": [
        [
            29699636,
            29712932
        ]
    ],
    "execute_cost": 13.295999526977539,
    "finish_time": 29712944,
    "limit_cost_by_ms": 6.894999980926514,
    "model_name": "gpt128v2",
    "recv_time": 29699586,
    "tag": "532",
    "total_cost_by_ms": 13.357999801635742,
    "wait_cost": 0.062000274658203125
}
