{
    "child_model_execute_cost_by_ms": [
        6.308000087738037
    ],
    "child_model_run_time": [
        [
            29729579,
            29735887
        ]
    ],
    "execute_cost": 6.308000087738037,
    "finish_time": 29735896,
    "limit_cost_by_ms": 5.7816667556762695,
    "model_name": "yolov2",
    "recv_time": 29729524,
    "tag": "535",
    "total_cost_by_ms": 6.372000217437744,
    "wait_cost": 0.06400012969970703
}
