{
    "child_model_execute_cost_by_ms": [
        14.541999816894531,
        13.267999649047852
    ],
    "child_model_run_time": [
        [
            29499257,
            29513799
        ],
        [
            29513839,
            29527107
        ]
    ],
    "execute_cost": 27.809999465942383,
    "finish_time": 29527113,
    "limit_cost_by_ms": 18.771333694458008,
    "model_name": "resnet50",
    "recv_time": 29493244,
    "tag": "534",
    "total_cost_by_ms": 33.86899948120117,
    "wait_cost": 6.059000015258789
}
