{
    "child_model_execute_cost_by_ms": [
        9.904000282287598
    ],
    "child_model_run_time": [
        [
            29736018,
            29745922
        ]
    ],
    "execute_cost": 9.904000282287598,
    "finish_time": 29745932,
    "limit_cost_by_ms": 8.904333114624023,
    "model_name": "googlenet",
    "recv_time": 29716970,
    "tag": "534",
    "total_cost_by_ms": 28.961999893188477,
    "wait_cost": 19.057998657226563
}
