{
    "child_model_execute_cost_by_ms": [
        6.2170000076293945
    ],
    "child_model_run_time": [
        [
            29527224,
            29533441
        ]
    ],
    "execute_cost": 6.2170000076293945,
    "finish_time": 29533446,
    "limit_cost_by_ms": 5.815999984741211,
    "model_name": "yolov2",
    "recv_time": 29517348,
    "tag": "535",
    "total_cost_by_ms": 16.097999572753906,
    "wait_cost": 9.880999565124512
}
