{
    "child_model_execute_cost_by_ms": [
        17.695999145507813,
        17.384000778198242,
        20.43199920654297
    ],
    "child_model_run_time": [
        [
            29453957,
            29471653
        ],
        [
            29481731,
            29499115
        ],
        [
            29533526,
            29553958
        ]
    ],
    "execute_cost": 55.512001037597656,
    "finish_time": 29553965,
    "limit_cost_by_ms": 44.79933166503906,
    "model_name": "vgg19",
    "recv_time": 29402015,
    "tag": "530",
    "total_cost_by_ms": 151.9499969482422,
    "wait_cost": 96.43799591064453
}
