{
    "child_model_execute_cost_by_ms": [
        16.566999435424805,
        13.293999671936035
    ],
    "child_model_run_time": [
        [
            29712957,
            29729524
        ],
        [
            29746001,
            29759295
        ]
    ],
    "execute_cost": 29.861000061035156,
    "finish_time": 29759298,
    "limit_cost_by_ms": 18.256332397460938,
    "model_name": "resnet50",
    "recv_time": 29699688,
    "tag": "533",
    "total_cost_by_ms": 59.61000061035156,
    "wait_cost": 29.749000549316406
}
