{
    "child_model_execute_cost_by_ms": [
        18.094999313354492,
        16.58799934387207,
        18.450000762939453
    ],
    "child_model_run_time": [
        [
            29759647,
            29777742
        ],
        [
            29777778,
            29794366
        ],
        [
            29794396,
            29812846
        ]
    ],
    "execute_cost": 53.132999420166016,
    "finish_time": 29812848,
    "limit_cost_by_ms": 44.492332458496094,
    "model_name": "vgg19",
    "recv_time": 29759591,
    "tag": "536",
    "total_cost_by_ms": 53.25699996948242,
    "wait_cost": 0.12400054931640625
}
