{
    "child_model_execute_cost_by_ms": [
        13.51099967956543
    ],
    "child_model_run_time": [
        [
            29554038,
            29567549
        ]
    ],
    "execute_cost": 13.51099967956543,
    "finish_time": 29567562,
    "limit_cost_by_ms": 6.9683332443237305,
    "model_name": "gpt128v2",
    "recv_time": 29546611,
    "tag": "537",
    "total_cost_by_ms": 20.951000213623047,
    "wait_cost": 7.440000534057617
}
