{
    "child_model_execute_cost_by_ms": [
        9.657999992370605
    ],
    "child_model_run_time": [
        [
            29606046,
            29615704
        ]
    ],
    "execute_cost": 9.657999992370605,
    "finish_time": 29615716,
    "limit_cost_by_ms": 8.529666900634766,
    "model_name": "googlenet",
    "recv_time": 29593236,
    "tag": "538",
    "total_cost_by_ms": 22.479999542236328,
    "wait_cost": 12.821999549865723
}
