{
    "child_model_execute_cost_by_ms": [
        12.338000297546387
    ],
    "child_model_run_time": [
        [
            29827732,
            29840070
        ]
    ],
    "execute_cost": 12.338000297546387,
    "finish_time": 29840080,
    "limit_cost_by_ms": 8.904333114624023,
    "model_name": "googlenet",
    "recv_time": 29813144,
    "tag": "538",
    "total_cost_by_ms": 26.93600082397461,
    "wait_cost": 14.598000526428223
}
