{
    "child_model_execute_cost_by_ms": [
        6.129000186920166
    ],
    "child_model_run_time": [
        [
            29630635,
            29636764
        ]
    ],
    "execute_cost": 6.129000186920166,
    "finish_time": 29636786,
    "limit_cost_by_ms": 5.815999984741211,
    "model_name": "yolov2",
    "recv_time": 29621421,
    "tag": "540",
    "total_cost_by_ms": 15.364999771118164,
    "wait_cost": 9.236000061035156
}
