{
    "child_model_execute_cost_by_ms": [
        6.139999866485596
    ],
    "child_model_run_time": [
        [
            29855235,
            29861375
        ]
    ],
    "execute_cost": 6.139999866485596,
    "finish_time": 29861385,
    "limit_cost_by_ms": 5.7816667556762695,
    "model_name": "yolov2",
    "recv_time": 29846915,
    "tag": "540",
    "total_cost_by_ms": 14.470000267028809,
    "wait_cost": 8.329999923706055
}
