{
    "child_model_execute_cost_by_ms": [
        14.793999671936035,
        12.833999633789063
    ],
    "child_model_run_time": [
        [
            29615791,
            29630585
        ],
        [
            29636919,
            29649753
        ]
    ],
    "execute_cost": 27.62799835205078,
    "finish_time": 29649759,
    "limit_cost_by_ms": 18.771333694458008,
    "model_name": "resnet50",
    "recv_time": 29609275,
    "tag": "539",
    "total_cost_by_ms": 40.48400115966797,
    "wait_cost": 12.856002807617188
}
