{
    "child_model_execute_cost_by_ms": [
        21.013999938964844,
        17.363000869750977,
        20.624000549316406
    ],
    "child_model_run_time": [
        [
            29567587,
            29588601
        ],
        [
            29588639,
            29606002
        ],
        [
            29649806,
            29670430
        ]
    ],
    "execute_cost": 59.000999450683594,
    "finish_time": 29670437,
    "limit_cost_by_ms": 44.79933166503906,
    "model_name": "vgg19",
    "recv_time": 29527434,
    "tag": "536",
    "total_cost_by_ms": 143.0030059814453,
    "wait_cost": 84.00200653076172
}
