{
    "child_model_execute_cost_by_ms": [
        11.883000373840332
    ],
    "child_model_run_time": [
        [
            18521003,
            18532886
        ]
    ],
    "execute_cost": 11.883000373840332,
    "finish_time": 18532896,
    "limit_cost_by_ms": 8.529666900634766,
    "model_name": "googlenet",
    "recv_time": 18518831,
    "tag": "57",
    "total_cost_by_ms": 14.0649995803833,
    "wait_cost": 2.1819992065429688
}
