{
    "child_model_execute_cost_by_ms": [
        15.84000015258789
    ],
    "child_model_run_time": [
        [
            29670584,
            29686424
        ]
    ],
    "execute_cost": 15.84000015258789,
    "finish_time": 29686435,
    "limit_cost_by_ms": 6.9683332443237305,
    "model_name": "gpt128v2",
    "recv_time": 29658643,
    "tag": "542",
    "total_cost_by_ms": 27.79199981689453,
    "wait_cost": 11.95199966430664
}
