{
    "child_model_execute_cost_by_ms": [
        18.038000106811523,
        16.847000122070313,
        18.459999084472656
    ],
    "child_model_run_time": [
        [
            29874484,
            29892522
        ],
        [
            29892559,
            29909406
        ],
        [
            29909492,
            29927952
        ]
    ],
    "execute_cost": 53.345001220703125,
    "finish_time": 29927954,
    "limit_cost_by_ms": 44.492332458496094,
    "model_name": "vgg19",
    "recv_time": 29874475,
    "tag": "541",
    "total_cost_by_ms": 53.479000091552734,
    "wait_cost": 0.13399887084960938
}
