{
    "child_model_execute_cost_by_ms": [
        9.545999526977539
    ],
    "child_model_run_time": [
        [
            29724060,
            29733606
        ]
    ],
    "execute_cost": 9.545999526977539,
    "finish_time": 29733616,
    "limit_cost_by_ms": 8.529666900634766,
    "model_name": "googlenet",
    "recv_time": 29707148,
    "tag": "543",
    "total_cost_by_ms": 26.468000411987305,
    "wait_cost": 16.922000885009766
}
