{
    "child_model_execute_cost_by_ms": [
        6.198999881744385
    ],
    "child_model_run_time": [
        [
            29749292,
            29755491
        ]
    ],
    "execute_cost": 6.198999881744385,
    "finish_time": 29755497,
    "limit_cost_by_ms": 5.815999984741211,
    "model_name": "yolov2",
    "recv_time": 29737664,
    "tag": "545",
    "total_cost_by_ms": 17.83300018310547,
    "wait_cost": 11.634000778198242
}
