{
    "child_model_execute_cost_by_ms": [
        16.823999404907227,
        12.958999633789063
    ],
    "child_model_run_time": [
        [
            29952054,
            29968878
        ],
        [
            29968922,
            29981881
        ]
    ],
    "execute_cost": 29.78299903869629,
    "finish_time": 29981886,
    "limit_cost_by_ms": 18.256332397460938,
    "model_name": "resnet50",
    "recv_time": 29946162,
    "tag": "544",
    "total_cost_by_ms": 35.7239990234375,
    "wait_cost": 5.940999984741211
}
