{
    "child_model_execute_cost_by_ms": [
        15.541000366210938,
        13.012999534606934
    ],
    "child_model_run_time": [
        [
            29733701,
            29749242
        ],
        [
            29755643,
            29768656
        ]
    ],
    "execute_cost": 28.554000854492188,
    "finish_time": 29768661,
    "limit_cost_by_ms": 18.771333694458008,
    "model_name": "resnet50",
    "recv_time": 29721489,
    "tag": "544",
    "total_cost_by_ms": 47.172000885009766,
    "wait_cost": 18.618000030517578
}
