{
    "child_model_execute_cost_by_ms": [
        20.540000915527344,
        16.92099952697754,
        19.902999877929688
    ],
    "child_model_run_time": [
        [
            29686468,
            29707008
        ],
        [
            29707085,
            29724006
        ],
        [
            29768714,
            29788617
        ]
    ],
    "execute_cost": 57.36399841308594,
    "finish_time": 29788624,
    "limit_cost_by_ms": 44.79933166503906,
    "model_name": "vgg19",
    "recv_time": 29636810,
    "tag": "541",
    "total_cost_by_ms": 151.81399536132813,
    "wait_cost": 94.44999694824219
}
