{
    "child_model_execute_cost_by_ms": [
        18.774999618530273,
        16.72599983215332,
        18.756999969482422
    ],
    "child_model_run_time": [
        [
            29988549,
            30007324
        ],
        [
            30007361,
            30024087
        ],
        [
            30024120,
            30042877
        ]
    ],
    "execute_cost": 54.257999420166016,
    "finish_time": 30042880,
    "limit_cost_by_ms": 44.492332458496094,
    "model_name": "vgg19",
    "recv_time": 29988485,
    "tag": "546",
    "total_cost_by_ms": 54.39500045776367,
    "wait_cost": 0.13700103759765625
}
