{
    "child_model_execute_cost_by_ms": [
        13.227999687194824
    ],
    "child_model_run_time": [
        [
            29807740,
            29820968
        ]
    ],
    "execute_cost": 13.227999687194824,
    "finish_time": 29820980,
    "limit_cost_by_ms": 6.9683332443237305,
    "model_name": "gpt128v2",
    "recv_time": 29791406,
    "tag": "547",
    "total_cost_by_ms": 29.573999404907227,
    "wait_cost": 16.34600067138672
}
