{
    "child_model_execute_cost_by_ms": [
        11.048999786376953
    ],
    "child_model_run_time": [
        [
            30043175,
            30054224
        ]
    ],
    "execute_cost": 11.048999786376953,
    "finish_time": 30054234,
    "limit_cost_by_ms": 8.904333114624023,
    "model_name": "googlenet",
    "recv_time": 30043160,
    "tag": "547",
    "total_cost_by_ms": 11.074000358581543,
    "wait_cost": 0.025000572204589844
}
