{
    "child_model_execute_cost_by_ms": [
        11.946000099182129
    ],
    "child_model_run_time": [
        [
            29821012,
            29832958
        ]
    ],
    "execute_cost": 11.946000099182129,
    "finish_time": 29832969,
    "limit_cost_by_ms": 8.529666900634766,
    "model_name": "googlenet",
    "recv_time": 29799480,
    "tag": "548",
    "total_cost_by_ms": 33.48899841308594,
    "wait_cost": 21.542999267578125
}
