{
    "child_model_execute_cost_by_ms": [
        13.520999908447266
    ],
    "child_model_run_time": [
        [
            30054400,
            30067921
        ]
    ],
    "execute_cost": 13.520999908447266,
    "finish_time": 30067925,
    "limit_cost_by_ms": 6.894999980926514,
    "model_name": "gpt128v2",
    "recv_time": 30050804,
    "tag": "548",
    "total_cost_by_ms": 17.121000289916992,
    "wait_cost": 3.6000003814697266
}
