{
    "child_model_execute_cost_by_ms": [
        6.307000160217285
    ],
    "child_model_run_time": [
        [
            29850262,
            29856569
        ]
    ],
    "execute_cost": 6.307000160217285,
    "finish_time": 29856580,
    "limit_cost_by_ms": 5.815999984741211,
    "model_name": "yolov2",
    "recv_time": 29846087,
    "tag": "550",
    "total_cost_by_ms": 10.493000030517578,
    "wait_cost": 4.185999870300293
}
