{
    "child_model_execute_cost_by_ms": [
        14.255000114440918,
        12.791999816894531
    ],
    "child_model_run_time": [
        [
            29856685,
            29870940
        ],
        [
            29870979,
            29883771
        ]
    ],
    "execute_cost": 27.047000885009766,
    "finish_time": 29883776,
    "limit_cost_by_ms": 18.771333694458008,
    "model_name": "resnet50",
    "recv_time": 29833971,
    "tag": "549",
    "total_cost_by_ms": 49.80500030517578,
    "wait_cost": 22.757999420166016
}
