{
    "child_model_execute_cost_by_ms": [
        19.02199935913086,
        17.135000228881836,
        20.69099998474121
    ],
    "child_model_run_time": [
        [
            29788672,
            29807694
        ],
        [
            29833077,
            29850212
        ],
        [
            29883892,
            29904583
        ]
    ],
    "execute_cost": 56.847999572753906,
    "finish_time": 29904589,
    "limit_cost_by_ms": 44.79933166503906,
    "model_name": "vgg19",
    "recv_time": 29741741,
    "tag": "546",
    "total_cost_by_ms": 162.84800720214844,
    "wait_cost": 106.00000762939453
}
