{
    "child_model_execute_cost_by_ms": [
        9.543999671936035
    ],
    "child_model_run_time": [
        [
            18627560,
            18637104
        ]
    ],
    "execute_cost": 9.543999671936035,
    "finish_time": 18637112,
    "limit_cost_by_ms": 8.904333114624023,
    "model_name": "googlenet",
    "recv_time": 18622995,
    "tag": "57",
    "total_cost_by_ms": 14.116999626159668,
    "wait_cost": 4.572999954223633
}
