{
    "child_model_execute_cost_by_ms": [
        9.430000305175781
    ],
    "child_model_run_time": [
        [
            29904766,
            29914196
        ]
    ],
    "execute_cost": 9.430000305175781,
    "finish_time": 29914203,
    "limit_cost_by_ms": 6.9683332443237305,
    "model_name": "gpt128v2",
    "recv_time": 29899549,
    "tag": "552",
    "total_cost_by_ms": 14.654000282287598,
    "wait_cost": 5.223999977111816
}
