{
    "child_model_execute_cost_by_ms": [
        9.571999549865723
    ],
    "child_model_run_time": [
        [
            29934194,
            29943766
        ]
    ],
    "execute_cost": 9.571999549865723,
    "finish_time": 29943774,
    "limit_cost_by_ms": 8.529666900634766,
    "model_name": "googlenet",
    "recv_time": 29917989,
    "tag": "553",
    "total_cost_by_ms": 25.78499984741211,
    "wait_cost": 16.213001251220703
}
