{
    "child_model_execute_cost_by_ms": [
        19.121000289916992,
        17.996000289916992,
        20.708999633789063
    ],
    "child_model_run_time": [
        [
            30104392,
            30123513
        ],
        [
            30123550,
            30141546
        ],
        [
            30151607,
            30172316
        ]
    ],
    "execute_cost": 57.82600021362305,
    "finish_time": 30172322,
    "limit_cost_by_ms": 44.492332458496094,
    "model_name": "vgg19",
    "recv_time": 30104336,
    "tag": "551",
    "total_cost_by_ms": 67.98600006103516,
    "wait_cost": 10.15999984741211
}
