{
    "child_model_execute_cost_by_ms": [
        13.562999725341797
    ],
    "child_model_run_time": [
        [
            30172406,
            30185969
        ]
    ],
    "execute_cost": 13.562999725341797,
    "finish_time": 30185973,
    "limit_cost_by_ms": 6.894999980926514,
    "model_name": "gpt128v2",
    "recv_time": 30165675,
    "tag": "553",
    "total_cost_by_ms": 20.29800033569336,
    "wait_cost": 6.7350006103515625
}
