{
    "child_model_execute_cost_by_ms": [
        6.418000221252441
    ],
    "child_model_run_time": [
        [
            30203564,
            30209982
        ]
    ],
    "execute_cost": 6.418000221252441,
    "finish_time": 30209991,
    "limit_cost_by_ms": 5.7816667556762695,
    "model_name": "yolov2",
    "recv_time": 30191898,
    "tag": "555",
    "total_cost_by_ms": 18.093000411987305,
    "wait_cost": 11.675000190734863
}
