{
    "child_model_execute_cost_by_ms": [
        14.545000076293945,
        12.664999961853027
    ],
    "child_model_run_time": [
        [
            29961131,
            29975676
        ],
        [
            29982058,
            29994723
        ]
    ],
    "execute_cost": 27.209999084472656,
    "finish_time": 29994727,
    "limit_cost_by_ms": 18.771333694458008,
    "model_name": "resnet50",
    "recv_time": 29946440,
    "tag": "554",
    "total_cost_by_ms": 48.2869987487793,
    "wait_cost": 21.07699966430664
}
