{
    "child_model_execute_cost_by_ms": [
        15.130000114440918,
        13.92199993133545
    ],
    "child_model_run_time": [
        [
            30188371,
            30203501
        ],
        [
            30210090,
            30224012
        ]
    ],
    "execute_cost": 29.052000045776367,
    "finish_time": 30224015,
    "limit_cost_by_ms": 18.256332397460938,
    "model_name": "resnet50",
    "recv_time": 30188310,
    "tag": "554",
    "total_cost_by_ms": 35.70500183105469,
    "wait_cost": 6.65300178527832
}
