{
    "child_model_execute_cost_by_ms": [
        19.833999633789063,
        17.20800018310547,
        20.624000549316406
    ],
    "child_model_run_time": [
        [
            29914322,
            29934156
        ],
        [
            29943880,
            29961088
        ],
        [
            29994803,
            30015427
        ]
    ],
    "execute_cost": 57.66600036621094,
    "finish_time": 30015435,
    "limit_cost_by_ms": 44.79933166503906,
    "model_name": "vgg19",
    "recv_time": 29854135,
    "tag": "551",
    "total_cost_by_ms": 161.3000030517578,
    "wait_cost": 103.63400268554688
}
