{
    "child_model_execute_cost_by_ms": [
        9.795000076293945
    ],
    "child_model_run_time": [
        [
            30260435,
            30270230
        ]
    ],
    "execute_cost": 9.795000076293945,
    "finish_time": 30270240,
    "limit_cost_by_ms": 8.904333114624023,
    "model_name": "googlenet",
    "recv_time": 30252417,
    "tag": "557",
    "total_cost_by_ms": 17.822999954223633,
    "wait_cost": 8.027999877929688
}
