{
    "child_model_execute_cost_by_ms": [
        9.562999725341797
    ],
    "child_model_run_time": [
        [
            30064726,
            30074289
        ]
    ],
    "execute_cost": 9.562999725341797,
    "finish_time": 30074299,
    "limit_cost_by_ms": 8.529666900634766,
    "model_name": "googlenet",
    "recv_time": 30054396,
    "tag": "559",
    "total_cost_by_ms": 19.902999877929688,
    "wait_cost": 10.34000015258789
}
