{
    "child_model_execute_cost_by_ms": [
        18.833999633789063,
        17.14699935913086,
        20.660999298095703
    ],
    "child_model_run_time": [
        [
            30224373,
            30243207
        ],
        [
            30243246,
            30260393
        ],
        [
            30270309,
            30290970
        ]
    ],
    "execute_cost": 56.641998291015625,
    "finish_time": 30290973,
    "limit_cost_by_ms": 44.492332458496094,
    "model_name": "vgg19",
    "recv_time": 30224263,
    "tag": "556",
    "total_cost_by_ms": 66.70999908447266,
    "wait_cost": 10.068000793457031
}
