{
    "child_model_execute_cost_by_ms": [
        6.0980000495910645
    ],
    "child_model_run_time": [
        [
            30088875,
            30094973
        ]
    ],
    "execute_cost": 6.0980000495910645,
    "finish_time": 30094981,
    "limit_cost_by_ms": 5.815999984741211,
    "model_name": "yolov2",
    "recv_time": 30082651,
    "tag": "560",
    "total_cost_by_ms": 12.329999923706055,
    "wait_cost": 6.23199987411499
}
