{
    "child_model_execute_cost_by_ms": [
        13.392999649047852
    ],
    "child_model_run_time": [
        [
            30291020,
            30304413
        ]
    ],
    "execute_cost": 13.392999649047852,
    "finish_time": 30304418,
    "limit_cost_by_ms": 6.894999980926514,
    "model_name": "gpt128v2",
    "recv_time": 30285551,
    "tag": "558",
    "total_cost_by_ms": 18.867000579833984,
    "wait_cost": 5.474000930786133
}
