{
    "child_model_execute_cost_by_ms": [
        14.430999755859375,
        12.70199966430664
    ],
    "child_model_run_time": [
        [
            30074396,
            30088827
        ],
        [
            30095001,
            30107703
        ]
    ],
    "execute_cost": 27.132999420166016,
    "finish_time": 30107707,
    "limit_cost_by_ms": 18.771333694458008,
    "model_name": "resnet50",
    "recv_time": 30054289,
    "tag": "558",
    "total_cost_by_ms": 53.417999267578125,
    "wait_cost": 26.28499984741211
}
