{
    "child_model_execute_cost_by_ms": [
        21.011999130249023,
        17.58300018310547,
        20.433000564575195
    ],
    "child_model_run_time": [
        [
            30026002,
            30047014
        ],
        [
            30047050,
            30064633
        ],
        [
            30107770,
            30128203
        ]
    ],
    "execute_cost": 59.02799987792969,
    "finish_time": 30128209,
    "limit_cost_by_ms": 44.79933166503906,
    "model_name": "vgg19",
    "recv_time": 29978575,
    "tag": "556",
    "total_cost_by_ms": 149.63400268554688,
    "wait_cost": 90.60600280761719
}
