{
    "child_model_execute_cost_by_ms": [
        14.996000289916992,
        12.628999710083008
    ],
    "child_model_run_time": [
        [
            18557191,
            18572187
        ],
        [
            18572231,
            18584860
        ]
    ],
    "execute_cost": 27.625,
    "finish_time": 18584865,
    "limit_cost_by_ms": 18.771333694458008,
    "model_name": "resnet50",
    "recv_time": 18540037,
    "tag": "59",
    "total_cost_by_ms": 44.827999114990234,
    "wait_cost": 17.202999114990234
}
