{
    "child_model_execute_cost_by_ms": [
        6.071000099182129
    ],
    "child_model_run_time": [
        [
            18654353,
            18660424
        ]
    ],
    "execute_cost": 6.071000099182129,
    "finish_time": 18660434,
    "limit_cost_by_ms": 5.7816667556762695,
    "model_name": "yolov2",
    "recv_time": 18643302,
    "tag": "59",
    "total_cost_by_ms": 17.131999969482422,
    "wait_cost": 11.060999870300293
}
