{
    "child_model_execute_cost_by_ms": [
        8.366000175476074
    ],
    "child_model_run_time": [
        [
            30128283,
            30136649
        ]
    ],
    "execute_cost": 8.366000175476074,
    "finish_time": 30136656,
    "limit_cost_by_ms": 6.9683332443237305,
    "model_name": "gpt128v2",
    "recv_time": 30112003,
    "tag": "562",
    "total_cost_by_ms": 24.652999877929688,
    "wait_cost": 16.286998748779297
}
