{
    "child_model_execute_cost_by_ms": [
        18.395000457763672,
        17.270999908447266,
        19.665000915527344
    ],
    "child_model_run_time": [
        [
            30341779,
            30360174
        ],
        [
            30360214,
            30377485
        ],
        [
            30377517,
            30397182
        ]
    ],
    "execute_cost": 55.33100128173828,
    "finish_time": 30397186,
    "limit_cost_by_ms": 44.492332458496094,
    "model_name": "vgg19",
    "recv_time": 30341722,
    "tag": "561",
    "total_cost_by_ms": 55.4640007019043,
    "wait_cost": 0.13299942016601563
}
