{
    "child_model_execute_cost_by_ms": [
        20.134000778198242,
        16.993999481201172,
        19.375
    ],
    "child_model_run_time": [
        [
            30136684,
            30156818
        ],
        [
            30156850,
            30173844
        ],
        [
            30173875,
            30193250
        ]
    ],
    "execute_cost": 56.50299835205078,
    "finish_time": 30193253,
    "limit_cost_by_ms": 44.79933166503906,
    "model_name": "vgg19",
    "recv_time": 30102976,
    "tag": "561",
    "total_cost_by_ms": 90.2770004272461,
    "wait_cost": 33.77400207519531
}
