{
    "child_model_execute_cost_by_ms": [
        12.996000289916992
    ],
    "child_model_run_time": [
        [
            30397253,
            30410249
        ]
    ],
    "execute_cost": 12.996000289916992,
    "finish_time": 30410258,
    "limit_cost_by_ms": 6.894999980926514,
    "model_name": "gpt128v2",
    "recv_time": 30386562,
    "tag": "563",
    "total_cost_by_ms": 23.695999145507813,
    "wait_cost": 10.69999885559082
}
