{
    "child_model_execute_cost_by_ms": [
        9.98799991607666
    ],
    "child_model_run_time": [
        [
            30193362,
            30203350
        ]
    ],
    "execute_cost": 9.98799991607666,
    "finish_time": 30203360,
    "limit_cost_by_ms": 8.529666900634766,
    "model_name": "googlenet",
    "recv_time": 30173959,
    "tag": "563",
    "total_cost_by_ms": 29.400999069213867,
    "wait_cost": 19.41299819946289
}
