{
    "child_model_execute_cost_by_ms": [
        12.454999923706055
    ],
    "child_model_run_time": [
        [
            30410290,
            30422745
        ]
    ],
    "execute_cost": 12.454999923706055,
    "finish_time": 30422749,
    "limit_cost_by_ms": 8.904333114624023,
    "model_name": "googlenet",
    "recv_time": 30381633,
    "tag": "562",
    "total_cost_by_ms": 41.11600112915039,
    "wait_cost": 28.661001205444336
}
