{
    "child_model_execute_cost_by_ms": [
        6.572000026702881
    ],
    "child_model_run_time": [
        [
            30203435,
            30210007
        ]
    ],
    "execute_cost": 6.572000026702881,
    "finish_time": 30210016,
    "limit_cost_by_ms": 5.815999984741211,
    "model_name": "yolov2",
    "recv_time": 30193409,
    "tag": "565",
    "total_cost_by_ms": 16.60700035095215,
    "wait_cost": 10.03499984741211
}
