{
    "child_model_execute_cost_by_ms": [
        13.76099967956543,
        13.329999923706055
    ],
    "child_model_run_time": [
        [
            30210151,
            30223912
        ],
        [
            30223999,
            30237329
        ]
    ],
    "execute_cost": 27.090999603271484,
    "finish_time": 30237334,
    "limit_cost_by_ms": 18.771333694458008,
    "model_name": "resnet50",
    "recv_time": 30178102,
    "tag": "564",
    "total_cost_by_ms": 59.231998443603516,
    "wait_cost": 32.14099884033203
}
