{
    "child_model_execute_cost_by_ms": [
        13.482000350952148
    ],
    "child_model_run_time": [
        [
            30237519,
            30251001
        ]
    ],
    "execute_cost": 13.482000350952148,
    "finish_time": 30251013,
    "limit_cost_by_ms": 6.9683332443237305,
    "model_name": "gpt128v2",
    "recv_time": 30231853,
    "tag": "567",
    "total_cost_by_ms": 19.15999984741211,
    "wait_cost": 5.677999496459961
}
