{
    "child_model_execute_cost_by_ms": [
        13.090999603271484
    ],
    "child_model_run_time": [
        [
            30496059,
            30509150
        ]
    ],
    "execute_cost": 13.090999603271484,
    "finish_time": 30509158,
    "limit_cost_by_ms": 6.894999980926514,
    "model_name": "gpt128v2",
    "recv_time": 30487867,
    "tag": "568",
    "total_cost_by_ms": 21.291000366210938,
    "wait_cost": 8.200000762939453
}
