{
    "child_model_execute_cost_by_ms": [
        20.726999282836914,
        16.79400062561035,
        18.863000869750977
    ],
    "child_model_run_time": [
        [
            30251089,
            30271816
        ],
        [
            30271854,
            30288648
        ],
        [
            30288680,
            30307543
        ]
    ],
    "execute_cost": 56.384002685546875,
    "finish_time": 30307546,
    "limit_cost_by_ms": 44.79933166503906,
    "model_name": "vgg19",
    "recv_time": 30218903,
    "tag": "566",
    "total_cost_by_ms": 88.64299774169922,
    "wait_cost": 32.258995056152344
}
