{
    "child_model_execute_cost_by_ms": [
        12.125
    ],
    "child_model_run_time": [
        [
            30509186,
            30521311
        ]
    ],
    "execute_cost": 12.125,
    "finish_time": 30521320,
    "limit_cost_by_ms": 8.904333114624023,
    "model_name": "googlenet",
    "recv_time": 30486900,
    "tag": "567",
    "total_cost_by_ms": 34.41999816894531,
    "wait_cost": 22.294998168945313
}
