{
    "child_model_execute_cost_by_ms": [
        19.023000717163086,
        18.468000411987305,
        19.040000915527344
    ],
    "child_model_run_time": [
        [
            30458407,
            30477430
        ],
        [
            30477511,
            30495979
        ],
        [
            30521370,
            30540410
        ]
    ],
    "execute_cost": 56.531002044677734,
    "finish_time": 30540412,
    "limit_cost_by_ms": 44.492332458496094,
    "model_name": "vgg19",
    "recv_time": 30458277,
    "tag": "566",
    "total_cost_by_ms": 82.13500213623047,
    "wait_cost": 25.604000091552734
}
