{
    "child_model_execute_cost_by_ms": [
        6.443999767303467
    ],
    "child_model_run_time": [
        [
            30321815,
            30328259
        ]
    ],
    "execute_cost": 6.443999767303467,
    "finish_time": 30328265,
    "limit_cost_by_ms": 5.815999984741211,
    "model_name": "yolov2",
    "recv_time": 30307832,
    "tag": "569",
    "total_cost_by_ms": 20.433000564575195,
    "wait_cost": 13.98900032043457
}
