{
    "child_model_execute_cost_by_ms": [
        10.956000328063965
    ],
    "child_model_run_time": [
        [
            30328369,
            30339325
        ]
    ],
    "execute_cost": 10.956000328063965,
    "finish_time": 30339337,
    "limit_cost_by_ms": 8.529666900634766,
    "model_name": "googlenet",
    "recv_time": 30310697,
    "tag": "570",
    "total_cost_by_ms": 28.639999389648438,
    "wait_cost": 17.683998107910156
}
