{
    "child_model_execute_cost_by_ms": [
        13.64799976348877
    ],
    "child_model_run_time": [
        [
            30339594,
            30353242
        ]
    ],
    "execute_cost": 13.64799976348877,
    "finish_time": 30353253,
    "limit_cost_by_ms": 6.9683332443237305,
    "model_name": "gpt128v2",
    "recv_time": 30335741,
    "tag": "571",
    "total_cost_by_ms": 17.511999130249023,
    "wait_cost": 3.863999366760254
}
