{
    "child_model_execute_cost_by_ms": [
        14.281999588012695,
        12.902000427246094
    ],
    "child_model_run_time": [
        [
            18660570,
            18674852
        ],
        [
            18674903,
            18687805
        ]
    ],
    "execute_cost": 27.18400001525879,
    "finish_time": 18687811,
    "limit_cost_by_ms": 18.256332397460938,
    "model_name": "resnet50",
    "recv_time": 18637443,
    "tag": "58",
    "total_cost_by_ms": 50.36800003051758,
    "wait_cost": 23.18400001525879
}
