{
    "child_model_execute_cost_by_ms": [
        18.929000854492188,
        17.375999450683594,
        19.433000564575195
    ],
    "child_model_run_time": [
        [
            18488951,
            18507880
        ],
        [
            18539720,
            18557096
        ],
        [
            18584977,
            18604410
        ]
    ],
    "execute_cost": 55.737998962402344,
    "finish_time": 18604416,
    "limit_cost_by_ms": 44.79933166503906,
    "model_name": "vgg19",
    "recv_time": 18424465,
    "tag": "53",
    "total_cost_by_ms": 179.9510040283203,
    "wait_cost": 124.21300506591797
}
