{
    "child_model_execute_cost_by_ms": [
        14.163000106811523,
        15.979000091552734
    ],
    "child_model_run_time": [
        [
            30307605,
            30321768
        ],
        [
            30353372,
            30369351
        ]
    ],
    "execute_cost": 30.142000198364258,
    "finish_time": 30369361,
    "limit_cost_by_ms": 18.771333694458008,
    "model_name": "resnet50",
    "recv_time": 30302370,
    "tag": "568",
    "total_cost_by_ms": 66.99099731445313,
    "wait_cost": 36.8489990234375
}
