{
    "child_model_execute_cost_by_ms": [
        12.199999809265137
    ],
    "child_model_run_time": [
        [
            30609992,
            30622192
        ]
    ],
    "execute_cost": 12.199999809265137,
    "finish_time": 30622202,
    "limit_cost_by_ms": 8.904333114624023,
    "model_name": "googlenet",
    "recv_time": 30600048,
    "tag": "573",
    "total_cost_by_ms": 22.15399932861328,
    "wait_cost": 9.953999519348145
}
