{
    "child_model_execute_cost_by_ms": [
        16.975000381469727,
        16.68000030517578,
        19.172000885009766
    ],
    "child_model_run_time": [
        [
            30369458,
            30386433
        ],
        [
            30386461,
            30403141
        ],
        [
            30403222,
            30422394
        ]
    ],
    "execute_cost": 52.82699966430664,
    "finish_time": 30422401,
    "limit_cost_by_ms": 44.79933166503906,
    "model_name": "vgg19",
    "recv_time": 30358577,
    "tag": "572",
    "total_cost_by_ms": 63.82400131225586,
    "wait_cost": 10.997001647949219
}
