{
    "child_model_execute_cost_by_ms": [
        6.574999809265137
    ],
    "child_model_run_time": [
        [
            30435359,
            30441934
        ]
    ],
    "execute_cost": 6.574999809265137,
    "finish_time": 30441944,
    "limit_cost_by_ms": 5.815999984741211,
    "model_name": "yolov2",
    "recv_time": 30423274,
    "tag": "574",
    "total_cost_by_ms": 18.670000076293945,
    "wait_cost": 12.095000267028809
}
