{
    "child_model_execute_cost_by_ms": [
        19.856000900268555,
        18.524999618530273,
        19.236000061035156
    ],
    "child_model_run_time": [
        [
            30576732,
            30596588
        ],
        [
            30622276,
            30640801
        ],
        [
            30640880,
            30660116
        ]
    ],
    "execute_cost": 57.617000579833984,
    "finish_time": 30660118,
    "limit_cost_by_ms": 44.492332458496094,
    "model_name": "vgg19",
    "recv_time": 30576677,
    "tag": "571",
    "total_cost_by_ms": 83.44100189208984,
    "wait_cost": 25.82400131225586
}
