{
    "child_model_execute_cost_by_ms": [
        9.803999900817871
    ],
    "child_model_run_time": [
        [
            30442091,
            30451895
        ]
    ],
    "execute_cost": 9.803999900817871,
    "finish_time": 30451902,
    "limit_cost_by_ms": 8.529666900634766,
    "model_name": "googlenet",
    "recv_time": 30435180,
    "tag": "575",
    "total_cost_by_ms": 16.722000122070313,
    "wait_cost": 6.918000221252441
}
