{
    "child_model_execute_cost_by_ms": [
        15.130999565124512,
        13.6850004196167
    ],
    "child_model_run_time": [
        [
            30667106,
            30682237
        ],
        [
            30682277,
            30695962
        ]
    ],
    "execute_cost": 28.81599998474121,
    "finish_time": 30695965,
    "limit_cost_by_ms": 18.256332397460938,
    "model_name": "resnet50",
    "recv_time": 30660514,
    "tag": "575",
    "total_cost_by_ms": 35.45100021362305,
    "wait_cost": 6.635000228881836
}
