{
    "child_model_execute_cost_by_ms": [
        12.52299976348877,
        12.720999717712402
    ],
    "child_model_run_time": [
        [
            30422617,
            30435140
        ],
        [
            30451992,
            30464713
        ]
    ],
    "execute_cost": 25.243999481201172,
    "finish_time": 30464716,
    "limit_cost_by_ms": 18.771333694458008,
    "model_name": "resnet50",
    "recv_time": 30411055,
    "tag": "573",
    "total_cost_by_ms": 53.6609992980957,
    "wait_cost": 28.41699981689453
}
