{
    "child_model_execute_cost_by_ms": [
        20.68600082397461,
        17.07699966430664,
        18.849000930786133
    ],
    "child_model_run_time": [
        [
            30706572,
            30727258
        ],
        [
            30727285,
            30744362
        ],
        [
            30744451,
            30763300
        ]
    ],
    "execute_cost": 56.61199951171875,
    "finish_time": 30763304,
    "limit_cost_by_ms": 44.492332458496094,
    "model_name": "vgg19",
    "recv_time": 30700904,
    "tag": "577",
    "total_cost_by_ms": 62.400001525878906,
    "wait_cost": 5.788002014160156
}
