{
    "child_model_execute_cost_by_ms": [
        17.283000946044922,
        16.316999435424805,
        18.999000549316406
    ],
    "child_model_run_time": [
        [
            30481801,
            30499084
        ],
        [
            30499109,
            30515426
        ],
        [
            30515445,
            30534444
        ]
    ],
    "execute_cost": 52.5989990234375,
    "finish_time": 30534447,
    "limit_cost_by_ms": 44.79933166503906,
    "model_name": "vgg19",
    "recv_time": 30481759,
    "tag": "577",
    "total_cost_by_ms": 52.6879997253418,
    "wait_cost": 0.08900070190429688
}
