{
    "child_model_execute_cost_by_ms": [
        6.810999870300293
    ],
    "child_model_run_time": [
        [
            30534534,
            30541345
        ]
    ],
    "execute_cost": 6.810999870300293,
    "finish_time": 30541355,
    "limit_cost_by_ms": 5.815999984741211,
    "model_name": "yolov2",
    "recv_time": 30522654,
    "tag": "579",
    "total_cost_by_ms": 18.701000213623047,
    "wait_cost": 11.890000343322754
}
