{
    "child_model_execute_cost_by_ms": [
        10.407999992370605
    ],
    "child_model_run_time": [
        [
            30763366,
            30773774
        ]
    ],
    "execute_cost": 10.407999992370605,
    "finish_time": 30773779,
    "limit_cost_by_ms": 8.904333114624023,
    "model_name": "googlenet",
    "recv_time": 30747102,
    "tag": "578",
    "total_cost_by_ms": 26.677000045776367,
    "wait_cost": 16.269001007080078
}
