{
    "child_model_execute_cost_by_ms": [
        6.388000011444092
    ],
    "child_model_run_time": [
        [
            30774130,
            30780518
        ]
    ],
    "execute_cost": 6.388000011444092,
    "finish_time": 30780523,
    "limit_cost_by_ms": 5.7816667556762695,
    "model_name": "yolov2",
    "recv_time": 30774076,
    "tag": "579",
    "total_cost_by_ms": 6.447000026702881,
    "wait_cost": 0.05900001525878906
}
