{
    "child_model_execute_cost_by_ms": [
        10.664999961853027
    ],
    "child_model_run_time": [
        [
            30555512,
            30566177
        ]
    ],
    "execute_cost": 10.664999961853027,
    "finish_time": 30566187,
    "limit_cost_by_ms": 8.529666900634766,
    "model_name": "googlenet",
    "recv_time": 30551095,
    "tag": "580",
    "total_cost_by_ms": 15.092000007629395,
    "wait_cost": 4.427000045776367
}
