{
    "child_model_execute_cost_by_ms": [
        13.604000091552734
    ],
    "child_model_run_time": [
        [
            30566273,
            30579877
        ]
    ],
    "execute_cost": 13.604000091552734,
    "finish_time": 30579888,
    "limit_cost_by_ms": 6.9683332443237305,
    "model_name": "gpt128v2",
    "recv_time": 30563947,
    "tag": "581",
    "total_cost_by_ms": 15.940999984741211,
    "wait_cost": 2.3369998931884766
}
