{
    "child_model_execute_cost_by_ms": [
        13.118000030517578
    ],
    "child_model_run_time": [
        [
            18623473,
            18636591
        ]
    ],
    "execute_cost": 13.118000030517578,
    "finish_time": 18636600,
    "limit_cost_by_ms": 6.9683332443237305,
    "model_name": "gpt128v2",
    "recv_time": 18610958,
    "tag": "60",
    "total_cost_by_ms": 25.642000198364258,
    "wait_cost": 12.52400016784668
}
