{
    "child_model_execute_cost_by_ms": [
        20.910999298095703,
        17.099000930786133,
        19.47100067138672
    ],
    "child_model_run_time": [
        [
            18606598,
            18627509
        ],
        [
            18637179,
            18654278
        ],
        [
            18687891,
            18707362
        ]
    ],
    "execute_cost": 57.48100280761719,
    "finish_time": 18707365,
    "limit_cost_by_ms": 44.492332458496094,
    "model_name": "vgg19",
    "recv_time": 18606550,
    "tag": "56",
    "total_cost_by_ms": 100.81500244140625,
    "wait_cost": 43.33399963378906
}
