{
    "child_model_execute_cost_by_ms": [
        14.015000343322754,
        16.12299919128418
    ],
    "child_model_run_time": [
        [
            30541453,
            30555468
        ],
        [
            30579920,
            30596043
        ]
    ],
    "execute_cost": 30.13800048828125,
    "finish_time": 30596052,
    "limit_cost_by_ms": 18.771333694458008,
    "model_name": "resnet50",
    "recv_time": 30515496,
    "tag": "578",
    "total_cost_by_ms": 80.55599975585938,
    "wait_cost": 50.417999267578125
}
