{
    "child_model_execute_cost_by_ms": [
        13.934000015258789
    ],
    "child_model_run_time": [
        [
            30809862,
            30823796
        ]
    ],
    "execute_cost": 13.934000015258789,
    "finish_time": 30823807,
    "limit_cost_by_ms": 6.894999980926514,
    "model_name": "gpt128v2",
    "recv_time": 30809848,
    "tag": "581",
    "total_cost_by_ms": 13.958999633789063,
    "wait_cost": 0.024999618530273438
}
