{
    "child_model_execute_cost_by_ms": [
        17.70400047302246,
        16.87299919128418,
        18.99799919128418
    ],
    "child_model_run_time": [
        [
            30596102,
            30613806
        ],
        [
            30613842,
            30630715
        ],
        [
            30630746,
            30649744
        ]
    ],
    "execute_cost": 53.57499694824219,
    "finish_time": 30649748,
    "limit_cost_by_ms": 44.79933166503906,
    "model_name": "vgg19",
    "recv_time": 30586537,
    "tag": "582",
    "total_cost_by_ms": 63.21099853515625,
    "wait_cost": 9.636001586914063
}
