{
    "child_model_execute_cost_by_ms": [
        21.20199966430664,
        17.479000091552734,
        19.62299919128418
    ],
    "child_model_run_time": [
        [
            30823830,
            30845032
        ],
        [
            30845076,
            30862555
        ],
        [
            30872596,
            30892219
        ]
    ],
    "execute_cost": 58.30400085449219,
    "finish_time": 30892223,
    "limit_cost_by_ms": 44.492332458496094,
    "model_name": "vgg19",
    "recv_time": 30810678,
    "tag": "582",
    "total_cost_by_ms": 81.54499816894531,
    "wait_cost": 23.240997314453125
}
