{
    "child_model_execute_cost_by_ms": [
        6.498000144958496
    ],
    "child_model_run_time": [
        [
            30649807,
            30656305
        ]
    ],
    "execute_cost": 6.498000144958496,
    "finish_time": 30656315,
    "limit_cost_by_ms": 5.815999984741211,
    "model_name": "yolov2",
    "recv_time": 30634748,
    "tag": "583",
    "total_cost_by_ms": 21.566999435424805,
    "wait_cost": 15.068999290466309
}
