{
    "child_model_execute_cost_by_ms": [
        11.175000190734863
    ],
    "child_model_run_time": [
        [
            30656409,
            30667584
        ]
    ],
    "execute_cost": 11.175000190734863,
    "finish_time": 30667594,
    "limit_cost_by_ms": 8.529666900634766,
    "model_name": "googlenet",
    "recv_time": 30651039,
    "tag": "585",
    "total_cost_by_ms": 16.55500030517578,
    "wait_cost": 5.380000114440918
}
