{
    "child_model_execute_cost_by_ms": [
        6.802000045776367
    ],
    "child_model_run_time": [
        [
            30892401,
            30899203
        ]
    ],
    "execute_cost": 6.802000045776367,
    "finish_time": 30899212,
    "limit_cost_by_ms": 5.7816667556762695,
    "model_name": "yolov2",
    "recv_time": 30873385,
    "tag": "584",
    "total_cost_by_ms": 25.82699966430664,
    "wait_cost": 19.024999618530273
}
