{
    "child_model_execute_cost_by_ms": [
        13.288000106811523
    ],
    "child_model_run_time": [
        [
            30667778,
            30681066
        ]
    ],
    "execute_cost": 13.288000106811523,
    "finish_time": 30681075,
    "limit_cost_by_ms": 6.9683332443237305,
    "model_name": "gpt128v2",
    "recv_time": 30664180,
    "tag": "586",
    "total_cost_by_ms": 16.895000457763672,
    "wait_cost": 3.6070003509521484
}
