{
    "child_model_execute_cost_by_ms": [
        16.5,
        13.005000114440918
    ],
    "child_model_run_time": [
        [
            30681104,
            30697604
        ],
        [
            30697643,
            30710648
        ]
    ],
    "execute_cost": 29.505001068115234,
    "finish_time": 30710653,
    "limit_cost_by_ms": 18.771333694458008,
    "model_name": "resnet50",
    "recv_time": 30634831,
    "tag": "584",
    "total_cost_by_ms": 75.8219985961914,
    "wait_cost": 46.31699752807617
}
