{
    "child_model_execute_cost_by_ms": [
        9.875
    ],
    "child_model_run_time": [
        [
            30981578,
            30991453
        ]
    ],
    "execute_cost": 9.875,
    "finish_time": 30991464,
    "limit_cost_by_ms": 8.904333114624023,
    "model_name": "googlenet",
    "recv_time": 30966946,
    "tag": "588",
    "total_cost_by_ms": 24.51799964904785,
    "wait_cost": 14.642999649047852
}
