{
    "child_model_execute_cost_by_ms": [
        6.760000228881836
    ],
    "child_model_run_time": [
        [
            30763981,
            30770741
        ]
    ],
    "execute_cost": 6.760000228881836,
    "finish_time": 30770751,
    "limit_cost_by_ms": 5.815999984741211,
    "model_name": "yolov2",
    "recv_time": 30747085,
    "tag": "588",
    "total_cost_by_ms": 23.666000366210938,
    "wait_cost": 16.9060001373291
}
