{
    "child_model_execute_cost_by_ms": [
        20.65399932861328,
        17.267000198364258,
        19.207000732421875
    ],
    "child_model_run_time": [
        [
            30943577,
            30964231
        ],
        [
            30964256,
            30981523
        ],
        [
            30991534,
            31010741
        ]
    ],
    "execute_cost": 57.12799835205078,
    "finish_time": 31010743,
    "limit_cost_by_ms": 44.492332458496094,
    "model_name": "vgg19",
    "recv_time": 30930339,
    "tag": "587",
    "total_cost_by_ms": 80.40399932861328,
    "wait_cost": 23.2760009765625
}
