{
    "child_model_execute_cost_by_ms": [
        6.24399995803833
    ],
    "child_model_run_time": [
        [
            31011087,
            31017331
        ]
    ],
    "execute_cost": 6.24399995803833,
    "finish_time": 31017335,
    "limit_cost_by_ms": 5.7816667556762695,
    "model_name": "yolov2",
    "recv_time": 31011037,
    "tag": "589",
    "total_cost_by_ms": 6.297999858856201,
    "wait_cost": 0.053999900817871094
}
