{
    "child_model_execute_cost_by_ms": [
        13.041999816894531
    ],
    "child_model_run_time": [
        [
            30786128,
            30799170
        ]
    ],
    "execute_cost": 13.041999816894531,
    "finish_time": 30799180,
    "limit_cost_by_ms": 6.9683332443237305,
    "model_name": "gpt128v2",
    "recv_time": 30780530,
    "tag": "591",
    "total_cost_by_ms": 18.649999618530273,
    "wait_cost": 5.607999801635742
}
