{
    "child_model_execute_cost_by_ms": [
        15.109000205993652,
        13.232999801635742
    ],
    "child_model_run_time": [
        [
            31017716,
            31032825
        ],
        [
            31032860,
            31046093
        ]
    ],
    "execute_cost": 28.341999053955078,
    "finish_time": 31046096,
    "limit_cost_by_ms": 18.256332397460938,
    "model_name": "resnet50",
    "recv_time": 31017660,
    "tag": "590",
    "total_cost_by_ms": 28.43600082397461,
    "wait_cost": 0.09400177001953125
}
