{
    "child_model_execute_cost_by_ms": [
        12.133000373840332
    ],
    "child_model_run_time": [
        [
            30799277,
            30811410
        ]
    ],
    "execute_cost": 12.133000373840332,
    "finish_time": 30811419,
    "limit_cost_by_ms": 8.529666900634766,
    "model_name": "googlenet",
    "recv_time": 30771662,
    "tag": "590",
    "total_cost_by_ms": 39.75699996948242,
    "wait_cost": 27.624000549316406
}
