{
    "child_model_execute_cost_by_ms": [
        8.640999794006348
    ],
    "child_model_run_time": [
        [
            18636718,
            18645359
        ]
    ],
    "execute_cost": 8.640999794006348,
    "finish_time": 18645369,
    "limit_cost_by_ms": 5.815999984741211,
    "model_name": "yolov2",
    "recv_time": 18631057,
    "tag": "62",
    "total_cost_by_ms": 14.312000274658203,
    "wait_cost": 5.6710004806518555
}
