{
    "child_model_execute_cost_by_ms": [
        15.213000297546387,
        13.677000045776367
    ],
    "child_model_run_time": [
        [
            30770841,
            30786054
        ],
        [
            30811466,
            30825143
        ]
    ],
    "execute_cost": 28.889999389648438,
    "finish_time": 30825152,
    "limit_cost_by_ms": 18.771333694458008,
    "model_name": "resnet50",
    "recv_time": 30759174,
    "tag": "589",
    "total_cost_by_ms": 65.97799682617188,
    "wait_cost": 37.08799743652344
}
