{
    "child_model_execute_cost_by_ms": [
        13.541000366210938
    ],
    "child_model_run_time": [
        [
            31065749,
            31079290
        ]
    ],
    "execute_cost": 13.541000366210938,
    "finish_time": 31079300,
    "limit_cost_by_ms": 6.894999980926514,
    "model_name": "gpt128v2",
    "recv_time": 31058865,
    "tag": "592",
    "total_cost_by_ms": 20.434999465942383,
    "wait_cost": 6.893999099731445
}
