{
    "child_model_execute_cost_by_ms": [
        12.557999610900879
    ],
    "child_model_run_time": [
        [
            31079355,
            31091913
        ]
    ],
    "execute_cost": 12.557999610900879,
    "finish_time": 31091924,
    "limit_cost_by_ms": 8.904333114624023,
    "model_name": "googlenet",
    "recv_time": 31070884,
    "tag": "593",
    "total_cost_by_ms": 21.040000915527344,
    "wait_cost": 8.482001304626465
}
