{
    "child_model_execute_cost_by_ms": [
        18.344999313354492,
        16.80900001525879,
        19.19700050354004
    ],
    "child_model_run_time": [
        [
            30825207,
            30843552
        ],
        [
            30843589,
            30860398
        ],
        [
            30860430,
            30879627
        ]
    ],
    "execute_cost": 54.35099792480469,
    "finish_time": 30879631,
    "limit_cost_by_ms": 44.79933166503906,
    "model_name": "vgg19",
    "recv_time": 30819078,
    "tag": "592",
    "total_cost_by_ms": 60.553001403808594,
    "wait_cost": 6.202003479003906
}
