{
    "child_model_execute_cost_by_ms": [
        19.31100082397461,
        18.976999282836914,
        19.555999755859375
    ],
    "child_model_run_time": [
        [
            31046387,
            31065698
        ],
        [
            31091990,
            31110967
        ],
        [
            31111002,
            31130558
        ]
    ],
    "execute_cost": 57.84400177001953,
    "finish_time": 31130560,
    "limit_cost_by_ms": 44.492332458496094,
    "model_name": "vgg19",
    "recv_time": 31046332,
    "tag": "591",
    "total_cost_by_ms": 84.22799682617188,
    "wait_cost": 26.383995056152344
}
