{
    "child_model_execute_cost_by_ms": [
        7.556000232696533
    ],
    "child_model_run_time": [
        [
            30879723,
            30887279
        ]
    ],
    "execute_cost": 7.556000232696533,
    "finish_time": 30887290,
    "limit_cost_by_ms": 5.815999984741211,
    "model_name": "yolov2",
    "recv_time": 30875461,
    "tag": "594",
    "total_cost_by_ms": 11.829000473022461,
    "wait_cost": 4.273000240325928
}
