{
    "child_model_execute_cost_by_ms": [
        6.480000019073486
    ],
    "child_model_run_time": [
        [
            31130876,
            31137356
        ]
    ],
    "execute_cost": 6.480000019073486,
    "finish_time": 31137361,
    "limit_cost_by_ms": 5.7816667556762695,
    "model_name": "yolov2",
    "recv_time": 31130828,
    "tag": "594",
    "total_cost_by_ms": 6.5329999923706055,
    "wait_cost": 0.05299997329711914
}
