{
    "child_model_execute_cost_by_ms": [
        13.392999649047852
    ],
    "child_model_run_time": [
        [
            30887491,
            30900884
        ]
    ],
    "execute_cost": 13.392999649047852,
    "finish_time": 30900892,
    "limit_cost_by_ms": 6.9683332443237305,
    "model_name": "gpt128v2",
    "recv_time": 30884572,
    "tag": "596",
    "total_cost_by_ms": 16.31999969482422,
    "wait_cost": 2.927000045776367
}
