{
    "child_model_execute_cost_by_ms": [
        12.279999732971191
    ],
    "child_model_run_time": [
        [
            30900937,
            30913217
        ]
    ],
    "execute_cost": 12.279999732971191,
    "finish_time": 30913226,
    "limit_cost_by_ms": 8.529666900634766,
    "model_name": "googlenet",
    "recv_time": 30879957,
    "tag": "595",
    "total_cost_by_ms": 33.26900100708008,
    "wait_cost": 20.989002227783203
}
