{
    "child_model_execute_cost_by_ms": [
        12.77299976348877
    ],
    "child_model_run_time": [
        [
            31186978,
            31199751
        ]
    ],
    "execute_cost": 12.77299976348877,
    "finish_time": 31199759,
    "limit_cost_by_ms": 6.894999980926514,
    "model_name": "gpt128v2",
    "recv_time": 31183828,
    "tag": "597",
    "total_cost_by_ms": 15.930999755859375,
    "wait_cost": 3.1579999923706055
}
