{
    "child_model_execute_cost_by_ms": [
        14.802000045776367,
        13.11400032043457
    ],
    "child_model_run_time": [
        [
            30913268,
            30928070
        ],
        [
            30928104,
            30941218
        ]
    ],
    "execute_cost": 27.916000366210938,
    "finish_time": 30941221,
    "limit_cost_by_ms": 18.771333694458008,
    "model_name": "resnet50",
    "recv_time": 30871370,
    "tag": "593",
    "total_cost_by_ms": 69.85099792480469,
    "wait_cost": 41.93499755859375
}
