{
    "child_model_execute_cost_by_ms": [
        19.225000381469727,
        20.631000518798828,
        19.187000274658203
    ],
    "child_model_run_time": [
        [
            31167723,
            31186948
        ],
        [
            31199777,
            31220408
        ],
        [
            31220442,
            31239629
        ]
    ],
    "execute_cost": 59.04300308227539,
    "finish_time": 31239632,
    "limit_cost_by_ms": 44.492332458496094,
    "model_name": "vgg19",
    "recv_time": 31167680,
    "tag": "596",
    "total_cost_by_ms": 71.9520034790039,
    "wait_cost": 12.909000396728516
}
