{
    "child_model_execute_cost_by_ms": [
        17.59600067138672,
        16.5310001373291,
        19.427000045776367
    ],
    "child_model_run_time": [
        [
            30941362,
            30958958
        ],
        [
            30958992,
            30975523
        ],
        [
            30975553,
            30994980
        ]
    ],
    "execute_cost": 53.55400085449219,
    "finish_time": 30994984,
    "limit_cost_by_ms": 44.79933166503906,
    "model_name": "vgg19",
    "recv_time": 30941354,
    "tag": "597",
    "total_cost_by_ms": 53.630001068115234,
    "wait_cost": 0.07600021362304688
}
