{
    "child_model_execute_cost_by_ms": [
        6.723999977111816
    ],
    "child_model_run_time": [
        [
            30995050,
            31001774
        ]
    ],
    "execute_cost": 6.723999977111816,
    "finish_time": 31001785,
    "limit_cost_by_ms": 5.815999984741211,
    "model_name": "yolov2",
    "recv_time": 30979584,
    "tag": "598",
    "total_cost_by_ms": 22.201000213623047,
    "wait_cost": 15.47700023651123
}
