{
    "child_model_execute_cost_by_ms": [
        10.545000076293945
    ],
    "child_model_run_time": [
        [
            31239703,
            31250248
        ]
    ],
    "execute_cost": 10.545000076293945,
    "finish_time": 31250253,
    "limit_cost_by_ms": 8.904333114624023,
    "model_name": "googlenet",
    "recv_time": 31220487,
    "tag": "598",
    "total_cost_by_ms": 29.766000747680664,
    "wait_cost": 19.22100067138672
}
