{
    "child_model_execute_cost_by_ms": [
        13.182000160217285
    ],
    "child_model_run_time": [
        [
            31002755,
            31015937
        ]
    ],
    "execute_cost": 13.182000160217285,
    "finish_time": 31015945,
    "limit_cost_by_ms": 6.9683332443237305,
    "model_name": "gpt128v2",
    "recv_time": 31002613,
    "tag": "601",
    "total_cost_by_ms": 13.331999778747559,
    "wait_cost": 0.14999961853027344
}
