{
    "child_model_execute_cost_by_ms": [
        6.4029998779296875
    ],
    "child_model_run_time": [
        [
            31250507,
            31256910
        ]
    ],
    "execute_cost": 6.4029998779296875,
    "finish_time": 31256914,
    "limit_cost_by_ms": 5.7816667556762695,
    "model_name": "yolov2",
    "recv_time": 31250496,
    "tag": "599",
    "total_cost_by_ms": 6.418000221252441,
    "wait_cost": 0.015000343322753906
}
