{
    "child_model_execute_cost_by_ms": [
        11.645999908447266
    ],
    "child_model_run_time": [
        [
            31015987,
            31027633
        ]
    ],
    "execute_cost": 11.645999908447266,
    "finish_time": 31027642,
    "limit_cost_by_ms": 8.529666900634766,
    "model_name": "googlenet",
    "recv_time": 30983750,
    "tag": "600",
    "total_cost_by_ms": 43.891998291015625,
    "wait_cost": 32.24599838256836
}
