{
    "child_model_execute_cost_by_ms": [
        15.255000114440918,
        14.878999710083008
    ],
    "child_model_run_time": [
        [
            31257186,
            31272441
        ],
        [
            31272527,
            31287406
        ]
    ],
    "execute_cost": 30.13399887084961,
    "finish_time": 31287411,
    "limit_cost_by_ms": 18.256332397460938,
    "model_name": "resnet50",
    "recv_time": 31257174,
    "tag": "600",
    "total_cost_by_ms": 30.23699951171875,
    "wait_cost": 0.10300064086914063
}
