{
    "child_model_execute_cost_by_ms": [
        13.072999954223633
    ],
    "child_model_run_time": [
        [
            17457410,
            17470483
        ]
    ],
    "execute_cost": 13.072999954223633,
    "finish_time": 17470492,
    "limit_cost_by_ms": 6.894999980926514,
    "model_name": "gpt128v2",
    "recv_time": 17449665,
    "tag": "10",
    "total_cost_by_ms": 20.82699966430664,
    "wait_cost": 7.753999710083008
}
