{
    "child_model_execute_cost_by_ms": [
        9.723999977111816
    ],
    "child_model_run_time": [
        [
            18743288,
            18753012
        ]
    ],
    "execute_cost": 9.723999977111816,
    "finish_time": 18753023,
    "limit_cost_by_ms": 8.904333114624023,
    "model_name": "googlenet",
    "recv_time": 18724444,
    "tag": "63",
    "total_cost_by_ms": 28.57900047302246,
    "wait_cost": 18.854999542236328
}
