{
    "child_model_execute_cost_by_ms": [
        9.824000358581543
    ],
    "child_model_run_time": [
        [
            18645503,
            18655327
        ]
    ],
    "execute_cost": 9.824000358581543,
    "finish_time": 18655335,
    "limit_cost_by_ms": 8.529666900634766,
    "model_name": "googlenet",
    "recv_time": 18641248,
    "tag": "63",
    "total_cost_by_ms": 14.086999893188477,
    "wait_cost": 4.262999534606934
}
