{
    "child_model_execute_cost_by_ms": [
        14.32699966430664,
        13.026000022888184
    ],
    "child_model_run_time": [
        [
            31027691,
            31042018
        ],
        [
            31042045,
            31055071
        ]
    ],
    "execute_cost": 27.35300064086914,
    "finish_time": 31055077,
    "limit_cost_by_ms": 18.771333694458008,
    "model_name": "resnet50",
    "recv_time": 30979664,
    "tag": "599",
    "total_cost_by_ms": 75.41300201416016,
    "wait_cost": 48.060001373291016
}
