{
    "child_model_execute_cost_by_ms": [
        9.89799976348877
    ],
    "child_model_run_time": [
        [
            31339330,
            31349228
        ]
    ],
    "execute_cost": 9.89799976348877,
    "finish_time": 31349237,
    "limit_cost_by_ms": 8.904333114624023,
    "model_name": "googlenet",
    "recv_time": 31335101,
    "tag": "603",
    "total_cost_by_ms": 14.13599967956543,
    "wait_cost": 4.23799991607666
}
