{
    "child_model_execute_cost_by_ms": [
        18.363000869750977,
        16.891000747680664,
        20.174999237060547
    ],
    "child_model_run_time": [
        [
            31055189,
            31073552
        ],
        [
            31073588,
            31090479
        ],
        [
            31090504,
            31110679
        ]
    ],
    "execute_cost": 55.42900085449219,
    "finish_time": 31110683,
    "limit_cost_by_ms": 44.79933166503906,
    "model_name": "vgg19",
    "recv_time": 31051299,
    "tag": "602",
    "total_cost_by_ms": 59.38399887084961,
    "wait_cost": 3.954998016357422
}
