{
    "child_model_execute_cost_by_ms": [
        6.886000156402588
    ],
    "child_model_run_time": [
        [
            31110871,
            31117757
        ]
    ],
    "execute_cost": 6.886000156402588,
    "finish_time": 31117767,
    "limit_cost_by_ms": 5.815999984741211,
    "model_name": "yolov2",
    "recv_time": 31095634,
    "tag": "603",
    "total_cost_by_ms": 22.132999420166016,
    "wait_cost": 15.246999740600586
}
