{
    "child_model_execute_cost_by_ms": [
        18.535999298095703,
        17.547000885009766,
        19.297000885009766
    ],
    "child_model_run_time": [
        [
            31303110,
            31321646
        ],
        [
            31321683,
            31339230
        ],
        [
            31349333,
            31368630
        ]
    ],
    "execute_cost": 55.380001068115234,
    "finish_time": 31368633,
    "limit_cost_by_ms": 44.492332458496094,
    "model_name": "vgg19",
    "recv_time": 31303035,
    "tag": "602",
    "total_cost_by_ms": 65.5979995727539,
    "wait_cost": 10.217998504638672
}
