{
    "child_model_execute_cost_by_ms": [
        13.362000465393066
    ],
    "child_model_run_time": [
        [
            31117903,
            31131265
        ]
    ],
    "execute_cost": 13.362000465393066,
    "finish_time": 31131274,
    "limit_cost_by_ms": 6.9683332443237305,
    "model_name": "gpt128v2",
    "recv_time": 31100505,
    "tag": "604",
    "total_cost_by_ms": 30.768999099731445,
    "wait_cost": 17.406997680664063
}
