{
    "child_model_execute_cost_by_ms": [
        12.0600004196167
    ],
    "child_model_run_time": [
        [
            31131350,
            31143410
        ]
    ],
    "execute_cost": 12.0600004196167,
    "finish_time": 31143419,
    "limit_cost_by_ms": 8.529666900634766,
    "model_name": "googlenet",
    "recv_time": 31104687,
    "tag": "606",
    "total_cost_by_ms": 38.731998443603516,
    "wait_cost": 26.6719970703125
}
