{
    "child_model_execute_cost_by_ms": [
        13.640000343322754
    ],
    "child_model_run_time": [
        [
            31424607,
            31438247
        ]
    ],
    "execute_cost": 13.640000343322754,
    "finish_time": 31438258,
    "limit_cost_by_ms": 6.894999980926514,
    "model_name": "gpt128v2",
    "recv_time": 31407494,
    "tag": "607",
    "total_cost_by_ms": 30.763999938964844,
    "wait_cost": 17.124000549316406
}
