{
    "child_model_execute_cost_by_ms": [
        14.807000160217285,
        13.204999923706055
    ],
    "child_model_run_time": [
        [
            31143486,
            31158293
        ],
        [
            31158379,
            31171584
        ]
    ],
    "execute_cost": 28.012001037597656,
    "finish_time": 31171590,
    "limit_cost_by_ms": 18.771333694458008,
    "model_name": "resnet50",
    "recv_time": 31100566,
    "tag": "605",
    "total_cost_by_ms": 71.02400207519531,
    "wait_cost": 43.012001037597656
}
