{
    "child_model_execute_cost_by_ms": [
        13.342000007629395
    ],
    "child_model_run_time": [
        [
            31208515,
            31221857
        ]
    ],
    "execute_cost": 13.342000007629395,
    "finish_time": 31221869,
    "limit_cost_by_ms": 6.9683332443237305,
    "model_name": "gpt128v2",
    "recv_time": 31200809,
    "tag": "608",
    "total_cost_by_ms": 21.059999465942383,
    "wait_cost": 7.717999458312988
}
