{
    "child_model_execute_cost_by_ms": [
        12.508000373840332
    ],
    "child_model_run_time": [
        [
            31438376,
            31450884
        ]
    ],
    "execute_cost": 12.508000373840332,
    "finish_time": 31450894,
    "limit_cost_by_ms": 8.904333114624023,
    "model_name": "googlenet",
    "recv_time": 31435645,
    "tag": "608",
    "total_cost_by_ms": 15.24899959564209,
    "wait_cost": 2.740999221801758
}
