{
    "child_model_execute_cost_by_ms": [
        8.756999969482422
    ],
    "child_model_run_time": [
        [
            31221922,
            31230679
        ]
    ],
    "execute_cost": 8.756999969482422,
    "finish_time": 31230689,
    "limit_cost_by_ms": 5.815999984741211,
    "model_name": "yolov2",
    "recv_time": 31208845,
    "tag": "609",
    "total_cost_by_ms": 21.8439998626709,
    "wait_cost": 13.086999893188477
}
