{
    "child_model_execute_cost_by_ms": [
        19.259000778198242,
        18.801000595092773,
        19.525999069213867
    ],
    "child_model_run_time": [
        [
            31405230,
            31424489
        ],
        [
            31450913,
            31469714
        ],
        [
            31469740,
            31489266
        ]
    ],
    "execute_cost": 57.58599853515625,
    "finish_time": 31489269,
    "limit_cost_by_ms": 44.492332458496094,
    "model_name": "vgg19",
    "recv_time": 31405126,
    "tag": "606",
    "total_cost_by_ms": 84.14299774169922,
    "wait_cost": 26.55699920654297
}
