{
    "child_model_execute_cost_by_ms": [
        9.579000473022461
    ],
    "child_model_run_time": [
        [
            31246072,
            31255651
        ]
    ],
    "execute_cost": 9.579000473022461,
    "finish_time": 31255661,
    "limit_cost_by_ms": 8.529666900634766,
    "model_name": "googlenet",
    "recv_time": 31239572,
    "tag": "611",
    "total_cost_by_ms": 16.089000701904297,
    "wait_cost": 6.510000228881836
}
