{
    "child_model_execute_cost_by_ms": [
        15.357999801635742,
        13.440999984741211
    ],
    "child_model_run_time": [
        [
            31496447,
            31511805
        ],
        [
            31511851,
            31525292
        ]
    ],
    "execute_cost": 28.798999786376953,
    "finish_time": 31525298,
    "limit_cost_by_ms": 18.256332397460938,
    "model_name": "resnet50",
    "recv_time": 31496343,
    "tag": "610",
    "total_cost_by_ms": 28.954999923706055,
    "wait_cost": 0.15600013732910156
}
