{
    "child_model_execute_cost_by_ms": [
        15.17300033569336,
        13.46399974822998
    ],
    "child_model_run_time": [
        [
            31230834,
            31246007
        ],
        [
            31255705,
            31269169
        ]
    ],
    "execute_cost": 28.637001037597656,
    "finish_time": 31269176,
    "limit_cost_by_ms": 18.771333694458008,
    "model_name": "resnet50",
    "recv_time": 31221988,
    "tag": "610",
    "total_cost_by_ms": 47.1879997253418,
    "wait_cost": 18.55099868774414
}
