{
    "child_model_execute_cost_by_ms": [
        18.621000289916992,
        18.172000885009766,
        19.746000289916992
    ],
    "child_model_run_time": [
        [
            31171638,
            31190259
        ],
        [
            31190298,
            31208470
        ],
        [
            31269217,
            31288963
        ]
    ],
    "execute_cost": 56.53900146484375,
    "finish_time": 31288970,
    "limit_cost_by_ms": 44.79933166503906,
    "model_name": "vgg19",
    "recv_time": 31151520,
    "tag": "607",
    "total_cost_by_ms": 137.4499969482422,
    "wait_cost": 80.91099548339844
}
