{
    "child_model_execute_cost_by_ms": [
        12.460000038146973
    ],
    "child_model_run_time": [
        [
            31558940,
            31571400
        ]
    ],
    "execute_cost": 12.460000038146973,
    "finish_time": 31571412,
    "limit_cost_by_ms": 8.904333114624023,
    "model_name": "googlenet",
    "recv_time": 31541860,
    "tag": "613",
    "total_cost_by_ms": 29.552000045776367,
    "wait_cost": 17.091999053955078
}
