{
    "child_model_execute_cost_by_ms": [
        6.546999931335449
    ],
    "child_model_run_time": [
        [
            31325212,
            31331759
        ]
    ],
    "execute_cost": 6.546999931335449,
    "finish_time": 31331769,
    "limit_cost_by_ms": 5.815999984741211,
    "model_name": "yolov2",
    "recv_time": 31321283,
    "tag": "614",
    "total_cost_by_ms": 10.486000061035156,
    "wait_cost": 3.939000129699707
}
