{
    "child_model_execute_cost_by_ms": [
        13.300999641418457
    ],
    "child_model_run_time": [
        [
            31331874,
            31345175
        ]
    ],
    "execute_cost": 13.300999641418457,
    "finish_time": 31345187,
    "limit_cost_by_ms": 6.9683332443237305,
    "model_name": "gpt128v2",
    "recv_time": 31313180,
    "tag": "613",
    "total_cost_by_ms": 32.00699996948242,
    "wait_cost": 18.70600128173828
}
