{
    "child_model_execute_cost_by_ms": [
        20.10300064086914,
        18.85700035095215,
        19.38599967956543
    ],
    "child_model_run_time": [
        [
            31525526,
            31545629
        ],
        [
            31571534,
            31590391
        ],
        [
            31590422,
            31609808
        ]
    ],
    "execute_cost": 58.34600067138672,
    "finish_time": 31609811,
    "limit_cost_by_ms": 44.492332458496094,
    "model_name": "vgg19",
    "recv_time": 31504565,
    "tag": "611",
    "total_cost_by_ms": 105.24600219726563,
    "wait_cost": 46.900001525878906
}
