{
    "child_model_execute_cost_by_ms": [
        12.032999992370605
    ],
    "child_model_run_time": [
        [
            31345304,
            31357337
        ]
    ],
    "execute_cost": 12.032999992370605,
    "finish_time": 31357348,
    "limit_cost_by_ms": 8.529666900634766,
    "model_name": "googlenet",
    "recv_time": 31341725,
    "tag": "616",
    "total_cost_by_ms": 15.623000144958496,
    "wait_cost": 3.5900001525878906
}
