{
    "child_model_execute_cost_by_ms": [
        6.375999927520752
    ],
    "child_model_run_time": [
        [
            31609876,
            31616252
        ]
    ],
    "execute_cost": 6.375999927520752,
    "finish_time": 31616256,
    "limit_cost_by_ms": 5.7816667556762695,
    "model_name": "yolov2",
    "recv_time": 31596576,
    "tag": "614",
    "total_cost_by_ms": 19.68000030517578,
    "wait_cost": 13.304000854492188
}
