{
    "child_model_execute_cost_by_ms": [
        14.697999954223633,
        12.779999732971191
    ],
    "child_model_run_time": [
        [
            31357412,
            31372110
        ],
        [
            31372153,
            31384933
        ]
    ],
    "execute_cost": 27.47800064086914,
    "finish_time": 31384938,
    "limit_cost_by_ms": 18.771333694458008,
    "model_name": "resnet50",
    "recv_time": 31325412,
    "tag": "615",
    "total_cost_by_ms": 59.5260009765625,
    "wait_cost": 32.04800033569336
}
