{
    "child_model_execute_cost_by_ms": [
        18.26099967956543,
        17.76099967956543,
        19.58300018310547
    ],
    "child_model_run_time": [
        [
            31289018,
            31307279
        ],
        [
            31307313,
            31325074
        ],
        [
            31384987,
            31404570
        ]
    ],
    "execute_cost": 55.60499954223633,
    "finish_time": 31404577,
    "limit_cost_by_ms": 44.79933166503906,
    "model_name": "vgg19",
    "recv_time": 31276024,
    "tag": "612",
    "total_cost_by_ms": 128.55299377441406,
    "wait_cost": 72.947998046875
}
