{
    "child_model_execute_cost_by_ms": [
        6.5
    ],
    "child_model_run_time": [
        [
            31441164,
            31447664
        ]
    ],
    "execute_cost": 6.5,
    "finish_time": 31447674,
    "limit_cost_by_ms": 5.815999984741211,
    "model_name": "yolov2",
    "recv_time": 31429529,
    "tag": "619",
    "total_cost_by_ms": 18.145000457763672,
    "wait_cost": 11.645000457763672
}
