{
    "child_model_execute_cost_by_ms": [
        12.375
    ],
    "child_model_run_time": [
        [
            31694491,
            31706866
        ]
    ],
    "execute_cost": 12.375,
    "finish_time": 31706878,
    "limit_cost_by_ms": 8.904333114624023,
    "model_name": "googlenet",
    "recv_time": 31667721,
    "tag": "617",
    "total_cost_by_ms": 39.15700149536133,
    "wait_cost": 26.782001495361328
}
