{
    "child_model_execute_cost_by_ms": [
        18.405000686645508,
        18.2450008392334,
        19.545000076293945
    ],
    "child_model_run_time": [
        [
            31644663,
            31663068
        ],
        [
            31663101,
            31681346
        ],
        [
            31706928,
            31726473
        ]
    ],
    "execute_cost": 56.19499969482422,
    "finish_time": 31726478,
    "limit_cost_by_ms": 44.492332458496094,
    "model_name": "vgg19",
    "recv_time": 31619498,
    "tag": "616",
    "total_cost_by_ms": 106.9800033569336,
    "wait_cost": 50.785003662109375
}
