{
    "child_model_execute_cost_by_ms": [
        13.317999839782715
    ],
    "child_model_run_time": [
        [
            31447957,
            31461275
        ]
    ],
    "execute_cost": 13.317999839782715,
    "finish_time": 31461286,
    "limit_cost_by_ms": 6.9683332443237305,
    "model_name": "gpt128v2",
    "recv_time": 31425378,
    "tag": "618",
    "total_cost_by_ms": 35.90800094604492,
    "wait_cost": 22.59000015258789
}
