{
    "child_model_execute_cost_by_ms": [
        17.551000595092773,
        18.743999481201172,
        21.695999145507813
    ],
    "child_model_run_time": [
        [
            31404610,
            31422161
        ],
        [
            31422189,
            31440933
        ],
        [
            31461356,
            31483052
        ]
    ],
    "execute_cost": 57.990997314453125,
    "finish_time": 31483056,
    "limit_cost_by_ms": 44.79933166503906,
    "model_name": "vgg19",
    "recv_time": 31384057,
    "tag": "617",
    "total_cost_by_ms": 98.9990005493164,
    "wait_cost": 41.00800323486328
}
