{
    "child_model_execute_cost_by_ms": [
        6.390999794006348
    ],
    "child_model_run_time": [
        [
            31726551,
            31732942
        ]
    ],
    "execute_cost": 6.390999794006348,
    "finish_time": 31732947,
    "limit_cost_by_ms": 5.7816667556762695,
    "model_name": "yolov2",
    "recv_time": 31715161,
    "tag": "619",
    "total_cost_by_ms": 17.785999298095703,
    "wait_cost": 11.394999504089355
}
