{
    "child_model_execute_cost_by_ms": [
        9.916999816894531
    ],
    "child_model_run_time": [
        [
            31483200,
            31493117
        ]
    ],
    "execute_cost": 9.916999816894531,
    "finish_time": 31493128,
    "limit_cost_by_ms": 8.529666900634766,
    "model_name": "googlenet",
    "recv_time": 31468531,
    "tag": "621",
    "total_cost_by_ms": 24.597000122070313,
    "wait_cost": 14.680000305175781
}
