{
    "child_model_execute_cost_by_ms": [
        15.140000343322754,
        12.821999549865723
    ],
    "child_model_run_time": [
        [
            18759436,
            18774576
        ],
        [
            18774618,
            18787440
        ]
    ],
    "execute_cost": 27.961999893188477,
    "finish_time": 18787445,
    "limit_cost_by_ms": 18.256332397460938,
    "model_name": "resnet50",
    "recv_time": 18724348,
    "tag": "62",
    "total_cost_by_ms": 63.09700012207031,
    "wait_cost": 35.13500213623047
}
