{
    "child_model_execute_cost_by_ms": [
        18.964000701904297,
        17.84000015258789,
        18.959999084472656
    ],
    "child_model_run_time": [
        [
            18604463,
            18623427
        ],
        [
            18682602,
            18700442
        ],
        [
            18700479,
            18719439
        ]
    ],
    "execute_cost": 55.763999938964844,
    "finish_time": 18719443,
    "limit_cost_by_ms": 44.79933166503906,
    "model_name": "vgg19",
    "recv_time": 18514759,
    "tag": "56",
    "total_cost_by_ms": 204.6840057373047,
    "wait_cost": 148.92001342773438
}
