{
    "child_model_execute_cost_by_ms": [
        13.27400016784668
    ],
    "child_model_run_time": [
        [
            31799303,
            31812577
        ]
    ],
    "execute_cost": 13.27400016784668,
    "finish_time": 31812588,
    "limit_cost_by_ms": 6.894999980926514,
    "model_name": "gpt128v2",
    "recv_time": 31796101,
    "tag": "622",
    "total_cost_by_ms": 16.48699951171875,
    "wait_cost": 3.2129993438720703
}
