{
    "child_model_execute_cost_by_ms": [
        14.937000274658203,
        13.095000267028809
    ],
    "child_model_run_time": [
        [
            31493195,
            31508132
        ],
        [
            31508221,
            31521316
        ]
    ],
    "execute_cost": 28.032001495361328,
    "finish_time": 31521321,
    "limit_cost_by_ms": 18.771333694458008,
    "model_name": "resnet50",
    "recv_time": 31468446,
    "tag": "620",
    "total_cost_by_ms": 52.875,
    "wait_cost": 24.842998504638672
}
