{
    "child_model_execute_cost_by_ms": [
        12.442999839782715
    ],
    "child_model_run_time": [
        [
            31812645,
            31825088
        ]
    ],
    "execute_cost": 12.442999839782715,
    "finish_time": 31825098,
    "limit_cost_by_ms": 8.904333114624023,
    "model_name": "googlenet",
    "recv_time": 31800173,
    "tag": "623",
    "total_cost_by_ms": 24.924999237060547,
    "wait_cost": 12.481999397277832
}
