{
    "child_model_execute_cost_by_ms": [
        18.483999252319336,
        19.3799991607666,
        20.020999908447266
    ],
    "child_model_run_time": [
        [
            31733319,
            31751803
        ],
        [
            31779827,
            31799207
        ],
        [
            31825177,
            31845198
        ]
    ],
    "execute_cost": 57.8849983215332,
    "finish_time": 31845205,
    "limit_cost_by_ms": 44.492332458496094,
    "model_name": "vgg19",
    "recv_time": 31733264,
    "tag": "620",
    "total_cost_by_ms": 111.94100189208984,
    "wait_cost": 54.05600357055664
}
