{
    "child_model_execute_cost_by_ms": [
        8.401000022888184
    ],
    "child_model_run_time": [
        [
            31568985,
            31577386
        ]
    ],
    "execute_cost": 8.401000022888184,
    "finish_time": 31577396,
    "limit_cost_by_ms": 5.815999984741211,
    "model_name": "yolov2",
    "recv_time": 31555513,
    "tag": "624",
    "total_cost_by_ms": 21.882999420166016,
    "wait_cost": 13.481999397277832
}
