{
    "child_model_execute_cost_by_ms": [
        10.050999641418457
    ],
    "child_model_run_time": [
        [
            31577656,
            31587707
        ]
    ],
    "execute_cost": 10.050999641418457,
    "finish_time": 31587718,
    "limit_cost_by_ms": 8.529666900634766,
    "model_name": "googlenet",
    "recv_time": 31576404,
    "tag": "625",
    "total_cost_by_ms": 11.314000129699707,
    "wait_cost": 1.26300048828125
}
