{
    "child_model_execute_cost_by_ms": [
        15.109000205993652,
        12.888999938964844
    ],
    "child_model_run_time": [
        [
            31587975,
            31603084
        ],
        [
            31603117,
            31616006
        ]
    ],
    "execute_cost": 27.998001098632813,
    "finish_time": 31616012,
    "limit_cost_by_ms": 18.771333694458008,
    "model_name": "resnet50",
    "recv_time": 31580934,
    "tag": "626",
    "total_cost_by_ms": 35.077999114990234,
    "wait_cost": 7.079998016357422
}
