{
    "child_model_execute_cost_by_ms": [
        17.167999267578125,
        16.816999435424805,
        19.775999069213867
    ],
    "child_model_run_time": [
        [
            31521398,
            31538566
        ],
        [
            31538577,
            31555394
        ],
        [
            31616109,
            31635885
        ]
    ],
    "execute_cost": 53.76100158691406,
    "finish_time": 31635891,
    "limit_cost_by_ms": 44.79933166503906,
    "model_name": "vgg19",
    "recv_time": 31512935,
    "tag": "622",
    "total_cost_by_ms": 122.95600128173828,
    "wait_cost": 69.19499969482422
}
