{
    "child_model_execute_cost_by_ms": [
        17.63800048828125,
        17.159000396728516,
        20.356000900268555
    ],
    "child_model_run_time": [
        [
            31635935,
            31653573
        ],
        [
            31653607,
            31670766
        ],
        [
            31670797,
            31691153
        ]
    ],
    "execute_cost": 55.15299987792969,
    "finish_time": 31691156,
    "limit_cost_by_ms": 44.79933166503906,
    "model_name": "vgg19",
    "recv_time": 31616487,
    "tag": "627",
    "total_cost_by_ms": 74.66899871826172,
    "wait_cost": 19.51599884033203
}
