{
    "child_model_execute_cost_by_ms": [
        11.866999626159668
    ],
    "child_model_run_time": [
        [
            31914006,
            31925873
        ]
    ],
    "execute_cost": 11.866999626159668,
    "finish_time": 31925881,
    "limit_cost_by_ms": 8.904333114624023,
    "model_name": "googlenet",
    "recv_time": 31886298,
    "tag": "627",
    "total_cost_by_ms": 39.58300018310547,
    "wait_cost": 27.715999603271484
}
