{
    "child_model_execute_cost_by_ms": [
        12.88599967956543
    ],
    "child_model_run_time": [
        [
            31691234,
            31704120
        ]
    ],
    "execute_cost": 12.88599967956543,
    "finish_time": 31704130,
    "limit_cost_by_ms": 6.9683332443237305,
    "model_name": "gpt128v2",
    "recv_time": 31675792,
    "tag": "628",
    "total_cost_by_ms": 28.33799934387207,
    "wait_cost": 15.45199966430664
}
