{
    "child_model_execute_cost_by_ms": [
        19.03499984741211,
        18.71299934387207,
        19.601999282836914
    ],
    "child_model_run_time": [
        [
            31852130,
            31871165
        ],
        [
            31925926,
            31944639
        ],
        [
            31951005,
            31970607
        ]
    ],
    "execute_cost": 57.349998474121094,
    "finish_time": 31970609,
    "limit_cost_by_ms": 44.492332458496094,
    "model_name": "vgg19",
    "recv_time": 31852059,
    "tag": "625",
    "total_cost_by_ms": 118.55000305175781,
    "wait_cost": 61.20000457763672
}
