{
    "child_model_execute_cost_by_ms": [
        8.378999710083008
    ],
    "child_model_run_time": [
        [
            31704167,
            31712546
        ]
    ],
    "execute_cost": 8.378999710083008,
    "finish_time": 31712551,
    "limit_cost_by_ms": 5.815999984741211,
    "model_name": "yolov2",
    "recv_time": 31698725,
    "tag": "630",
    "total_cost_by_ms": 13.826000213623047,
    "wait_cost": 5.447000503540039
}
