{
    "child_model_execute_cost_by_ms": [
        9.836000442504883
    ],
    "child_model_run_time": [
        [
            32004942,
            32014778
        ]
    ],
    "execute_cost": 9.836000442504883,
    "finish_time": 32014788,
    "limit_cost_by_ms": 8.904333114624023,
    "model_name": "googlenet",
    "recv_time": 31997689,
    "tag": "632",
    "total_cost_by_ms": 17.099000930786133,
    "wait_cost": 7.26300048828125
}
