{
    "child_model_execute_cost_by_ms": [
        9.777000427246094
    ],
    "child_model_run_time": [
        [
            31712626,
            31722403
        ]
    ],
    "execute_cost": 9.777000427246094,
    "finish_time": 31722413,
    "limit_cost_by_ms": 8.529666900634766,
    "model_name": "googlenet",
    "recv_time": 31691372,
    "tag": "629",
    "total_cost_by_ms": 31.041000366210938,
    "wait_cost": 21.263999938964844
}
