{
    "child_model_execute_cost_by_ms": [
        18.922000885009766,
        18.809999465942383,
        20.13599967956543
    ],
    "child_model_run_time": [
        [
            18724290,
            18743212
        ],
        [
            18787517,
            18806327
        ],
        [
            18806366,
            18826502
        ]
    ],
    "execute_cost": 57.868003845214844,
    "finish_time": 18826507,
    "limit_cost_by_ms": 44.492332458496094,
    "model_name": "vgg19",
    "recv_time": 18724187,
    "tag": "61",
    "total_cost_by_ms": 102.31999969482422,
    "wait_cost": 44.451995849609375
}
