{
    "child_model_execute_cost_by_ms": [
        13.230999946594238
    ],
    "child_model_run_time": [
        [
            18737987,
            18751218
        ]
    ],
    "execute_cost": 13.230999946594238,
    "finish_time": 18751225,
    "limit_cost_by_ms": 6.9683332443237305,
    "model_name": "gpt128v2",
    "recv_time": 18735025,
    "tag": "65",
    "total_cost_by_ms": 16.200000762939453,
    "wait_cost": 2.969000816345215
}
