{
    "child_model_execute_cost_by_ms": [
        15.145000457763672,
        13.22599983215332
    ],
    "child_model_run_time": [
        [
            31722483,
            31737628
        ],
        [
            31737665,
            31750891
        ]
    ],
    "execute_cost": 28.371000289916992,
    "finish_time": 31750896,
    "limit_cost_by_ms": 18.771333694458008,
    "model_name": "resnet50",
    "recv_time": 31698798,
    "tag": "631",
    "total_cost_by_ms": 52.097999572753906,
    "wait_cost": 23.726999282836914
}
