{
    "child_model_execute_cost_by_ms": [
        19.093000411987305,
        16.979000091552734,
        19.97800064086914
    ],
    "child_model_run_time": [
        [
            31750942,
            31770035
        ],
        [
            31770072,
            31787051
        ],
        [
            31787084,
            31807062
        ]
    ],
    "execute_cost": 56.04999923706055,
    "finish_time": 31807065,
    "limit_cost_by_ms": 44.79933166503906,
    "model_name": "vgg19",
    "recv_time": 31741237,
    "tag": "632",
    "total_cost_by_ms": 65.8280029296875,
    "wait_cost": 9.778003692626953
}
