{
    "child_model_execute_cost_by_ms": [
        12.772000312805176
    ],
    "child_model_run_time": [
        [
            31807131,
            31819903
        ]
    ],
    "execute_cost": 12.772000312805176,
    "finish_time": 31819908,
    "limit_cost_by_ms": 6.9683332443237305,
    "model_name": "gpt128v2",
    "recv_time": 31794406,
    "tag": "633",
    "total_cost_by_ms": 25.50200080871582,
    "wait_cost": 12.730000495910645
}
