{
    "child_model_execute_cost_by_ms": [
        18.954999923706055,
        19.645999908447266,
        19.274999618530273
    ],
    "child_model_run_time": [
        [
            31970902,
            31989857
        ],
        [
            32052262,
            32071908
        ],
        [
            32071991,
            32091266
        ]
    ],
    "execute_cost": 57.875999450683594,
    "finish_time": 32091268,
    "limit_cost_by_ms": 44.492332458496094,
    "model_name": "vgg19",
    "recv_time": 31970845,
    "tag": "630",
    "total_cost_by_ms": 120.4229965209961,
    "wait_cost": 62.5469970703125
}
