{
    "child_model_execute_cost_by_ms": [
        6.480999946594238
    ],
    "child_model_run_time": [
        [
            31836571,
            31843052
        ]
    ],
    "execute_cost": 6.480999946594238,
    "finish_time": 31843063,
    "limit_cost_by_ms": 5.815999984741211,
    "model_name": "yolov2",
    "recv_time": 31828901,
    "tag": "636",
    "total_cost_by_ms": 14.161999702453613,
    "wait_cost": 7.680999755859375
}
