{
    "child_model_execute_cost_by_ms": [
        9.859000205993652
    ],
    "child_model_run_time": [
        [
            31843077,
            31852936
        ]
    ],
    "execute_cost": 9.859000205993652,
    "finish_time": 31852948,
    "limit_cost_by_ms": 8.529666900634766,
    "model_name": "googlenet",
    "recv_time": 31824838,
    "tag": "635",
    "total_cost_by_ms": 28.110000610351563,
    "wait_cost": 18.250999450683594
}
