{
    "child_model_execute_cost_by_ms": [
        9.904999732971191
    ],
    "child_model_run_time": [
        [
            32138760,
            32148665
        ]
    ],
    "execute_cost": 9.904999732971191,
    "finish_time": 32148674,
    "limit_cost_by_ms": 8.904333114624023,
    "model_name": "googlenet",
    "recv_time": 32127807,
    "tag": "637",
    "total_cost_by_ms": 20.867000579833984,
    "wait_cost": 10.962000846862793
}
