{
    "child_model_execute_cost_by_ms": [
        16.562999725341797,
        13.637999534606934
    ],
    "child_model_run_time": [
        [
            31819969,
            31836532
        ],
        [
            31852958,
            31866596
        ]
    ],
    "execute_cost": 30.201000213623047,
    "finish_time": 31866599,
    "limit_cost_by_ms": 18.771333694458008,
    "model_name": "resnet50",
    "recv_time": 31819960,
    "tag": "634",
    "total_cost_by_ms": 46.638999938964844,
    "wait_cost": 16.437999725341797
}
