{
    "child_model_execute_cost_by_ms": [
        18.239999771118164,
        16.67099952697754,
        19.61199951171875
    ],
    "child_model_run_time": [
        [
            31866932,
            31885172
        ],
        [
            31885210,
            31901881
        ],
        [
            31901913,
            31921525
        ]
    ],
    "execute_cost": 54.52299880981445,
    "finish_time": 31921528,
    "limit_cost_by_ms": 44.79933166503906,
    "model_name": "vgg19",
    "recv_time": 31866880,
    "tag": "637",
    "total_cost_by_ms": 54.64799880981445,
    "wait_cost": 0.125
}
