{
    "child_model_execute_cost_by_ms": [
        12.664999961853027
    ],
    "child_model_run_time": [
        [
            31921671,
            31934336
        ]
    ],
    "execute_cost": 12.664999961853027,
    "finish_time": 31934345,
    "limit_cost_by_ms": 6.9683332443237305,
    "model_name": "gpt128v2",
    "recv_time": 31905698,
    "tag": "638",
    "total_cost_by_ms": 28.64699935913086,
    "wait_cost": 15.981999397277832
}
