{
    "child_model_execute_cost_by_ms": [
        18.506999969482422,
        18.687000274658203,
        22.054000854492188
    ],
    "child_model_run_time": [
        [
            32091635,
            32110142
        ],
        [
            32148746,
            32167433
        ],
        [
            32188550,
            32210604
        ]
    ],
    "execute_cost": 59.24800109863281,
    "finish_time": 32210607,
    "limit_cost_by_ms": 44.492332458496094,
    "model_name": "vgg19",
    "recv_time": 32091527,
    "tag": "635",
    "total_cost_by_ms": 119.08000183105469,
    "wait_cost": 59.832000732421875
}
