{
    "child_model_execute_cost_by_ms": [
        11.583000183105469
    ],
    "child_model_run_time": [
        [
            31934535,
            31946118
        ]
    ],
    "execute_cost": 11.583000183105469,
    "finish_time": 31946123,
    "limit_cost_by_ms": 8.529666900634766,
    "model_name": "googlenet",
    "recv_time": 31926051,
    "tag": "640",
    "total_cost_by_ms": 20.07200050354004,
    "wait_cost": 8.48900032043457
}
