{
    "child_model_execute_cost_by_ms": [
        6.802000045776367
    ],
    "child_model_run_time": [
        [
            31946165,
            31952967
        ]
    ],
    "execute_cost": 6.802000045776367,
    "finish_time": 31952977,
    "limit_cost_by_ms": 5.815999984741211,
    "model_name": "yolov2",
    "recv_time": 31940617,
    "tag": "641",
    "total_cost_by_ms": 12.359999656677246,
    "wait_cost": 5.557999610900879
}
