{
    "child_model_execute_cost_by_ms": [
        13.267999649047852
    ],
    "child_model_run_time": [
        [
            18826550,
            18839818
        ]
    ],
    "execute_cost": 13.267999649047852,
    "finish_time": 18839821,
    "limit_cost_by_ms": 6.894999980926514,
    "model_name": "gpt128v2",
    "recv_time": 18807420,
    "tag": "65",
    "total_cost_by_ms": 32.4010009765625,
    "wait_cost": 19.13300132751465
}
