{
    "child_model_execute_cost_by_ms": [
        6.413000106811523
    ],
    "child_model_run_time": [
        [
            18770703,
            18777116
        ]
    ],
    "execute_cost": 6.413000106811523,
    "finish_time": 18777125,
    "limit_cost_by_ms": 5.815999984741211,
    "model_name": "yolov2",
    "recv_time": 18761567,
    "tag": "68",
    "total_cost_by_ms": 15.557999610900879,
    "wait_cost": 9.144999504089355
}
