{
    "child_model_execute_cost_by_ms": [
        14.409000396728516,
        12.67199993133545
    ],
    "child_model_run_time": [
        [
            31953001,
            31967410
        ],
        [
            31967444,
            31980116
        ]
    ],
    "execute_cost": 27.08100128173828,
    "finish_time": 31980120,
    "limit_cost_by_ms": 18.771333694458008,
    "model_name": "resnet50",
    "recv_time": 31917777,
    "tag": "639",
    "total_cost_by_ms": 62.34299850463867,
    "wait_cost": 35.26199722290039
}
