{
    "child_model_execute_cost_by_ms": [
        12.498000144958496
    ],
    "child_model_run_time": [
        [
            32016064,
            32028562
        ]
    ],
    "execute_cost": 12.498000144958496,
    "finish_time": 32028572,
    "limit_cost_by_ms": 6.9683332443237305,
    "model_name": "gpt128v2",
    "recv_time": 32010979,
    "tag": "643",
    "total_cost_by_ms": 17.593000411987305,
    "wait_cost": 5.095000267028809
}
