{
    "child_model_execute_cost_by_ms": [
        18.211999893188477,
        17.579999923706055,
        19.840999603271484
    ],
    "child_model_run_time": [
        [
            32210967,
            32229179
        ],
        [
            32229262,
            32246842
        ],
        [
            32292299,
            32312140
        ]
    ],
    "execute_cost": 55.632999420166016,
    "finish_time": 32312143,
    "limit_cost_by_ms": 44.492332458496094,
    "model_name": "vgg19",
    "recv_time": 32210907,
    "tag": "640",
    "total_cost_by_ms": 101.23600006103516,
    "wait_cost": 45.60300064086914
}
