{
    "child_model_execute_cost_by_ms": [
        6.164999961853027
    ],
    "child_model_run_time": [
        [
            32046395,
            32052560
        ]
    ],
    "execute_cost": 6.164999961853027,
    "finish_time": 32052570,
    "limit_cost_by_ms": 5.815999984741211,
    "model_name": "yolov2",
    "recv_time": 32041628,
    "tag": "646",
    "total_cost_by_ms": 10.942000389099121,
    "wait_cost": 4.777000427246094
}
