{
    "child_model_execute_cost_by_ms": [
        9.73900032043457
    ],
    "child_model_run_time": [
        [
            32052732,
            32062471
        ]
    ],
    "execute_cost": 9.73900032043457,
    "finish_time": 32062481,
    "limit_cost_by_ms": 8.529666900634766,
    "model_name": "googlenet",
    "recv_time": 32033523,
    "tag": "645",
    "total_cost_by_ms": 28.95800018310547,
    "wait_cost": 19.2189998626709
}
