{
    "child_model_execute_cost_by_ms": [
        17.736000061035156,
        13.63700008392334
    ],
    "child_model_run_time": [
        [
            32028610,
            32046346
        ],
        [
            32062560,
            32076197
        ]
    ],
    "execute_cost": 31.373001098632813,
    "finish_time": 32076208,
    "limit_cost_by_ms": 18.771333694458008,
    "model_name": "resnet50",
    "recv_time": 32016117,
    "tag": "644",
    "total_cost_by_ms": 60.090999603271484,
    "wait_cost": 28.717998504638672
}
