{
    "child_model_execute_cost_by_ms": [
        18.59000015258789,
        16.974000930786133,
        19.0310001373291
    ],
    "child_model_run_time": [
        [
            32329730,
            32348320
        ],
        [
            32348357,
            32365331
        ],
        [
            32365362,
            32384393
        ]
    ],
    "execute_cost": 54.595001220703125,
    "finish_time": 32384396,
    "limit_cost_by_ms": 44.492332458496094,
    "model_name": "vgg19",
    "recv_time": 32329679,
    "tag": "645",
    "total_cost_by_ms": 54.71699905395508,
    "wait_cost": 0.12199783325195313
}
