{
    "child_model_execute_cost_by_ms": [
        18.187999725341797,
        17.374000549316406,
        19.740999221801758
    ],
    "child_model_run_time": [
        [
            31980446,
            31998634
        ],
        [
            31998660,
            32016034
        ],
        [
            32076284,
            32096025
        ]
    ],
    "execute_cost": 55.303001403808594,
    "finish_time": 32096032,
    "limit_cost_by_ms": 44.79933166503906,
    "model_name": "vgg19",
    "recv_time": 31980402,
    "tag": "642",
    "total_cost_by_ms": 115.62999725341797,
    "wait_cost": 60.326995849609375
}
