{
    "child_model_execute_cost_by_ms": [
        12.411999702453613
    ],
    "child_model_run_time": [
        [
            32131663,
            32144075
        ]
    ],
    "execute_cost": 12.411999702453613,
    "finish_time": 32144085,
    "limit_cost_by_ms": 6.9683332443237305,
    "model_name": "gpt128v2",
    "recv_time": 32115460,
    "tag": "649",
    "total_cost_by_ms": 28.625,
    "wait_cost": 16.213001251220703
}
