{
    "child_model_execute_cost_by_ms": [
        6.48799991607666
    ],
    "child_model_run_time": [
        [
            32424875,
            32431363
        ]
    ],
    "execute_cost": 6.48799991607666,
    "finish_time": 32431367,
    "limit_cost_by_ms": 5.7816667556762695,
    "model_name": "yolov2",
    "recv_time": 32420175,
    "tag": "648",
    "total_cost_by_ms": 11.192000389099121,
    "wait_cost": 4.704000473022461
}
