{
    "child_model_execute_cost_by_ms": [
        12.079999923706055
    ],
    "child_model_run_time": [
        [
            32144123,
            32156203
        ]
    ],
    "execute_cost": 12.079999923706055,
    "finish_time": 32156213,
    "limit_cost_by_ms": 8.529666900634766,
    "model_name": "googlenet",
    "recv_time": 32135522,
    "tag": "650",
    "total_cost_by_ms": 20.69099998474121,
    "wait_cost": 8.611000061035156
}
