{
    "child_model_execute_cost_by_ms": [
        6.568999767303467
    ],
    "child_model_run_time": [
        [
            32156480,
            32163049
        ]
    ],
    "execute_cost": 6.568999767303467,
    "finish_time": 32163060,
    "limit_cost_by_ms": 5.815999984741211,
    "model_name": "yolov2",
    "recv_time": 32144196,
    "tag": "651",
    "total_cost_by_ms": 18.86400032043457,
    "wait_cost": 12.295000076293945
}
