{
    "child_model_execute_cost_by_ms": [
        9.678000450134277
    ],
    "child_model_run_time": [
        [
            32484490,
            32494168
        ]
    ],
    "execute_cost": 9.678000450134277,
    "finish_time": 32494177,
    "limit_cost_by_ms": 8.904333114624023,
    "model_name": "googlenet",
    "recv_time": 32479985,
    "tag": "652",
    "total_cost_by_ms": 14.192000389099121,
    "wait_cost": 4.513999938964844
}
