{
    "child_model_execute_cost_by_ms": [
        14.491000175476074,
        12.86299991607666
    ],
    "child_model_run_time": [
        [
            32163199,
            32177690
        ],
        [
            32177771,
            32190634
        ]
    ],
    "execute_cost": 27.354000091552734,
    "finish_time": 32190639,
    "limit_cost_by_ms": 18.771333694458008,
    "model_name": "resnet50",
    "recv_time": 32114521,
    "tag": "648",
    "total_cost_by_ms": 76.11799621582031,
    "wait_cost": 48.76399612426758
}
