{
    "child_model_execute_cost_by_ms": [
        9.772000312805176
    ],
    "child_model_run_time": [
        [
            18842222,
            18851994
        ]
    ],
    "execute_cost": 9.772000312805176,
    "finish_time": 18851999,
    "limit_cost_by_ms": 8.904333114624023,
    "model_name": "googlenet",
    "recv_time": 18842058,
    "tag": "66",
    "total_cost_by_ms": 9.940999984741211,
    "wait_cost": 0.16899967193603516
}
