{
    "child_model_execute_cost_by_ms": [
        17.690000534057617,
        17.735000610351563,
        19.742000579833984
    ],
    "child_model_run_time": [
        [
            32096080,
            32113770
        ],
        [
            32113857,
            32131592
        ],
        [
            32190681,
            32210423
        ]
    ],
    "execute_cost": 55.1670036315918,
    "finish_time": 32210429,
    "limit_cost_by_ms": 44.79933166503906,
    "model_name": "vgg19",
    "recv_time": 32082214,
    "tag": "647",
    "total_cost_by_ms": 128.21499633789063,
    "wait_cost": 73.04798889160156
}
