{
    "child_model_execute_cost_by_ms": [
        12.494000434875488
    ],
    "child_model_run_time": [
        [
            32229414,
            32241908
        ]
    ],
    "execute_cost": 12.494000434875488,
    "finish_time": 32241919,
    "limit_cost_by_ms": 6.9683332443237305,
    "model_name": "gpt128v2",
    "recv_time": 32216003,
    "tag": "653",
    "total_cost_by_ms": 25.916000366210938,
    "wait_cost": 13.42199993133545
}
