{
    "child_model_execute_cost_by_ms": [
        18.87299919128418,
        17.246999740600586,
        20.82900047302246
    ],
    "child_model_run_time": [
        [
            32448248,
            32467121
        ],
        [
            32467147,
            32484394
        ],
        [
            32523108,
            32543937
        ]
    ],
    "execute_cost": 56.948997497558594,
    "finish_time": 32543942,
    "limit_cost_by_ms": 44.492332458496094,
    "model_name": "vgg19",
    "recv_time": 32448197,
    "tag": "650",
    "total_cost_by_ms": 95.74500274658203,
    "wait_cost": 38.79600524902344
}
