{
    "child_model_execute_cost_by_ms": [
        9.607999801635742
    ],
    "child_model_run_time": [
        [
            32259308,
            32268916
        ]
    ],
    "execute_cost": 9.607999801635742,
    "finish_time": 32268925,
    "limit_cost_by_ms": 8.529666900634766,
    "model_name": "googlenet",
    "recv_time": 32250509,
    "tag": "655",
    "total_cost_by_ms": 18.416000366210938,
    "wait_cost": 8.808000564575195
}
