{
    "child_model_execute_cost_by_ms": [
        13.152000427246094
    ],
    "child_model_run_time": [
        [
            32550773,
            32563925
        ]
    ],
    "execute_cost": 13.152000427246094,
    "finish_time": 32563929,
    "limit_cost_by_ms": 6.894999980926514,
    "model_name": "gpt128v2",
    "recv_time": 32537383,
    "tag": "654",
    "total_cost_by_ms": 26.54599952697754,
    "wait_cost": 13.393999099731445
}
