{
    "child_model_execute_cost_by_ms": [
        6.415999889373779
    ],
    "child_model_run_time": [
        [
            32269035,
            32275451
        ]
    ],
    "execute_cost": 6.415999889373779,
    "finish_time": 32275461,
    "limit_cost_by_ms": 5.815999984741211,
    "model_name": "yolov2",
    "recv_time": 32259374,
    "tag": "656",
    "total_cost_by_ms": 16.086999893188477,
    "wait_cost": 9.670999526977539
}
