{
    "child_model_execute_cost_by_ms": [
        18.60099983215332,
        17.51799964904785,
        18.999000549316406
    ],
    "child_model_run_time": [
        [
            32566252,
            32584853
        ],
        [
            32584886,
            32602404
        ],
        [
            32602434,
            32621433
        ]
    ],
    "execute_cost": 55.11800003051758,
    "finish_time": 32621436,
    "limit_cost_by_ms": 44.492332458496094,
    "model_name": "vgg19",
    "recv_time": 32566192,
    "tag": "655",
    "total_cost_by_ms": 55.24399948120117,
    "wait_cost": 0.12599945068359375
}
