{
    "child_model_execute_cost_by_ms": [
        17.298999786376953,
        13.59000015258789
    ],
    "child_model_run_time": [
        [
            32241955,
            32259254
        ],
        [
            32275577,
            32289167
        ]
    ],
    "execute_cost": 30.888999938964844,
    "finish_time": 32289174,
    "limit_cost_by_ms": 18.771333694458008,
    "model_name": "resnet50",
    "recv_time": 32232010,
    "tag": "654",
    "total_cost_by_ms": 57.16400146484375,
    "wait_cost": 26.275001525878906
}
