{
    "child_model_execute_cost_by_ms": [
        18.843000411987305,
        18.573999404907227,
        19.040000915527344
    ],
    "child_model_run_time": [
        [
            32210526,
            32229369
        ],
        [
            32289244,
            32307818
        ],
        [
            32307857,
            32326897
        ]
    ],
    "execute_cost": 56.457000732421875,
    "finish_time": 32326901,
    "limit_cost_by_ms": 44.79933166503906,
    "model_name": "vgg19",
    "recv_time": 32190912,
    "tag": "652",
    "total_cost_by_ms": 135.98899841308594,
    "wait_cost": 79.53199768066406
}
