{
    "child_model_execute_cost_by_ms": [
        10.178999900817871
    ],
    "child_model_run_time": [
        [
            32636145,
            32646324
        ]
    ],
    "execute_cost": 10.178999900817871,
    "finish_time": 32646334,
    "limit_cost_by_ms": 8.904333114624023,
    "model_name": "googlenet",
    "recv_time": 32625650,
    "tag": "657",
    "total_cost_by_ms": 20.68400001525879,
    "wait_cost": 10.505000114440918
}
