{
    "child_model_execute_cost_by_ms": [
        12.387999534606934
    ],
    "child_model_run_time": [
        [
            32345072,
            32357460
        ]
    ],
    "execute_cost": 12.387999534606934,
    "finish_time": 32357471,
    "limit_cost_by_ms": 6.9683332443237305,
    "model_name": "gpt128v2",
    "recv_time": 32336184,
    "tag": "658",
    "total_cost_by_ms": 21.28700065612793,
    "wait_cost": 8.899001121520996
}
