{
    "child_model_execute_cost_by_ms": [
        9.767999649047852
    ],
    "child_model_run_time": [
        [
            32374586,
            32384354
        ]
    ],
    "execute_cost": 9.767999649047852,
    "finish_time": 32384363,
    "limit_cost_by_ms": 8.529666900634766,
    "model_name": "googlenet",
    "recv_time": 32366748,
    "tag": "660",
    "total_cost_by_ms": 17.614999771118164,
    "wait_cost": 7.8470001220703125
}
