{
    "child_model_execute_cost_by_ms": [
        13.293000221252441
    ],
    "child_model_run_time": [
        [
            32661937,
            32675230
        ]
    ],
    "execute_cost": 13.293000221252441,
    "finish_time": 32675235,
    "limit_cost_by_ms": 6.894999980926514,
    "model_name": "gpt128v2",
    "recv_time": 32661885,
    "tag": "658",
    "total_cost_by_ms": 13.350000381469727,
    "wait_cost": 0.057000160217285156
}
