{
    "child_model_execute_cost_by_ms": [
        8.010000228881836
    ],
    "child_model_run_time": [
        [
            32676109,
            32684119
        ]
    ],
    "execute_cost": 8.010000228881836,
    "finish_time": 32684124,
    "limit_cost_by_ms": 5.7816667556762695,
    "model_name": "yolov2",
    "recv_time": 32676094,
    "tag": "659",
    "total_cost_by_ms": 8.029999732971191,
    "wait_cost": 0.01999950408935547
}
