{
    "child_model_execute_cost_by_ms": [
        6.354000091552734
    ],
    "child_model_run_time": [
        [
            32384467,
            32390821
        ]
    ],
    "execute_cost": 6.354000091552734,
    "finish_time": 32390831,
    "limit_cost_by_ms": 5.815999984741211,
    "model_name": "yolov2",
    "recv_time": 32374765,
    "tag": "661",
    "total_cost_by_ms": 16.06599998474121,
    "wait_cost": 9.711999893188477
}
