{
    "child_model_execute_cost_by_ms": [
        19.110000610351563,
        17.905000686645508,
        18.94300079345703
    ],
    "child_model_run_time": [
        [
            32684520,
            32703630
        ],
        [
            32703656,
            32721561
        ],
        [
            32721587,
            32740530
        ]
    ],
    "execute_cost": 55.95800018310547,
    "finish_time": 32740534,
    "limit_cost_by_ms": 44.492332458496094,
    "model_name": "vgg19",
    "recv_time": 32684474,
    "tag": "660",
    "total_cost_by_ms": 56.060001373291016,
    "wait_cost": 0.10200119018554688
}
