{
    "child_model_execute_cost_by_ms": [
        16.947999954223633,
        13.444999694824219
    ],
    "child_model_run_time": [
        [
            32357582,
            32374530
        ],
        [
            32390964,
            32404409
        ]
    ],
    "execute_cost": 30.39299964904785,
    "finish_time": 32404416,
    "limit_cost_by_ms": 18.771333694458008,
    "model_name": "resnet50",
    "recv_time": 32345128,
    "tag": "659",
    "total_cost_by_ms": 59.28799819946289,
    "wait_cost": 28.89499855041504
}
