{
    "child_model_execute_cost_by_ms": [
        14.64799976348877,
        12.878999710083008
    ],
    "child_model_run_time": [
        [
            18870716,
            18885364
        ],
        [
            18885412,
            18898291
        ]
    ],
    "execute_cost": 27.527000427246094,
    "finish_time": 18898296,
    "limit_cost_by_ms": 18.256332397460938,
    "model_name": "resnet50",
    "recv_time": 18852442,
    "tag": "68",
    "total_cost_by_ms": 45.854000091552734,
    "wait_cost": 18.32699966430664
}
