{
    "child_model_execute_cost_by_ms": [
        15.45199966430664,
        12.628999710083008
    ],
    "child_model_run_time": [
        [
            18787494,
            18802946
        ],
        [
            18803050,
            18815679
        ]
    ],
    "execute_cost": 28.08099937438965,
    "finish_time": 18815686,
    "limit_cost_by_ms": 18.771333694458008,
    "model_name": "resnet50",
    "recv_time": 18770785,
    "tag": "69",
    "total_cost_by_ms": 44.9010009765625,
    "wait_cost": 16.82000160217285
}
