{
    "child_model_execute_cost_by_ms": [
        18.09000015258789,
        18.410999298095703,
        19.704999923706055
    ],
    "child_model_run_time": [
        [
            32326941,
            32345031
        ],
        [
            32404485,
            32422896
        ],
        [
            32422976,
            32442681
        ]
    ],
    "execute_cost": 56.20600128173828,
    "finish_time": 32442685,
    "limit_cost_by_ms": 44.79933166503906,
    "model_name": "vgg19",
    "recv_time": 32299116,
    "tag": "657",
    "total_cost_by_ms": 143.56900024414063,
    "wait_cost": 87.36299896240234
}
