{
    "child_model_execute_cost_by_ms": [
        11.866000175476074
    ],
    "child_model_run_time": [
        [
            32489111,
            32500977
        ]
    ],
    "execute_cost": 11.866000175476074,
    "finish_time": 32500988,
    "limit_cost_by_ms": 8.529666900634766,
    "model_name": "googlenet",
    "recv_time": 32480166,
    "tag": "665",
    "total_cost_by_ms": 20.82200050354004,
    "wait_cost": 8.956000328063965
}
