{
    "child_model_execute_cost_by_ms": [
        6.329999923706055
    ],
    "child_model_run_time": [
        [
            32780452,
            32786782
        ]
    ],
    "execute_cost": 6.329999923706055,
    "finish_time": 32786787,
    "limit_cost_by_ms": 5.7816667556762695,
    "model_name": "yolov2",
    "recv_time": 32780350,
    "tag": "663",
    "total_cost_by_ms": 6.436999797821045,
    "wait_cost": 0.10699987411499023
}
