{
    "child_model_execute_cost_by_ms": [
        6.526000022888184
    ],
    "child_model_run_time": [
        [
            32501095,
            32507621
        ]
    ],
    "execute_cost": 6.526000022888184,
    "finish_time": 32507629,
    "limit_cost_by_ms": 5.815999984741211,
    "model_name": "yolov2",
    "recv_time": 32494396,
    "tag": "666",
    "total_cost_by_ms": 13.232999801635742,
    "wait_cost": 6.706999778747559
}
