{
    "child_model_execute_cost_by_ms": [
        14.190999984741211,
        12.687000274658203
    ],
    "child_model_run_time": [
        [
            32507920,
            32522111
        ],
        [
            32522151,
            32534838
        ]
    ],
    "execute_cost": 26.878000259399414,
    "finish_time": 32534843,
    "limit_cost_by_ms": 18.771333694458008,
    "model_name": "resnet50",
    "recv_time": 32468149,
    "tag": "664",
    "total_cost_by_ms": 66.69400024414063,
    "wait_cost": 39.816001892089844
}
