{
    "child_model_execute_cost_by_ms": [
        18.639999389648438,
        17.302000045776367,
        19.378999710083008
    ],
    "child_model_run_time": [
        [
            32803366,
            32822006
        ],
        [
            32822044,
            32839346
        ],
        [
            32867838,
            32887217
        ]
    ],
    "execute_cost": 55.32099914550781,
    "finish_time": 32887220,
    "limit_cost_by_ms": 44.492332458496094,
    "model_name": "vgg19",
    "recv_time": 32803304,
    "tag": "665",
    "total_cost_by_ms": 83.91600036621094,
    "wait_cost": 28.595001220703125
}
