{
    "child_model_execute_cost_by_ms": [
        17.242000579833984,
        16.881000518798828,
        19.740999221801758
    ],
    "child_model_run_time": [
        [
            32442727,
            32459969
        ],
        [
            32459999,
            32476880
        ],
        [
            32534909,
            32554650
        ]
    ],
    "execute_cost": 53.86399841308594,
    "finish_time": 32554658,
    "limit_cost_by_ms": 44.79933166503906,
    "model_name": "vgg19",
    "recv_time": 32427075,
    "tag": "662",
    "total_cost_by_ms": 127.58300018310547,
    "wait_cost": 73.71900177001953
}
