{
    "child_model_execute_cost_by_ms": [
        12.076000213623047
    ],
    "child_model_run_time": [
        [
            32590493,
            32602569
        ]
    ],
    "execute_cost": 12.076000213623047,
    "finish_time": 32602578,
    "limit_cost_by_ms": 6.9683332443237305,
    "model_name": "gpt128v2",
    "recv_time": 32576441,
    "tag": "670",
    "total_cost_by_ms": 26.136999130249023,
    "wait_cost": 14.060998916625977
}
