{
    "child_model_execute_cost_by_ms": [
        11.979999542236328
    ],
    "child_model_run_time": [
        [
            32602609,
            32614589
        ]
    ],
    "execute_cost": 11.979999542236328,
    "finish_time": 32614600,
    "limit_cost_by_ms": 8.529666900634766,
    "model_name": "googlenet",
    "recv_time": 32575412,
    "tag": "668",
    "total_cost_by_ms": 39.1879997253418,
    "wait_cost": 27.20800018310547
}
