{
    "child_model_execute_cost_by_ms": [
        11.067000389099121
    ],
    "child_model_run_time": [
        [
            32898762,
            32909829
        ]
    ],
    "execute_cost": 11.067000389099121,
    "finish_time": 32909836,
    "limit_cost_by_ms": 6.894999980926514,
    "model_name": "gpt128v2",
    "recv_time": 32898754,
    "tag": "668",
    "total_cost_by_ms": 11.081999778747559,
    "wait_cost": 0.0149993896484375
}
