{
    "child_model_execute_cost_by_ms": [
        6.447000026702881
    ],
    "child_model_run_time": [
        [
            32614669,
            32621116
        ]
    ],
    "execute_cost": 6.447000026702881,
    "finish_time": 32621126,
    "limit_cost_by_ms": 5.815999984741211,
    "model_name": "yolov2",
    "recv_time": 32606613,
    "tag": "671",
    "total_cost_by_ms": 14.512999534606934,
    "wait_cost": 8.065999984741211
}
