{
    "child_model_execute_cost_by_ms": [
        8.496999740600586
    ],
    "child_model_run_time": [
        [
            32909858,
            32918355
        ]
    ],
    "execute_cost": 8.496999740600586,
    "finish_time": 32918360,
    "limit_cost_by_ms": 5.7816667556762695,
    "model_name": "yolov2",
    "recv_time": 32898855,
    "tag": "669",
    "total_cost_by_ms": 19.5049991607666,
    "wait_cost": 11.007999420166016
}
