{
    "child_model_execute_cost_by_ms": [
        14.508999824523926,
        12.567000389099121
    ],
    "child_model_run_time": [
        [
            32621354,
            32635863
        ],
        [
            32635951,
            32648518
        ]
    ],
    "execute_cost": 27.076000213623047,
    "finish_time": 32648522,
    "limit_cost_by_ms": 18.771333694458008,
    "model_name": "resnet50",
    "recv_time": 32575500,
    "tag": "669",
    "total_cost_by_ms": 73.02200317382813,
    "wait_cost": 45.94600296020508
}
