{
    "child_model_execute_cost_by_ms": [
        18.33799934387207,
        19.336999893188477,
        19.375
    ],
    "child_model_run_time": [
        [
            18719502,
            18737840
        ],
        [
            18751297,
            18770634
        ],
        [
            18815870,
            18835245
        ]
    ],
    "execute_cost": 57.04999923706055,
    "finish_time": 18835251,
    "limit_cost_by_ms": 44.79933166503906,
    "model_name": "vgg19",
    "recv_time": 18623522,
    "tag": "61",
    "total_cost_by_ms": 211.72900390625,
    "wait_cost": 154.6790008544922
}
