{
    "child_model_execute_cost_by_ms": [
        17.673999786376953,
        17.958999633789063,
        19.733999252319336
    ],
    "child_model_run_time": [
        [
            32554692,
            32572366
        ],
        [
            32572398,
            32590357
        ],
        [
            32648761,
            32668495
        ]
    ],
    "execute_cost": 55.36699676513672,
    "finish_time": 32668502,
    "limit_cost_by_ms": 44.79933166503906,
    "model_name": "vgg19",
    "recv_time": 32535131,
    "tag": "667",
    "total_cost_by_ms": 133.37100219726563,
    "wait_cost": 78.0040054321289
}
