{
    "child_model_execute_cost_by_ms": [
        18.61199951171875,
        17.281999588012695,
        19.26300048828125
    ],
    "child_model_run_time": [
        [
            32918735,
            32937347
        ],
        [
            32937383,
            32954665
        ],
        [
            32983574,
            33002837
        ]
    ],
    "execute_cost": 55.15699768066406,
    "finish_time": 33002841,
    "limit_cost_by_ms": 44.492332458496094,
    "model_name": "vgg19",
    "recv_time": 32918728,
    "tag": "670",
    "total_cost_by_ms": 84.11299896240234,
    "wait_cost": 28.95600128173828
}
