{
    "child_model_execute_cost_by_ms": [
        10.425000190734863
    ],
    "child_model_run_time": [
        [
            33002913,
            33013338
        ]
    ],
    "execute_cost": 10.425000190734863,
    "finish_time": 33013342,
    "limit_cost_by_ms": 8.904333114624023,
    "model_name": "googlenet",
    "recv_time": 32992720,
    "tag": "672",
    "total_cost_by_ms": 20.621999740600586,
    "wait_cost": 10.196999549865723
}
