{
    "child_model_execute_cost_by_ms": [
        12.496999740600586
    ],
    "child_model_run_time": [
        [
            32704174,
            32716671
        ]
    ],
    "execute_cost": 12.496999740600586,
    "finish_time": 32716680,
    "limit_cost_by_ms": 6.9683332443237305,
    "model_name": "gpt128v2",
    "recv_time": 32692899,
    "tag": "675",
    "total_cost_by_ms": 23.7810001373291,
    "wait_cost": 11.284000396728516
}
