{
    "child_model_execute_cost_by_ms": [
        13.727999687194824
    ],
    "child_model_run_time": [
        [
            33014583,
            33028311
        ]
    ],
    "execute_cost": 13.727999687194824,
    "finish_time": 33028323,
    "limit_cost_by_ms": 6.894999980926514,
    "model_name": "gpt128v2",
    "recv_time": 33014561,
    "tag": "673",
    "total_cost_by_ms": 13.76200008392334,
    "wait_cost": 0.034000396728515625
}
