{
    "child_model_execute_cost_by_ms": [
        12.211999893188477
    ],
    "child_model_run_time": [
        [
            32716904,
            32729116
        ]
    ],
    "execute_cost": 12.211999893188477,
    "finish_time": 32729127,
    "limit_cost_by_ms": 8.529666900634766,
    "model_name": "googlenet",
    "recv_time": 32687989,
    "tag": "673",
    "total_cost_by_ms": 41.13800048828125,
    "wait_cost": 28.926000595092773
}
