{
    "child_model_execute_cost_by_ms": [
        15.053999900817871,
        13.093999862670898
    ],
    "child_model_run_time": [
        [
            33037683,
            33052737
        ],
        [
            33052771,
            33065865
        ]
    ],
    "execute_cost": 28.147998809814453,
    "finish_time": 33065874,
    "limit_cost_by_ms": 18.256332397460938,
    "model_name": "resnet50",
    "recv_time": 33037619,
    "tag": "675",
    "total_cost_by_ms": 28.2549991607666,
    "wait_cost": 0.10700035095214844
}
