{
    "child_model_execute_cost_by_ms": [
        13.67199993133545,
        12.35200023651123
    ],
    "child_model_run_time": [
        [
            32735820,
            32749492
        ],
        [
            32749524,
            32761876
        ]
    ],
    "execute_cost": 26.02400016784668,
    "finish_time": 32761880,
    "limit_cost_by_ms": 18.771333694458008,
    "model_name": "resnet50",
    "recv_time": 32692055,
    "tag": "674",
    "total_cost_by_ms": 69.82499694824219,
    "wait_cost": 43.800994873046875
}
