{
    "child_model_execute_cost_by_ms": [
        17.45400047302246,
        17.698999404907227,
        19.80900001525879
    ],
    "child_model_run_time": [
        [
            32668603,
            32686057
        ],
        [
            32686142,
            32703841
        ],
        [
            32762049,
            32781858
        ]
    ],
    "execute_cost": 54.961997985839844,
    "finish_time": 32781865,
    "limit_cost_by_ms": 44.79933166503906,
    "model_name": "vgg19",
    "recv_time": 32663641,
    "tag": "672",
    "total_cost_by_ms": 118.2239990234375,
    "wait_cost": 63.262001037597656
}
