{
    "child_model_execute_cost_by_ms": [
        10.01099967956543
    ],
    "child_model_run_time": [
        [
            33100103,
            33110114
        ]
    ],
    "execute_cost": 10.01099967956543,
    "finish_time": 33110125,
    "limit_cost_by_ms": 8.904333114624023,
    "model_name": "googlenet",
    "recv_time": 33090955,
    "tag": "677",
    "total_cost_by_ms": 19.170000076293945,
    "wait_cost": 9.159000396728516
}
