{
    "child_model_execute_cost_by_ms": [
        17.344999313354492,
        16.674999237060547,
        20.46500015258789
    ],
    "child_model_run_time": [
        [
            33065942,
            33083287
        ],
        [
            33083387,
            33100062
        ],
        [
            33110291,
            33130756
        ]
    ],
    "execute_cost": 54.4849967956543,
    "finish_time": 33130759,
    "limit_cost_by_ms": 44.492332458496094,
    "model_name": "vgg19",
    "recv_time": 33038494,
    "tag": "676",
    "total_cost_by_ms": 92.26499938964844,
    "wait_cost": 37.78000259399414
}
