{
    "child_model_execute_cost_by_ms": [
        9.833000183105469
    ],
    "child_model_run_time": [
        [
            32800364,
            32810197
        ]
    ],
    "execute_cost": 9.833000183105469,
    "finish_time": 32810204,
    "limit_cost_by_ms": 8.529666900634766,
    "model_name": "googlenet",
    "recv_time": 32788679,
    "tag": "679",
    "total_cost_by_ms": 21.524999618530273,
    "wait_cost": 11.691999435424805
}
