{
    "child_model_execute_cost_by_ms": [
        6.446000099182129
    ],
    "child_model_run_time": [
        [
            32825042,
            32831488
        ]
    ],
    "execute_cost": 6.446000099182129,
    "finish_time": 32831499,
    "limit_cost_by_ms": 5.815999984741211,
    "model_name": "yolov2",
    "recv_time": 32816870,
    "tag": "680",
    "total_cost_by_ms": 14.628999710083008,
    "wait_cost": 8.182999610900879
}
