{
    "child_model_execute_cost_by_ms": [
        14.559000015258789,
        15.685999870300293
    ],
    "child_model_run_time": [
        [
            32810291,
            32824850
        ],
        [
            32844994,
            32860680
        ]
    ],
    "execute_cost": 30.244998931884766,
    "finish_time": 32860690,
    "limit_cost_by_ms": 18.771333694458008,
    "model_name": "resnet50",
    "recv_time": 32784600,
    "tag": "678",
    "total_cost_by_ms": 76.08999633789063,
    "wait_cost": 45.84499740600586
}
