{
    "child_model_execute_cost_by_ms": [
        15.3100004196167,
        13.038999557495117
    ],
    "child_model_run_time": [
        [
            33153528,
            33168838
        ],
        [
            33168939,
            33181978
        ]
    ],
    "execute_cost": 28.3489990234375,
    "finish_time": 33181983,
    "limit_cost_by_ms": 18.256332397460938,
    "model_name": "resnet50",
    "recv_time": 33153458,
    "tag": "680",
    "total_cost_by_ms": 28.524999618530273,
    "wait_cost": 0.17600059509277344
}
