{
    "child_model_execute_cost_by_ms": [
        18.249000549316406,
        18.36199951171875,
        19.16200065612793
    ],
    "child_model_run_time": [
        [
            18852421,
            18870670
        ],
        [
            18904704,
            18923066
        ],
        [
            18923101,
            18942263
        ]
    ],
    "execute_cost": 55.77300262451172,
    "finish_time": 18942265,
    "limit_cost_by_ms": 44.492332458496094,
    "model_name": "vgg19",
    "recv_time": 18852286,
    "tag": "67",
    "total_cost_by_ms": 89.97899627685547,
    "wait_cost": 34.20599365234375
}
