{
    "child_model_execute_cost_by_ms": [
        13.302000045776367
    ],
    "child_model_run_time": [
        [
            18854557,
            18867859
        ]
    ],
    "execute_cost": 13.302000045776367,
    "finish_time": 18867868,
    "limit_cost_by_ms": 6.9683332443237305,
    "model_name": "gpt128v2",
    "recv_time": 18847810,
    "tag": "70",
    "total_cost_by_ms": 20.058000564575195,
    "wait_cost": 6.756000518798828
}
