{
    "child_model_execute_cost_by_ms": [
        18.33300018310547,
        18.409000396728516,
        19.23900032043457
    ],
    "child_model_run_time": [
        [
            32781904,
            32800237
        ],
        [
            32860772,
            32879181
        ],
        [
            32879214,
            32898453
        ]
    ],
    "execute_cost": 55.98100280761719,
    "finish_time": 32898457,
    "limit_cost_by_ms": 44.79933166503906,
    "model_name": "vgg19",
    "recv_time": 32768303,
    "tag": "677",
    "total_cost_by_ms": 130.1540069580078,
    "wait_cost": 74.17300415039063
}
