{
    "child_model_execute_cost_by_ms": [
        11.013999938964844
    ],
    "child_model_run_time": [
        [
            33219068,
            33230082
        ]
    ],
    "execute_cost": 11.013999938964844,
    "finish_time": 33230093,
    "limit_cost_by_ms": 8.904333114624023,
    "model_name": "googlenet",
    "recv_time": 33212181,
    "tag": "682",
    "total_cost_by_ms": 17.91200065612793,
    "wait_cost": 6.898000717163086
}
