{
    "child_model_execute_cost_by_ms": [
        11.074999809265137
    ],
    "child_model_run_time": [
        [
            32913851,
            32924926
        ]
    ],
    "execute_cost": 11.074999809265137,
    "finish_time": 32924938,
    "limit_cost_by_ms": 8.529666900634766,
    "model_name": "googlenet",
    "recv_time": 32904865,
    "tag": "684",
    "total_cost_by_ms": 20.072999954223633,
    "wait_cost": 8.998000144958496
}
