{
    "child_model_execute_cost_by_ms": [
        8.440999984741211
    ],
    "child_model_run_time": [
        [
            33243674,
            33252115
        ]
    ],
    "execute_cost": 8.440999984741211,
    "finish_time": 33252124,
    "limit_cost_by_ms": 5.7816667556762695,
    "model_name": "yolov2",
    "recv_time": 33230482,
    "tag": "684",
    "total_cost_by_ms": 21.642000198364258,
    "wait_cost": 13.201000213623047
}
