{
    "child_model_execute_cost_by_ms": [
        6.839000225067139
    ],
    "child_model_run_time": [
        [
            32925330,
            32932169
        ]
    ],
    "execute_cost": 6.839000225067139,
    "finish_time": 32932179,
    "limit_cost_by_ms": 5.815999984741211,
    "model_name": "yolov2",
    "recv_time": 32917080,
    "tag": "685",
    "total_cost_by_ms": 15.098999977111816,
    "wait_cost": 8.260000228881836
}
