{
    "child_model_execute_cost_by_ms": [
        13.708999633789063
    ],
    "child_model_run_time": [
        [
            32932275,
            32945984
        ]
    ],
    "execute_cost": 13.708999633789063,
    "finish_time": 32945995,
    "limit_cost_by_ms": 6.9683332443237305,
    "model_name": "gpt128v2",
    "recv_time": 32922077,
    "tag": "686",
    "total_cost_by_ms": 23.917999267578125,
    "wait_cost": 10.208999633789063
}
