{
    "child_model_execute_cost_by_ms": [
        19.163000106811523,
        17.45800018310547,
        19.197999954223633
    ],
    "child_model_run_time": [
        [
            33182232,
            33201395
        ],
        [
            33201481,
            33218939
        ],
        [
            33252140,
            33271338
        ]
    ],
    "execute_cost": 55.819000244140625,
    "finish_time": 33271341,
    "limit_cost_by_ms": 44.492332458496094,
    "model_name": "vgg19",
    "recv_time": 33153547,
    "tag": "681",
    "total_cost_by_ms": 117.79399871826172,
    "wait_cost": 61.974998474121094
}
