{
    "child_model_execute_cost_by_ms": [
        15.086000442504883,
        16.06100082397461
    ],
    "child_model_run_time": [
        [
            32898541,
            32913627
        ],
        [
            32946052,
            32962113
        ]
    ],
    "execute_cost": 31.147001266479492,
    "finish_time": 32962120,
    "limit_cost_by_ms": 18.771333694458008,
    "model_name": "resnet50",
    "recv_time": 32880659,
    "tag": "683",
    "total_cost_by_ms": 81.46099853515625,
    "wait_cost": 50.313995361328125
}
