{
    "child_model_execute_cost_by_ms": [
        19.316999435424805,
        17.37700080871582,
        18.81800079345703
    ],
    "child_model_run_time": [
        [
            32962185,
            32981502
        ],
        [
            32981551,
            32998928
        ],
        [
            32998962,
            33017780
        ]
    ],
    "execute_cost": 55.512001037597656,
    "finish_time": 33017784,
    "limit_cost_by_ms": 44.79933166503906,
    "model_name": "vgg19",
    "recv_time": 32864629,
    "tag": "682",
    "total_cost_by_ms": 153.15499877929688,
    "wait_cost": 97.64299774169922
}
