{
    "child_model_execute_cost_by_ms": [
        9.866999626159668
    ],
    "child_model_run_time": [
        [
            33336628,
            33346495
        ]
    ],
    "execute_cost": 9.866999626159668,
    "finish_time": 33346505,
    "limit_cost_by_ms": 8.904333114624023,
    "model_name": "googlenet",
    "recv_time": 33328146,
    "tag": "687",
    "total_cost_by_ms": 18.358999252319336,
    "wait_cost": 8.491999626159668
}
