{
    "child_model_execute_cost_by_ms": [
        18.923999786376953,
        17.347000122070313,
        19.875
    ],
    "child_model_run_time": [
        [
            33300275,
            33319199
        ],
        [
            33319235,
            33336582
        ],
        [
            33346572,
            33366447
        ]
    ],
    "execute_cost": 56.145999908447266,
    "finish_time": 33366452,
    "limit_cost_by_ms": 44.492332458496094,
    "model_name": "vgg19",
    "recv_time": 33275970,
    "tag": "686",
    "total_cost_by_ms": 90.48200225830078,
    "wait_cost": 34.336002349853516
}
