{
    "child_model_execute_cost_by_ms": [
        13.097000122070313
    ],
    "child_model_run_time": [
        [
            33033497,
            33046594
        ]
    ],
    "execute_cost": 13.097000122070313,
    "finish_time": 33046605,
    "limit_cost_by_ms": 6.9683332443237305,
    "model_name": "gpt128v2",
    "recv_time": 33026511,
    "tag": "690",
    "total_cost_by_ms": 20.0939998626709,
    "wait_cost": 6.996999740600586
}
