{
    "child_model_execute_cost_by_ms": [
        13.463000297546387
    ],
    "child_model_run_time": [
        [
            33366514,
            33379977
        ]
    ],
    "execute_cost": 13.463000297546387,
    "finish_time": 33379986,
    "limit_cost_by_ms": 6.894999980926514,
    "model_name": "gpt128v2",
    "recv_time": 33352986,
    "tag": "688",
    "total_cost_by_ms": 27.0,
    "wait_cost": 13.536999702453613
}
