{
    "child_model_execute_cost_by_ms": [
        8.8100004196167
    ],
    "child_model_run_time": [
        [
            33046786,
            33055596
        ]
    ],
    "execute_cost": 8.8100004196167,
    "finish_time": 33055607,
    "limit_cost_by_ms": 5.815999984741211,
    "model_name": "yolov2",
    "recv_time": 33042747,
    "tag": "691",
    "total_cost_by_ms": 12.859999656677246,
    "wait_cost": 4.049999237060547
}
