{
    "child_model_execute_cost_by_ms": [
        8.793000221252441
    ],
    "child_model_run_time": [
        [
            33380018,
            33388811
        ]
    ],
    "execute_cost": 8.793000221252441,
    "finish_time": 33388815,
    "limit_cost_by_ms": 5.7816667556762695,
    "model_name": "yolov2",
    "recv_time": 33369266,
    "tag": "689",
    "total_cost_by_ms": 19.548999786376953,
    "wait_cost": 10.755999565124512
}
