{
    "child_model_execute_cost_by_ms": [
        9.88700008392334
    ],
    "child_model_run_time": [
        [
            33055798,
            33065685
        ]
    ],
    "execute_cost": 9.88700008392334,
    "finish_time": 33065694,
    "limit_cost_by_ms": 8.529666900634766,
    "model_name": "googlenet",
    "recv_time": 33021613,
    "tag": "689",
    "total_cost_by_ms": 44.08100128173828,
    "wait_cost": 34.194000244140625
}
