{
    "child_model_execute_cost_by_ms": [
        15.413999557495117,
        13.722999572753906
    ],
    "child_model_run_time": [
        [
            33017854,
            33033268
        ],
        [
            33065753,
            33079476
        ]
    ],
    "execute_cost": 29.136999130249023,
    "finish_time": 33079485,
    "limit_cost_by_ms": 18.771333694458008,
    "model_name": "resnet50",
    "recv_time": 32999015,
    "tag": "688",
    "total_cost_by_ms": 80.47000122070313,
    "wait_cost": 51.33300018310547
}
