{
    "child_model_execute_cost_by_ms": [
        12.182000160217285
    ],
    "child_model_run_time": [
        [
            18867907,
            18880089
        ]
    ],
    "execute_cost": 12.182000160217285,
    "finish_time": 18880099,
    "limit_cost_by_ms": 8.529666900634766,
    "model_name": "googlenet",
    "recv_time": 18859955,
    "tag": "72",
    "total_cost_by_ms": 20.143999099731445,
    "wait_cost": 7.96199893951416
}
