{
    "child_model_execute_cost_by_ms": [
        13.270999908447266
    ],
    "child_model_run_time": [
        [
            18943506,
            18956777
        ]
    ],
    "execute_cost": 13.270999908447266,
    "finish_time": 18956783,
    "limit_cost_by_ms": 6.894999980926514,
    "model_name": "gpt128v2",
    "recv_time": 18943494,
    "tag": "70",
    "total_cost_by_ms": 13.288999557495117,
    "wait_cost": 0.017999649047851563
}
