{
    "child_model_execute_cost_by_ms": [
        14.765999794006348,
        13.055999755859375
    ],
    "child_model_run_time": [
        [
            33098334,
            33113100
        ],
        [
            33113144,
            33126200
        ]
    ],
    "execute_cost": 27.821998596191406,
    "finish_time": 33126205,
    "limit_cost_by_ms": 18.771333694458008,
    "model_name": "resnet50",
    "recv_time": 33093898,
    "tag": "692",
    "total_cost_by_ms": 32.30699920654297,
    "wait_cost": 4.4850006103515625
}
