{
    "child_model_execute_cost_by_ms": [
        9.767999649047852
    ],
    "child_model_run_time": [
        [
            33452384,
            33462152
        ]
    ],
    "execute_cost": 9.767999649047852,
    "finish_time": 33462163,
    "limit_cost_by_ms": 8.904333114624023,
    "model_name": "googlenet",
    "recv_time": 33439010,
    "tag": "692",
    "total_cost_by_ms": 23.152999877929688,
    "wait_cost": 13.385000228881836
}
