{
    "child_model_execute_cost_by_ms": [
        18.358999252319336,
        17.07699966430664,
        20.21500015258789
    ],
    "child_model_run_time": [
        [
            33416869,
            33435228
        ],
        [
            33435264,
            33452341
        ],
        [
            33462285,
            33482500
        ]
    ],
    "execute_cost": 55.650997161865234,
    "finish_time": 33482504,
    "limit_cost_by_ms": 44.492332458496094,
    "model_name": "vgg19",
    "recv_time": 33398923,
    "tag": "691",
    "total_cost_by_ms": 83.58100128173828,
    "wait_cost": 27.930004119873047
}
