{
    "child_model_execute_cost_by_ms": [
        13.29800033569336
    ],
    "child_model_run_time": [
        [
            33146056,
            33159354
        ]
    ],
    "execute_cost": 13.29800033569336,
    "finish_time": 33159362,
    "limit_cost_by_ms": 6.9683332443237305,
    "model_name": "gpt128v2",
    "recv_time": 33143196,
    "tag": "695",
    "total_cost_by_ms": 16.166000366210938,
    "wait_cost": 2.868000030517578
}
