{
    "child_model_execute_cost_by_ms": [
        11.670000076293945
    ],
    "child_model_run_time": [
        [
            33159422,
            33171092
        ]
    ],
    "execute_cost": 11.670000076293945,
    "finish_time": 33171102,
    "limit_cost_by_ms": 8.529666900634766,
    "model_name": "googlenet",
    "recv_time": 33126498,
    "tag": "694",
    "total_cost_by_ms": 44.604000091552734,
    "wait_cost": 32.933998107910156
}
