{
    "child_model_execute_cost_by_ms": [
        13.331000328063965
    ],
    "child_model_run_time": [
        [
            33482572,
            33495903
        ]
    ],
    "execute_cost": 13.331000328063965,
    "finish_time": 33495915,
    "limit_cost_by_ms": 6.894999980926514,
    "model_name": "gpt128v2",
    "recv_time": 33472120,
    "tag": "693",
    "total_cost_by_ms": 23.795000076293945,
    "wait_cost": 10.46399974822998
}
