{
    "child_model_execute_cost_by_ms": [
        18.773000717163086,
        19.725000381469727,
        20.125999450683594
    ],
    "child_model_run_time": [
        [
            33079524,
            33098297
        ],
        [
            33126278,
            33146003
        ],
        [
            33171177,
            33191303
        ]
    ],
    "execute_cost": 58.624000549316406,
    "finish_time": 33191309,
    "limit_cost_by_ms": 44.79933166503906,
    "model_name": "vgg19",
    "recv_time": 32993378,
    "tag": "687",
    "total_cost_by_ms": 197.93099975585938,
    "wait_cost": 139.3070068359375
}
