{
    "child_model_execute_cost_by_ms": [
        6.611000061035156
    ],
    "child_model_run_time": [
        [
            33191562,
            33198173
        ]
    ],
    "execute_cost": 6.611000061035156,
    "finish_time": 33198182,
    "limit_cost_by_ms": 5.815999984741211,
    "model_name": "yolov2",
    "recv_time": 33171445,
    "tag": "696",
    "total_cost_by_ms": 26.73699951171875,
    "wait_cost": 20.125999450683594
}
