{
    "child_model_execute_cost_by_ms": [
        14.548999786376953,
        12.779999732971191
    ],
    "child_model_run_time": [
        [
            33198312,
            33212861
        ],
        [
            33212897,
            33225677
        ]
    ],
    "execute_cost": 27.328998565673828,
    "finish_time": 33225683,
    "limit_cost_by_ms": 18.771333694458008,
    "model_name": "resnet50",
    "recv_time": 33193971,
    "tag": "697",
    "total_cost_by_ms": 31.711999893188477,
    "wait_cost": 4.383001327514648
}
