{
    "child_model_execute_cost_by_ms": [
        18.58300018310547,
        16.650999069213867,
        19.12700080871582
    ],
    "child_model_run_time": [
        [
            33532864,
            33551447
        ],
        [
            33551484,
            33568135
        ],
        [
            33568233,
            33587360
        ]
    ],
    "execute_cost": 54.361000061035156,
    "finish_time": 33587363,
    "limit_cost_by_ms": 44.492332458496094,
    "model_name": "vgg19",
    "recv_time": 33526245,
    "tag": "696",
    "total_cost_by_ms": 61.11800003051758,
    "wait_cost": 6.756999969482422
}
