{
    "child_model_execute_cost_by_ms": [
        13.343999862670898
    ],
    "child_model_run_time": [
        [
            33245378,
            33258722
        ]
    ],
    "execute_cost": 13.343999862670898,
    "finish_time": 33258735,
    "limit_cost_by_ms": 6.9683332443237305,
    "model_name": "gpt128v2",
    "recv_time": 33239306,
    "tag": "699",
    "total_cost_by_ms": 19.429000854492188,
    "wait_cost": 6.085000991821289
}
