{
    "child_model_execute_cost_by_ms": [
        11.303999900817871
    ],
    "child_model_run_time": [
        [
            33587430,
            33598734
        ]
    ],
    "execute_cost": 11.303999900817871,
    "finish_time": 33598745,
    "limit_cost_by_ms": 8.904333114624023,
    "model_name": "googlenet",
    "recv_time": 33574386,
    "tag": "697",
    "total_cost_by_ms": 24.358999252319336,
    "wait_cost": 13.054999351501465
}
