{
    "child_model_execute_cost_by_ms": [
        12.10200023651123
    ],
    "child_model_run_time": [
        [
            33258769,
            33270871
        ]
    ],
    "execute_cost": 12.10200023651123,
    "finish_time": 33270881,
    "limit_cost_by_ms": 8.529666900634766,
    "model_name": "googlenet",
    "recv_time": 33247426,
    "tag": "700",
    "total_cost_by_ms": 23.454999923706055,
    "wait_cost": 11.352999687194824
}
