{
    "child_model_execute_cost_by_ms": [
        6.247000217437744
    ],
    "child_model_run_time": [
        [
            33289556,
            33295803
        ]
    ],
    "execute_cost": 6.247000217437744,
    "finish_time": 33295813,
    "limit_cost_by_ms": 5.815999984741211,
    "model_name": "yolov2",
    "recv_time": 33286216,
    "tag": "701",
    "total_cost_by_ms": 9.597000122070313,
    "wait_cost": 3.3499999046325684
}
