{
    "child_model_execute_cost_by_ms": [
        19.479999542236328,
        18.54800033569336,
        19.69499969482422
    ],
    "child_model_run_time": [
        [
            33225750,
            33245230
        ],
        [
            33270960,
            33289508
        ],
        [
            33295908,
            33315603
        ]
    ],
    "execute_cost": 57.722999572753906,
    "finish_time": 33315609,
    "limit_cost_by_ms": 44.79933166503906,
    "model_name": "vgg19",
    "recv_time": 33098378,
    "tag": "693",
    "total_cost_by_ms": 217.2310028076172,
    "wait_cost": 159.50799560546875
}
