{
    "child_model_execute_cost_by_ms": [
        18.124000549316406,
        15.072999954223633
    ],
    "child_model_run_time": [
        [
            17412175,
            17430299
        ],
        [
            17430348,
            17445421
        ]
    ],
    "execute_cost": 33.196998596191406,
    "finish_time": 17445426,
    "limit_cost_by_ms": 18.771333694458008,
    "model_name": "resnet50",
    "recv_time": 17385717,
    "tag": "8",
    "total_cost_by_ms": 59.70899963378906,
    "wait_cost": 26.512001037597656
}
