{
    "child_model_execute_cost_by_ms": [
        6.177000045776367
    ],
    "child_model_run_time": [
        [
            18895390,
            18901567
        ]
    ],
    "execute_cost": 6.177000045776367,
    "finish_time": 18901573,
    "limit_cost_by_ms": 5.815999984741211,
    "model_name": "yolov2",
    "recv_time": 18882582,
    "tag": "74",
    "total_cost_by_ms": 18.990999221801758,
    "wait_cost": 12.81399917602539
}
