{
    "child_model_execute_cost_by_ms": [
        9.645000457763672
    ],
    "child_model_run_time": [
        [
            18973495,
            18983140
        ]
    ],
    "execute_cost": 9.645000457763672,
    "finish_time": 18983151,
    "limit_cost_by_ms": 8.904333114624023,
    "model_name": "googlenet",
    "recv_time": 18966089,
    "tag": "72",
    "total_cost_by_ms": 17.062000274658203,
    "wait_cost": 7.416999816894531
}
