{
    "child_model_execute_cost_by_ms": [
        18.398000717163086,
        16.795000076293945,
        19.542999267578125
    ],
    "child_model_run_time": [
        [
            33649529,
            33667927
        ],
        [
            33668007,
            33684802
        ],
        [
            33684832,
            33704375
        ]
    ],
    "execute_cost": 54.736000061035156,
    "finish_time": 33704379,
    "limit_cost_by_ms": 44.492332458496094,
    "model_name": "vgg19",
    "recv_time": 33645928,
    "tag": "701",
    "total_cost_by_ms": 58.45100021362305,
    "wait_cost": 3.7150001525878906
}
