{
    "child_model_execute_cost_by_ms": [
        14.579000473022461,
        14.128000259399414
    ],
    "child_model_run_time": [
        [
            33315842,
            33330421
        ],
        [
            33330461,
            33344589
        ]
    ],
    "execute_cost": 28.707000732421875,
    "finish_time": 33344595,
    "limit_cost_by_ms": 18.771333694458008,
    "model_name": "resnet50",
    "recv_time": 33306504,
    "tag": "702",
    "total_cost_by_ms": 38.090999603271484,
    "wait_cost": 9.38399887084961
}
