{
    "child_model_execute_cost_by_ms": [
        13.321999549865723
    ],
    "child_model_run_time": [
        [
            33344658,
            33357980
        ]
    ],
    "execute_cost": 13.321999549865723,
    "finish_time": 33357988,
    "limit_cost_by_ms": 6.9683332443237305,
    "model_name": "gpt128v2",
    "recv_time": 33339941,
    "tag": "704",
    "total_cost_by_ms": 18.047000885009766,
    "wait_cost": 4.725001335144043
}
