{
    "child_model_execute_cost_by_ms": [
        9.59000015258789
    ],
    "child_model_run_time": [
        [
            33379378,
            33388968
        ]
    ],
    "execute_cost": 9.59000015258789,
    "finish_time": 33388980,
    "limit_cost_by_ms": 8.529666900634766,
    "model_name": "googlenet",
    "recv_time": 33366314,
    "tag": "705",
    "total_cost_by_ms": 22.666000366210938,
    "wait_cost": 13.076000213623047
}
