{
    "child_model_execute_cost_by_ms": [
        12.373000144958496
    ],
    "child_model_run_time": [
        [
            33717501,
            33729874
        ]
    ],
    "execute_cost": 12.373000144958496,
    "finish_time": 33729878,
    "limit_cost_by_ms": 8.904333114624023,
    "model_name": "googlenet",
    "recv_time": 33691106,
    "tag": "703",
    "total_cost_by_ms": 38.77199935913086,
    "wait_cost": 26.398998260498047
}
