{
    "child_model_execute_cost_by_ms": [
        21.295000076293945,
        17.465999603271484,
        19.051000595092773
    ],
    "child_model_run_time": [
        [
            33358027,
            33379322
        ],
        [
            33389052,
            33406518
        ],
        [
            33406548,
            33425599
        ]
    ],
    "execute_cost": 57.81200408935547,
    "finish_time": 33425603,
    "limit_cost_by_ms": 44.79933166503906,
    "model_name": "vgg19",
    "recv_time": 33206235,
    "tag": "698",
    "total_cost_by_ms": 219.3679962158203,
    "wait_cost": 161.55599975585938
}
