{
    "child_model_execute_cost_by_ms": [
        6.177999973297119
    ],
    "child_model_run_time": [
        [
            33730195,
            33736373
        ]
    ],
    "execute_cost": 6.177999973297119,
    "finish_time": 33736378,
    "limit_cost_by_ms": 5.7816667556762695,
    "model_name": "yolov2",
    "recv_time": 33730136,
    "tag": "704",
    "total_cost_by_ms": 6.242000102996826,
    "wait_cost": 0.06400012969970703
}
