{
    "child_model_execute_cost_by_ms": [
        15.102999687194824,
        13.237000465393066
    ],
    "child_model_run_time": [
        [
            33736714,
            33751817
        ],
        [
            33751856,
            33765093
        ]
    ],
    "execute_cost": 28.34000015258789,
    "finish_time": 33765096,
    "limit_cost_by_ms": 18.256332397460938,
    "model_name": "resnet50",
    "recv_time": 33736657,
    "tag": "705",
    "total_cost_by_ms": 28.43899917602539,
    "wait_cost": 0.0989990234375
}
