{
    "child_model_execute_cost_by_ms": [
        6.704999923706055
    ],
    "child_model_run_time": [
        [
            33425706,
            33432411
        ]
    ],
    "execute_cost": 6.704999923706055,
    "finish_time": 33432423,
    "limit_cost_by_ms": 5.815999984741211,
    "model_name": "yolov2",
    "recv_time": 33410627,
    "tag": "706",
    "total_cost_by_ms": 21.79599952697754,
    "wait_cost": 15.090999603271484
}
