{
    "child_model_execute_cost_by_ms": [
        13.343999862670898
    ],
    "child_model_run_time": [
        [
            33448544,
            33461888
        ]
    ],
    "execute_cost": 13.343999862670898,
    "finish_time": 33461899,
    "limit_cost_by_ms": 6.9683332443237305,
    "model_name": "gpt128v2",
    "recv_time": 33444243,
    "tag": "708",
    "total_cost_by_ms": 17.6560001373291,
    "wait_cost": 4.312000274658203
}
