{
    "child_model_execute_cost_by_ms": [
        18.780000686645508,
        17.94700050354004,
        20.35300064086914
    ],
    "child_model_run_time": [
        [
            33765285,
            33784065
        ],
        [
            33784093,
            33802040
        ],
        [
            33802057,
            33822410
        ]
    ],
    "execute_cost": 57.08000183105469,
    "finish_time": 33822415,
    "limit_cost_by_ms": 44.492332458496094,
    "model_name": "vgg19",
    "recv_time": 33765229,
    "tag": "706",
    "total_cost_by_ms": 57.18600082397461,
    "wait_cost": 0.10599899291992188
}
