{
    "child_model_execute_cost_by_ms": [
        9.548999786376953
    ],
    "child_model_run_time": [
        [
            33496703,
            33506252
        ]
    ],
    "execute_cost": 9.548999786376953,
    "finish_time": 33506264,
    "limit_cost_by_ms": 8.529666900634766,
    "model_name": "googlenet",
    "recv_time": 33482743,
    "tag": "710",
    "total_cost_by_ms": 23.520999908447266,
    "wait_cost": 13.972000122070313
}
