{
    "child_model_execute_cost_by_ms": [
        12.541999816894531
    ],
    "child_model_run_time": [
        [
            33835497,
            33848039
        ]
    ],
    "execute_cost": 12.541999816894531,
    "finish_time": 33848044,
    "limit_cost_by_ms": 8.904333114624023,
    "model_name": "googlenet",
    "recv_time": 33810129,
    "tag": "708",
    "total_cost_by_ms": 37.915000915527344,
    "wait_cost": 25.373001098632813
}
