{
    "child_model_execute_cost_by_ms": [
        18.79599952697754,
        17.66699981689453,
        19.75
    ],
    "child_model_run_time": [
        [
            33477868,
            33496664
        ],
        [
            33506301,
            33523968
        ],
        [
            33523990,
            33543740
        ]
    ],
    "execute_cost": 56.21299743652344,
    "finish_time": 33543745,
    "limit_cost_by_ms": 44.79933166503906,
    "model_name": "vgg19",
    "recv_time": 33334932,
    "tag": "703",
    "total_cost_by_ms": 208.81300354003906,
    "wait_cost": 152.60000610351563
}
