{
    "child_model_execute_cost_by_ms": [
        6.21999979019165
    ],
    "child_model_run_time": [
        [
            33848351,
            33854571
        ]
    ],
    "execute_cost": 6.21999979019165,
    "finish_time": 33854577,
    "limit_cost_by_ms": 5.7816667556762695,
    "model_name": "yolov2",
    "recv_time": 33848323,
    "tag": "709",
    "total_cost_by_ms": 6.254000186920166,
    "wait_cost": 0.034000396728515625
}
