{
    "child_model_execute_cost_by_ms": [
        6.7210001945495605
    ],
    "child_model_run_time": [
        [
            33543796,
            33550517
        ]
    ],
    "execute_cost": 6.7210001945495605,
    "finish_time": 33550527,
    "limit_cost_by_ms": 5.815999984741211,
    "model_name": "yolov2",
    "recv_time": 33524059,
    "tag": "711",
    "total_cost_by_ms": 26.468000411987305,
    "wait_cost": 19.746999740600586
}
