{
    "child_model_execute_cost_by_ms": [
        14.194000244140625,
        13.031999588012695
    ],
    "child_model_run_time": [
        [
            18959263,
            18973457
        ],
        [
            18983206,
            18996238
        ]
    ],
    "execute_cost": 27.22599983215332,
    "finish_time": 18996245,
    "limit_cost_by_ms": 18.256332397460938,
    "model_name": "resnet50",
    "recv_time": 18959214,
    "tag": "71",
    "total_cost_by_ms": 37.03099822998047,
    "wait_cost": 9.804998397827148
}
