{
    "child_model_execute_cost_by_ms": [
        15.156000137329102,
        12.935999870300293
    ],
    "child_model_run_time": [
        [
            18880180,
            18895336
        ],
        [
            18901708,
            18914644
        ]
    ],
    "execute_cost": 28.091999053955078,
    "finish_time": 18914650,
    "limit_cost_by_ms": 18.771333694458008,
    "model_name": "resnet50",
    "recv_time": 18870228,
    "tag": "73",
    "total_cost_by_ms": 44.422000885009766,
    "wait_cost": 16.330001831054688
}
