{
    "child_model_execute_cost_by_ms": [
        13.072999954223633
    ],
    "child_model_run_time": [
        [
            33566781,
            33579854
        ]
    ],
    "execute_cost": 13.072999954223633,
    "finish_time": 33579863,
    "limit_cost_by_ms": 6.9683332443237305,
    "model_name": "gpt128v2",
    "recv_time": 33560603,
    "tag": "714",
    "total_cost_by_ms": 19.260000228881836,
    "wait_cost": 6.187000274658203
}
