{
    "child_model_execute_cost_by_ms": [
        18.937000274658203,
        17.969999313354492,
        20.45400047302246
    ],
    "child_model_run_time": [
        [
            33883470,
            33902407
        ],
        [
            33902511,
            33920481
        ],
        [
            33920557,
            33941011
        ]
    ],
    "execute_cost": 57.361000061035156,
    "finish_time": 33941014,
    "limit_cost_by_ms": 44.492332458496094,
    "model_name": "vgg19",
    "recv_time": 33882935,
    "tag": "711",
    "total_cost_by_ms": 58.07899856567383,
    "wait_cost": 0.7179985046386719
}
