{
    "child_model_execute_cost_by_ms": [
        13.543000221252441
    ],
    "child_model_run_time": [
        [
            33941323,
            33954866
        ]
    ],
    "execute_cost": 13.543000221252441,
    "finish_time": 33954878,
    "limit_cost_by_ms": 6.894999980926514,
    "model_name": "gpt128v2",
    "recv_time": 33921612,
    "tag": "713",
    "total_cost_by_ms": 33.26599884033203,
    "wait_cost": 19.722999572753906
}
