{
    "child_model_execute_cost_by_ms": [
        11.857999801635742
    ],
    "child_model_run_time": [
        [
            33579893,
            33591751
        ]
    ],
    "execute_cost": 11.857999801635742,
    "finish_time": 33591760,
    "limit_cost_by_ms": 8.529666900634766,
    "model_name": "googlenet",
    "recv_time": 33568786,
    "tag": "715",
    "total_cost_by_ms": 22.974000930786133,
    "wait_cost": 11.11600112915039
}
