{
    "child_model_execute_cost_by_ms": [
        16.09600067138672,
        13.756999969482422
    ],
    "child_model_run_time": [
        [
            33550557,
            33566653
        ],
        [
            33591871,
            33605628
        ]
    ],
    "execute_cost": 29.85300064086914,
    "finish_time": 33605636,
    "limit_cost_by_ms": 18.771333694458008,
    "model_name": "resnet50",
    "recv_time": 33527171,
    "tag": "712",
    "total_cost_by_ms": 78.46499633789063,
    "wait_cost": 48.611995697021484
}
