{
    "child_model_execute_cost_by_ms": [
        6.172999858856201
    ],
    "child_model_run_time": [
        [
            33641524,
            33647697
        ]
    ],
    "execute_cost": 6.172999858856201,
    "finish_time": 33647706,
    "limit_cost_by_ms": 5.815999984741211,
    "model_name": "yolov2",
    "recv_time": 33639470,
    "tag": "718",
    "total_cost_by_ms": 8.236000061035156,
    "wait_cost": 2.063000202178955
}
