{
    "child_model_execute_cost_by_ms": [
        6.245999813079834
    ],
    "child_model_run_time": [
        [
            33968101,
            33974347
        ]
    ],
    "execute_cost": 6.245999813079834,
    "finish_time": 33974351,
    "limit_cost_by_ms": 5.7816667556762695,
    "model_name": "yolov2",
    "recv_time": 33968037,
    "tag": "714",
    "total_cost_by_ms": 6.314000129699707,
    "wait_cost": 0.06800031661987305
}
