{
    "child_model_execute_cost_by_ms": [
        14.562000274658203,
        13.35099983215332
    ],
    "child_model_run_time": [
        [
            33974725,
            33989287
        ],
        [
            33989314,
            34002665
        ]
    ],
    "execute_cost": 27.913000106811523,
    "finish_time": 34002670,
    "limit_cost_by_ms": 18.256332397460938,
    "model_name": "resnet50",
    "recv_time": 33974713,
    "tag": "715",
    "total_cost_by_ms": 27.957000732421875,
    "wait_cost": 0.04400062561035156
}
