{
    "child_model_execute_cost_by_ms": [
        15.001999855041504,
        13.946999549865723
    ],
    "child_model_run_time": [
        [
            33647728,
            33662730
        ],
        [
            33662759,
            33676706
        ]
    ],
    "execute_cost": 28.948999404907227,
    "finish_time": 33676712,
    "limit_cost_by_ms": 18.771333694458008,
    "model_name": "resnet50",
    "recv_time": 33627308,
    "tag": "716",
    "total_cost_by_ms": 49.40399932861328,
    "wait_cost": 20.454999923706055
}
