{
    "child_model_execute_cost_by_ms": [
        18.384000778198242,
        17.87700080871582,
        20.503000259399414
    ],
    "child_model_run_time": [
        [
            34002747,
            34021131
        ],
        [
            34021165,
            34039042
        ],
        [
            34039075,
            34059578
        ]
    ],
    "execute_cost": 56.763999938964844,
    "finish_time": 34059581,
    "limit_cost_by_ms": 44.492332458496094,
    "model_name": "vgg19",
    "recv_time": 33997386,
    "tag": "716",
    "total_cost_by_ms": 62.19499969482422,
    "wait_cost": 5.430999755859375
}
