{
    "child_model_execute_cost_by_ms": [
        13.711000442504883
    ],
    "child_model_run_time": [
        [
            33676756,
            33690467
        ]
    ],
    "execute_cost": 13.711000442504883,
    "finish_time": 33690480,
    "limit_cost_by_ms": 6.9683332443237305,
    "model_name": "gpt128v2",
    "recv_time": 33664772,
    "tag": "719",
    "total_cost_by_ms": 25.70800018310547,
    "wait_cost": 11.996999740600586
}
