{
    "child_model_execute_cost_by_ms": [
        12.015999794006348
    ],
    "child_model_run_time": [
        [
            33690505,
            33702521
        ]
    ],
    "execute_cost": 12.015999794006348,
    "finish_time": 33702533,
    "limit_cost_by_ms": 8.529666900634766,
    "model_name": "googlenet",
    "recv_time": 33681140,
    "tag": "720",
    "total_cost_by_ms": 21.39299964904785,
    "wait_cost": 9.376999855041504
}
