{
    "child_model_execute_cost_by_ms": [
        12.781000137329102
    ],
    "child_model_run_time": [
        [
            34073036,
            34085817
        ]
    ],
    "execute_cost": 12.781000137329102,
    "finish_time": 34085821,
    "limit_cost_by_ms": 8.904333114624023,
    "model_name": "googlenet",
    "recv_time": 34054545,
    "tag": "718",
    "total_cost_by_ms": 31.275999069213867,
    "wait_cost": 18.494998931884766
}
