{
    "child_model_execute_cost_by_ms": [
        18.648000717163086,
        17.09000015258789,
        19.85700035095215
    ],
    "child_model_run_time": [
        [
            33605675,
            33624323
        ],
        [
            33624345,
            33641435
        ],
        [
            33702548,
            33722405
        ]
    ],
    "execute_cost": 55.595001220703125,
    "finish_time": 33722412,
    "limit_cost_by_ms": 44.79933166503906,
    "model_name": "vgg19",
    "recv_time": 33448612,
    "tag": "709",
    "total_cost_by_ms": 273.79998779296875,
    "wait_cost": 218.20498657226563
}
