{
    "child_model_execute_cost_by_ms": [
        45.12699890136719
    ],
    "child_model_run_time": [
        [
            33722435,
            33767562
        ]
    ],
    "execute_cost": 45.12699890136719,
    "finish_time": 33767567,
    "limit_cost_by_ms": 44.79933166503906,
    "model_name": "vgg19",
    "recv_time": 33547412,
    "tag": "713",
    "total_cost_by_ms": 220.15499877929688,
    "wait_cost": 175.0279998779297
}
