{
    "child_model_execute_cost_by_ms": [
        6.796999931335449
    ],
    "child_model_run_time": [
        [
            33783887,
            33790684
        ]
    ],
    "execute_cost": 6.796999931335449,
    "finish_time": 33790695,
    "limit_cost_by_ms": 5.815999984741211,
    "model_name": "yolov2",
    "recv_time": 33768623,
    "tag": "723",
    "total_cost_by_ms": 22.07200050354004,
    "wait_cost": 15.27500057220459
}
