{
    "child_model_execute_cost_by_ms": [
        19.17300033569336,
        18.410999298095703,
        19.017000198364258
    ],
    "child_model_run_time": [
        [
            18835290,
            18854463
        ],
        [
            18914705,
            18933116
        ],
        [
            18933148,
            18952165
        ]
    ],
    "execute_cost": 56.60099792480469,
    "finish_time": 18952169,
    "limit_cost_by_ms": 44.79933166503906,
    "model_name": "vgg19",
    "recv_time": 18738033,
    "tag": "66",
    "total_cost_by_ms": 214.13600158691406,
    "wait_cost": 157.53500366210938
}
