{
    "child_model_execute_cost_by_ms": [
        13.305000305175781
    ],
    "child_model_run_time": [
        [
            33790800,
            33804105
        ]
    ],
    "execute_cost": 13.305000305175781,
    "finish_time": 33804115,
    "limit_cost_by_ms": 6.9683332443237305,
    "model_name": "gpt128v2",
    "recv_time": 33773724,
    "tag": "724",
    "total_cost_by_ms": 30.391000747680664,
    "wait_cost": 17.086000442504883
}
