{
    "child_model_execute_cost_by_ms": [
        18.618000030517578,
        17.416000366210938,
        20.035999298095703
    ],
    "child_model_run_time": [
        [
            34121628,
            34140246
        ],
        [
            34140283,
            34157699
        ],
        [
            34157709,
            34177745
        ]
    ],
    "execute_cost": 56.06999969482422,
    "finish_time": 34177749,
    "limit_cost_by_ms": 44.492332458496094,
    "model_name": "vgg19",
    "recv_time": 34121564,
    "tag": "721",
    "total_cost_by_ms": 56.185001373291016,
    "wait_cost": 0.11500167846679688
}
