{
    "child_model_execute_cost_by_ms": [
        12.180000305175781
    ],
    "child_model_run_time": [
        [
            33804214,
            33816394
        ]
    ],
    "execute_cost": 12.180000305175781,
    "finish_time": 33816404,
    "limit_cost_by_ms": 8.529666900634766,
    "model_name": "googlenet",
    "recv_time": 33793989,
    "tag": "725",
    "total_cost_by_ms": 22.415000915527344,
    "wait_cost": 10.235000610351563
}
