{
    "child_model_execute_cost_by_ms": [
        16.14299964904785,
        13.722999572753906
    ],
    "child_model_run_time": [
        [
            33767677,
            33783820
        ],
        [
            33816540,
            33830263
        ]
    ],
    "execute_cost": 29.865999221801758,
    "finish_time": 33830272,
    "limit_cost_by_ms": 18.771333694458008,
    "model_name": "resnet50",
    "recv_time": 33736215,
    "tag": "722",
    "total_cost_by_ms": 94.05699920654297,
    "wait_cost": 64.19100189208984
}
