{
    "child_model_execute_cost_by_ms": [
        12.598999977111816
    ],
    "child_model_run_time": [
        [
            34190799,
            34203398
        ]
    ],
    "execute_cost": 12.598999977111816,
    "finish_time": 34203402,
    "limit_cost_by_ms": 8.904333114624023,
    "model_name": "googlenet",
    "recv_time": 34160241,
    "tag": "723",
    "total_cost_by_ms": 43.1609992980957,
    "wait_cost": 30.562000274658203
}
