{
    "child_model_execute_cost_by_ms": [
        6.202000141143799
    ],
    "child_model_run_time": [
        [
            34203782,
            34209984
        ]
    ],
    "execute_cost": 6.202000141143799,
    "finish_time": 34209989,
    "limit_cost_by_ms": 5.7816667556762695,
    "model_name": "yolov2",
    "recv_time": 34203670,
    "tag": "724",
    "total_cost_by_ms": 6.318999767303467,
    "wait_cost": 0.11699962615966797
}
