{
    "child_model_execute_cost_by_ms": [
        12.402999877929688
    ],
    "child_model_run_time": [
        [
            33882191,
            33894594
        ]
    ],
    "execute_cost": 12.402999877929688,
    "finish_time": 33894603,
    "limit_cost_by_ms": 6.9683332443237305,
    "model_name": "gpt128v2",
    "recv_time": 33882162,
    "tag": "728",
    "total_cost_by_ms": 12.440999984741211,
    "wait_cost": 0.03800010681152344
}
