{
    "child_model_execute_cost_by_ms": [
        15.439000129699707,
        13.84000015258789
    ],
    "child_model_run_time": [
        [
            34210356,
            34225795
        ],
        [
            34225836,
            34239676
        ]
    ],
    "execute_cost": 29.27899932861328,
    "finish_time": 34239679,
    "limit_cost_by_ms": 18.256332397460938,
    "model_name": "resnet50",
    "recv_time": 34210298,
    "tag": "725",
    "total_cost_by_ms": 29.381000518798828,
    "wait_cost": 0.10200119018554688
}
