{
    "child_model_execute_cost_by_ms": [
        12.013999938964844
    ],
    "child_model_run_time": [
        [
            33894626,
            33906640
        ]
    ],
    "execute_cost": 12.013999938964844,
    "finish_time": 33906651,
    "limit_cost_by_ms": 8.529666900634766,
    "model_name": "googlenet",
    "recv_time": 33887050,
    "tag": "729",
    "total_cost_by_ms": 19.60099983215332,
    "wait_cost": 7.586999893188477
}
