{
    "child_model_execute_cost_by_ms": [
        6.484000205993652
    ],
    "child_model_run_time": [
        [
            33906763,
            33913247
        ]
    ],
    "execute_cost": 6.484000205993652,
    "finish_time": 33913257,
    "limit_cost_by_ms": 5.815999984741211,
    "model_name": "yolov2",
    "recv_time": 33901314,
    "tag": "730",
    "total_cost_by_ms": 11.942999839782715,
    "wait_cost": 5.4589996337890625
}
