{
    "child_model_execute_cost_by_ms": [
        14.996000289916992,
        13.795999526977539
    ],
    "child_model_run_time": [
        [
            33866356,
            33881352
        ],
        [
            33913274,
            33927070
        ]
    ],
    "execute_cost": 28.79199981689453,
    "finish_time": 33927077,
    "limit_cost_by_ms": 18.771333694458008,
    "model_name": "resnet50",
    "recv_time": 33856992,
    "tag": "727",
    "total_cost_by_ms": 70.08499908447266,
    "wait_cost": 41.292999267578125
}
