{
    "child_model_execute_cost_by_ms": [
        18.724000930786133,
        17.030000686645508,
        19.624000549316406
    ],
    "child_model_run_time": [
        [
            33830371,
            33849095
        ],
        [
            33849181,
            33866211
        ],
        [
            33927149,
            33946773
        ]
    ],
    "execute_cost": 55.37800216674805,
    "finish_time": 33946779,
    "limit_cost_by_ms": 44.79933166503906,
    "model_name": "vgg19",
    "recv_time": 33635375,
    "tag": "717",
    "total_cost_by_ms": 311.40399169921875,
    "wait_cost": 256.0260009765625
}
