{
    "child_model_execute_cost_by_ms": [
        20.1200008392334,
        19.06999969482422,
        19.606000900268555
    ],
    "child_model_run_time": [
        [
            34239994,
            34260114
        ],
        [
            34286682,
            34305752
        ],
        [
            34305833,
            34325439
        ]
    ],
    "execute_cost": 58.79600524902344,
    "finish_time": 34325441,
    "limit_cost_by_ms": 44.492332458496094,
    "model_name": "vgg19",
    "recv_time": 34239935,
    "tag": "726",
    "total_cost_by_ms": 85.50599670410156,
    "wait_cost": 26.709991455078125
}
