{
    "child_model_execute_cost_by_ms": [
        10.62600040435791
    ],
    "child_model_run_time": [
        [
            33996628,
            34007254
        ]
    ],
    "execute_cost": 10.62600040435791,
    "finish_time": 34007263,
    "limit_cost_by_ms": 8.529666900634766,
    "model_name": "googlenet",
    "recv_time": 33986294,
    "tag": "733",
    "total_cost_by_ms": 20.9689998626709,
    "wait_cost": 10.342999458312988
}
