{
    "child_model_execute_cost_by_ms": [
        14.913000106811523,
        13.151000022888184
    ],
    "child_model_run_time": [
        [
            34332384,
            34347297
        ],
        [
            34347338,
            34360489
        ]
    ],
    "execute_cost": 28.06399917602539,
    "finish_time": 34360496,
    "limit_cost_by_ms": 18.256332397460938,
    "model_name": "resnet50",
    "recv_time": 34332336,
    "tag": "730",
    "total_cost_by_ms": 28.15999984741211,
    "wait_cost": 0.09600067138671875
}
