{
    "child_model_execute_cost_by_ms": [
        13.628999710083008
    ],
    "child_model_run_time": [
        [
            34007374,
            34021003
        ]
    ],
    "execute_cost": 13.628999710083008,
    "finish_time": 34021015,
    "limit_cost_by_ms": 6.9683332443237305,
    "model_name": "gpt128v2",
    "recv_time": 33997434,
    "tag": "734",
    "total_cost_by_ms": 23.58099937438965,
    "wait_cost": 9.95199966430664
}
