{
    "child_model_execute_cost_by_ms": [
        18.43199920654297,
        17.582000732421875,
        19.165000915527344
    ],
    "child_model_run_time": [
        [
            18996318,
            19014750
        ],
        [
            19021002,
            19038584
        ],
        [
            19038610,
            19057775
        ]
    ],
    "execute_cost": 55.17900085449219,
    "finish_time": 19057777,
    "limit_cost_by_ms": 44.492332458496094,
    "model_name": "vgg19",
    "recv_time": 18978153,
    "tag": "73",
    "total_cost_by_ms": 79.6240005493164,
    "wait_cost": 24.44499969482422
}
