{
    "child_model_execute_cost_by_ms": [
        9.89799976348877
    ],
    "child_model_run_time": [
        [
            18969639,
            18979537
        ]
    ],
    "execute_cost": 9.89799976348877,
    "finish_time": 18979547,
    "limit_cost_by_ms": 8.529666900634766,
    "model_name": "googlenet",
    "recv_time": 18967498,
    "tag": "76",
    "total_cost_by_ms": 12.048999786376953,
    "wait_cost": 2.1510000228881836
}
