{
    "child_model_execute_cost_by_ms": [
        13.128000259399414
    ],
    "child_model_run_time": [
        [
            34380144,
            34393272
        ]
    ],
    "execute_cost": 13.128000259399414,
    "finish_time": 34393280,
    "limit_cost_by_ms": 6.894999980926514,
    "model_name": "gpt128v2",
    "recv_time": 34371080,
    "tag": "733",
    "total_cost_by_ms": 22.200000762939453,
    "wait_cost": 9.072000503540039
}
