{
    "child_model_execute_cost_by_ms": [
        8.456000328063965
    ],
    "child_model_run_time": [
        [
            34021139,
            34029595
        ]
    ],
    "execute_cost": 8.456000328063965,
    "finish_time": 34029607,
    "limit_cost_by_ms": 5.815999984741211,
    "model_name": "yolov2",
    "recv_time": 34007783,
    "tag": "735",
    "total_cost_by_ms": 21.823999404907227,
    "wait_cost": 13.367999076843262
}
