{
    "child_model_execute_cost_by_ms": [
        14.484000205993652,
        13.741999626159668
    ],
    "child_model_run_time": [
        [
            33982092,
            33996576
        ],
        [
            34029682,
            34043424
        ]
    ],
    "execute_cost": 28.22599983215332,
    "finish_time": 34043433,
    "limit_cost_by_ms": 18.771333694458008,
    "model_name": "resnet50",
    "recv_time": 33974235,
    "tag": "732",
    "total_cost_by_ms": 69.197998046875,
    "wait_cost": 40.97200012207031
}
