{
    "child_model_execute_cost_by_ms": [
        18.156999588012695,
        17.027999877929688,
        19.80500030517578
    ],
    "child_model_run_time": [
        [
            33946842,
            33964999
        ],
        [
            33965027,
            33982055
        ],
        [
            34043453,
            34063258
        ]
    ],
    "execute_cost": 54.98999786376953,
    "finish_time": 34063264,
    "limit_cost_by_ms": 44.79933166503906,
    "model_name": "vgg19",
    "recv_time": 33736137,
    "tag": "721",
    "total_cost_by_ms": 327.12701416015625,
    "wait_cost": 272.13702392578125
}
