{
    "child_model_execute_cost_by_ms": [
        19.509000778198242,
        18.3700008392334,
        19.007999420166016
    ],
    "child_model_run_time": [
        [
            34360557,
            34380066
        ],
        [
            34405349,
            34423719
        ],
        [
            34423747,
            34442755
        ]
    ],
    "execute_cost": 56.887001037597656,
    "finish_time": 34442757,
    "limit_cost_by_ms": 44.492332458496094,
    "model_name": "vgg19",
    "recv_time": 34353802,
    "tag": "731",
    "total_cost_by_ms": 88.95500183105469,
    "wait_cost": 32.06800079345703
}
