{
    "child_model_execute_cost_by_ms": [
        45.53099822998047
    ],
    "child_model_run_time": [
        [
            34063288,
            34108819
        ]
    ],
    "execute_cost": 45.53099822998047,
    "finish_time": 34108823,
    "limit_cost_by_ms": 44.79933166503906,
    "model_name": "vgg19",
    "recv_time": 33849235,
    "tag": "726",
    "total_cost_by_ms": 259.5880126953125,
    "wait_cost": 214.0570068359375
}
