{
    "child_model_execute_cost_by_ms": [
        6.435999870300293
    ],
    "child_model_run_time": [
        [
            34443097,
            34449533
        ]
    ],
    "execute_cost": 6.435999870300293,
    "finish_time": 34449538,
    "limit_cost_by_ms": 5.7816667556762695,
    "model_name": "yolov2",
    "recv_time": 34443046,
    "tag": "734",
    "total_cost_by_ms": 6.492000102996826,
    "wait_cost": 0.0560002326965332
}
