{
    "child_model_execute_cost_by_ms": [
        11.425999641418457
    ],
    "child_model_run_time": [
        [
            34108862,
            34120288
        ]
    ],
    "execute_cost": 11.425999641418457,
    "finish_time": 34120299,
    "limit_cost_by_ms": 8.529666900634766,
    "model_name": "googlenet",
    "recv_time": 34098729,
    "tag": "737",
    "total_cost_by_ms": 21.56999969482422,
    "wait_cost": 10.144000053405762
}
