{
    "child_model_execute_cost_by_ms": [
        13.260000228881836
    ],
    "child_model_run_time": [
        [
            34120360,
            34133620
        ]
    ],
    "execute_cost": 13.260000228881836,
    "finish_time": 34133629,
    "limit_cost_by_ms": 6.9683332443237305,
    "model_name": "gpt128v2",
    "recv_time": 34115889,
    "tag": "739",
    "total_cost_by_ms": 17.739999771118164,
    "wait_cost": 4.479999542236328
}
