{
    "child_model_execute_cost_by_ms": [
        18.56599998474121,
        16.645999908447266,
        18.68199920654297
    ],
    "child_model_run_time": [
        [
            34504599,
            34523165
        ],
        [
            34523244,
            34539890
        ],
        [
            34539918,
            34558600
        ]
    ],
    "execute_cost": 53.89399719238281,
    "finish_time": 34558602,
    "limit_cost_by_ms": 44.492332458496094,
    "model_name": "vgg19",
    "recv_time": 34460858,
    "tag": "736",
    "total_cost_by_ms": 97.74400329589844,
    "wait_cost": 43.850006103515625
}
