{
    "child_model_execute_cost_by_ms": [
        17.445999145507813,
        13.607999801635742
    ],
    "child_model_run_time": [
        [
            34133684,
            34151130
        ],
        [
            34157769,
            34171377
        ]
    ],
    "execute_cost": 31.053998947143555,
    "finish_time": 34171386,
    "limit_cost_by_ms": 18.771333694458008,
    "model_name": "resnet50",
    "recv_time": 34098816,
    "tag": "738",
    "total_cost_by_ms": 72.56999969482422,
    "wait_cost": 41.51599884033203
}
