{
    "child_model_execute_cost_by_ms": [
        18.73200035095215,
        16.886999130249023,
        20.107999801635742
    ],
    "child_model_run_time": [
        [
            34171460,
            34190192
        ],
        [
            34190275,
            34207162
        ],
        [
            34207171,
            34227279
        ]
    ],
    "execute_cost": 55.72699737548828,
    "finish_time": 34227282,
    "limit_cost_by_ms": 44.79933166503906,
    "model_name": "vgg19",
    "recv_time": 33958132,
    "tag": "731",
    "total_cost_by_ms": 269.1499938964844,
    "wait_cost": 213.42300415039063
}
