{
    "child_model_execute_cost_by_ms": [
        13.272000312805176
    ],
    "child_model_run_time": [
        [
            34227478,
            34240750
        ]
    ],
    "execute_cost": 13.272000312805176,
    "finish_time": 34240759,
    "limit_cost_by_ms": 6.9683332443237305,
    "model_name": "gpt128v2",
    "recv_time": 34219930,
    "tag": "744",
    "total_cost_by_ms": 20.82900047302246,
    "wait_cost": 7.557000160217285
}
