{
    "child_model_execute_cost_by_ms": [
        13.397000312805176
    ],
    "child_model_run_time": [
        [
            18997537,
            19010934
        ]
    ],
    "execute_cost": 13.397000312805176,
    "finish_time": 19010946,
    "limit_cost_by_ms": 6.9683332443237305,
    "model_name": "gpt128v2",
    "recv_time": 18980615,
    "tag": "77",
    "total_cost_by_ms": 30.33099937438965,
    "wait_cost": 16.933998107910156
}
