{
    "child_model_execute_cost_by_ms": [
        12.883000373840332
    ],
    "child_model_run_time": [
        [
            19059102,
            19071985
        ]
    ],
    "execute_cost": 12.883000373840332,
    "finish_time": 19071989,
    "limit_cost_by_ms": 6.894999980926514,
    "model_name": "gpt128v2",
    "recv_time": 19059007,
    "tag": "75",
    "total_cost_by_ms": 12.982000350952148,
    "wait_cost": 0.0989999771118164
}
