{
    "child_model_execute_cost_by_ms": [
        8.717000007629395
    ],
    "child_model_run_time": [
        [
            34241087,
            34249804
        ]
    ],
    "execute_cost": 8.717000007629395,
    "finish_time": 34249814,
    "limit_cost_by_ms": 5.815999984741211,
    "model_name": "yolov2",
    "recv_time": 34236429,
    "tag": "745",
    "total_cost_by_ms": 13.385000228881836,
    "wait_cost": 4.668000221252441
}
