{
    "child_model_execute_cost_by_ms": [
        10.003000259399414
    ],
    "child_model_run_time": [
        [
            34594201,
            34604204
        ]
    ],
    "execute_cost": 10.003000259399414,
    "finish_time": 34604214,
    "limit_cost_by_ms": 8.904333114624023,
    "model_name": "googlenet",
    "recv_time": 34594131,
    "tag": "741",
    "total_cost_by_ms": 10.083000183105469,
    "wait_cost": 0.07999992370605469
}
