{
    "child_model_execute_cost_by_ms": [
        10.125
    ],
    "child_model_run_time": [
        [
            34249971,
            34260096
        ]
    ],
    "execute_cost": 10.125,
    "finish_time": 34260105,
    "limit_cost_by_ms": 8.529666900634766,
    "model_name": "googlenet",
    "recv_time": 34207252,
    "tag": "742",
    "total_cost_by_ms": 52.85300064086914,
    "wait_cost": 42.72800064086914
}
