{
    "child_model_execute_cost_by_ms": [
        14.741999626159668,
        13.109999656677246
    ],
    "child_model_run_time": [
        [
            34260166,
            34274908
        ],
        [
            34274937,
            34288047
        ]
    ],
    "execute_cost": 27.851999282836914,
    "finish_time": 34288052,
    "limit_cost_by_ms": 18.771333694458008,
    "model_name": "resnet50",
    "recv_time": 34214998,
    "tag": "743",
    "total_cost_by_ms": 73.05400085449219,
    "wait_cost": 45.202003479003906
}
