{
    "child_model_execute_cost_by_ms": [
        18.077999114990234,
        18.224000930786133,
        21.410999298095703
    ],
    "child_model_run_time": [
        [
            34604355,
            34622433
        ],
        [
            34622462,
            34640686
        ],
        [
            34653826,
            34675237
        ]
    ],
    "execute_cost": 57.7130012512207,
    "finish_time": 34675238,
    "limit_cost_by_ms": 44.492332458496094,
    "model_name": "vgg19",
    "recv_time": 34594252,
    "tag": "742",
    "total_cost_by_ms": 80.98600006103516,
    "wait_cost": 23.272998809814453
}
