{
    "child_model_execute_cost_by_ms": [
        10.659000396728516
    ],
    "child_model_run_time": [
        [
            34324246,
            34334905
        ]
    ],
    "execute_cost": 10.659000396728516,
    "finish_time": 34334916,
    "limit_cost_by_ms": 8.529666900634766,
    "model_name": "googlenet",
    "recv_time": 34311707,
    "tag": "747",
    "total_cost_by_ms": 23.208999633789063,
    "wait_cost": 12.549999237060547
}
