{
    "child_model_execute_cost_by_ms": [
        12.906999588012695,
        12.82800006866455
    ],
    "child_model_run_time": [
        [
            34675523,
            34688430
        ],
        [
            34688462,
            34701290
        ]
    ],
    "execute_cost": 25.735000610351563,
    "finish_time": 34701293,
    "limit_cost_by_ms": 18.256332397460938,
    "model_name": "resnet50",
    "recv_time": 34675470,
    "tag": "744",
    "total_cost_by_ms": 25.822999954223633,
    "wait_cost": 0.08799934387207031
}
