{
    "child_model_execute_cost_by_ms": [
        13.67300033569336
    ],
    "child_model_run_time": [
        [
            34335016,
            34348689
        ]
    ],
    "execute_cost": 13.67300033569336,
    "finish_time": 34348702,
    "limit_cost_by_ms": 6.9683332443237305,
    "model_name": "gpt128v2",
    "recv_time": 34328626,
    "tag": "748",
    "total_cost_by_ms": 20.076000213623047,
    "wait_cost": 6.4029998779296875
}
