{
    "child_model_execute_cost_by_ms": [
        6.4120001792907715
    ],
    "child_model_run_time": [
        [
            34701478,
            34707890
        ]
    ],
    "execute_cost": 6.4120001792907715,
    "finish_time": 34707894,
    "limit_cost_by_ms": 5.7816667556762695,
    "model_name": "yolov2",
    "recv_time": 34690478,
    "tag": "745",
    "total_cost_by_ms": 17.416000366210938,
    "wait_cost": 11.003999710083008
}
