{
    "child_model_execute_cost_by_ms": [
        10.300999641418457
    ],
    "child_model_run_time": [
        [
            34725623,
            34735924
        ]
    ],
    "execute_cost": 10.300999641418457,
    "finish_time": 34735934,
    "limit_cost_by_ms": 8.904333114624023,
    "model_name": "googlenet",
    "recv_time": 34708329,
    "tag": "747",
    "total_cost_by_ms": 27.604999542236328,
    "wait_cost": 17.304000854492188
}
