{
    "child_model_execute_cost_by_ms": [
        8.744999885559082
    ],
    "child_model_run_time": [
        [
            34348837,
            34357582
        ]
    ],
    "execute_cost": 8.744999885559082,
    "finish_time": 34357592,
    "limit_cost_by_ms": 5.815999984741211,
    "model_name": "yolov2",
    "recv_time": 34341071,
    "tag": "750",
    "total_cost_by_ms": 16.520999908447266,
    "wait_cost": 7.776000022888184
}
