{
    "child_model_execute_cost_by_ms": [
        15.46399974822998,
        13.184000015258789
    ],
    "child_model_run_time": [
        [
            34357721,
            34373185
        ],
        [
            34373230,
            34386414
        ]
    ],
    "execute_cost": 28.647998809814453,
    "finish_time": 34386419,
    "limit_cost_by_ms": 18.771333694458008,
    "model_name": "resnet50",
    "recv_time": 34332771,
    "tag": "749",
    "total_cost_by_ms": 53.64799880981445,
    "wait_cost": 25.0
}
