{
    "child_model_execute_cost_by_ms": [
        18.56800079345703,
        17.349000930786133,
        19.757999420166016
    ],
    "child_model_run_time": [
        [
            34288254,
            34306822
        ],
        [
            34306859,
            34324208
        ],
        [
            34386499,
            34406257
        ]
    ],
    "execute_cost": 55.67499923706055,
    "finish_time": 34406263,
    "limit_cost_by_ms": 44.79933166503906,
    "model_name": "vgg19",
    "recv_time": 34058465,
    "tag": "736",
    "total_cost_by_ms": 347.7980041503906,
    "wait_cost": 292.1230163574219
}
