{
    "child_model_execute_cost_by_ms": [
        17.288999557495117,
        16.791000366210938,
        21.35099983215332
    ],
    "child_model_run_time": [
        [
            34708287,
            34725576
        ],
        [
            34735961,
            34752752
        ],
        [
            34768125,
            34789476
        ]
    ],
    "execute_cost": 55.430999755859375,
    "finish_time": 34789478,
    "limit_cost_by_ms": 44.492332458496094,
    "model_name": "vgg19",
    "recv_time": 34708233,
    "tag": "746",
    "total_cost_by_ms": 81.24500274658203,
    "wait_cost": 25.814002990722656
}
