{
    "child_model_execute_cost_by_ms": [
        10.005999565124512
    ],
    "child_model_run_time": [
        [
            34406342,
            34416348
        ]
    ],
    "execute_cost": 10.005999565124512,
    "finish_time": 34416358,
    "limit_cost_by_ms": 8.529666900634766,
    "model_name": "googlenet",
    "recv_time": 34396006,
    "tag": "752",
    "total_cost_by_ms": 20.351999282836914,
    "wait_cost": 10.345999717712402
}
