{
    "child_model_execute_cost_by_ms": [
        46.30799865722656
    ],
    "child_model_run_time": [
        [
            34416432,
            34462740
        ]
    ],
    "execute_cost": 46.30799865722656,
    "finish_time": 34462744,
    "limit_cost_by_ms": 44.79933166503906,
    "model_name": "vgg19",
    "recv_time": 34178802,
    "tag": "741",
    "total_cost_by_ms": 283.9419860839844,
    "wait_cost": 237.6339874267578
}
