{
    "child_model_execute_cost_by_ms": [
        9.902000427246094
    ],
    "child_model_run_time": [
        [
            19074236,
            19084138
        ]
    ],
    "execute_cost": 9.902000427246094,
    "finish_time": 19084148,
    "limit_cost_by_ms": 8.904333114624023,
    "model_name": "googlenet",
    "recv_time": 19074185,
    "tag": "76",
    "total_cost_by_ms": 9.963000297546387,
    "wait_cost": 0.06099987030029297
}
