{
    "child_model_execute_cost_by_ms": [
        7.145999908447266
    ],
    "child_model_run_time": [
        [
            34462841,
            34469987
        ]
    ],
    "execute_cost": 7.145999908447266,
    "finish_time": 34469997,
    "limit_cost_by_ms": 5.815999984741211,
    "model_name": "yolov2",
    "recv_time": 34453547,
    "tag": "755",
    "total_cost_by_ms": 16.450000762939453,
    "wait_cost": 9.304000854492188
}
