{
    "child_model_execute_cost_by_ms": [
        17.2450008392334,
        18.493000030517578,
        21.756000518798828
    ],
    "child_model_run_time": [
        [
            34818131,
            34835376
        ],
        [
            34851985,
            34870478
        ],
        [
            34883964,
            34905720
        ]
    ],
    "execute_cost": 57.49399948120117,
    "finish_time": 34905722,
    "limit_cost_by_ms": 44.492332458496094,
    "model_name": "vgg19",
    "recv_time": 34818085,
    "tag": "750",
    "total_cost_by_ms": 87.63700103759766,
    "wait_cost": 30.143001556396484
}
