{
    "child_model_execute_cost_by_ms": [
        17.97100067138672,
        13.059000015258789
    ],
    "child_model_run_time": [
        [
            34483675,
            34501646
        ],
        [
            34501709,
            34514768
        ]
    ],
    "execute_cost": 31.030000686645508,
    "finish_time": 34514773,
    "limit_cost_by_ms": 18.771333694458008,
    "model_name": "resnet50",
    "recv_time": 34437427,
    "tag": "754",
    "total_cost_by_ms": 77.34600067138672,
    "wait_cost": 46.316001892089844
}
