{
    "child_model_execute_cost_by_ms": [
        9.83899974822998
    ],
    "child_model_run_time": [
        [
            34514868,
            34524707
        ]
    ],
    "execute_cost": 9.83899974822998,
    "finish_time": 34524716,
    "limit_cost_by_ms": 8.529666900634766,
    "model_name": "googlenet",
    "recv_time": 34508324,
    "tag": "757",
    "total_cost_by_ms": 16.392000198364258,
    "wait_cost": 6.553000450134277
}
