{
    "child_model_execute_cost_by_ms": [
        45.369998931884766
    ],
    "child_model_run_time": [
        [
            34524794,
            34570164
        ]
    ],
    "execute_cost": 45.369998931884766,
    "finish_time": 34570169,
    "limit_cost_by_ms": 44.79933166503906,
    "model_name": "vgg19",
    "recv_time": 34299669,
    "tag": "746",
    "total_cost_by_ms": 270.5,
    "wait_cost": 225.1300048828125
}
