{
    "child_model_execute_cost_by_ms": [
        16.309999465942383
    ],
    "child_model_run_time": [
        [
            34570232,
            34586542
        ]
    ],
    "execute_cost": 16.309999465942383,
    "finish_time": 34586550,
    "limit_cost_by_ms": 6.9683332443237305,
    "model_name": "gpt128v2",
    "recv_time": 34541706,
    "tag": "758",
    "total_cost_by_ms": 44.84400177001953,
    "wait_cost": 28.53400230407715
}
