{
    "child_model_execute_cost_by_ms": [
        9.637999534606934
    ],
    "child_model_run_time": [
        [
            34995432,
            35005070
        ]
    ],
    "execute_cost": 9.637999534606934,
    "finish_time": 35005078,
    "limit_cost_by_ms": 8.904333114624023,
    "model_name": "googlenet",
    "recv_time": 34979191,
    "tag": "758",
    "total_cost_by_ms": 25.886999130249023,
    "wait_cost": 16.249000549316406
}
