{
    "child_model_execute_cost_by_ms": [
        8.869000434875488
    ],
    "child_model_run_time": [
        [
            34586616,
            34595485
        ]
    ],
    "execute_cost": 8.869000434875488,
    "finish_time": 34595497,
    "limit_cost_by_ms": 5.815999984741211,
    "model_name": "yolov2",
    "recv_time": 34570378,
    "tag": "760",
    "total_cost_by_ms": 25.118999481201172,
    "wait_cost": 16.25
}
