{
    "child_model_execute_cost_by_ms": [
        18.974000930786133,
        20.72599983215332,
        19.33099937438965
    ],
    "child_model_run_time": [
        [
            34934796,
            34953770
        ],
        [
            34974660,
            34995386
        ],
        [
            35005244,
            35024575
        ]
    ],
    "execute_cost": 59.03099822998047,
    "finish_time": 35024578,
    "limit_cost_by_ms": 44.492332458496094,
    "model_name": "vgg19",
    "recv_time": 34934721,
    "tag": "755",
    "total_cost_by_ms": 89.85700225830078,
    "wait_cost": 30.826004028320313
}
