{
    "child_model_execute_cost_by_ms": [
        14.85200023651123,
        12.972999572753906
    ],
    "child_model_run_time": [
        [
            34595730,
            34610582
        ],
        [
            34610666,
            34623639
        ]
    ],
    "execute_cost": 27.825000762939453,
    "finish_time": 34623644,
    "limit_cost_by_ms": 18.771333694458008,
    "model_name": "resnet50",
    "recv_time": 34541801,
    "tag": "759",
    "total_cost_by_ms": 81.84300231933594,
    "wait_cost": 54.018001556396484
}
