{
    "child_model_execute_cost_by_ms": [
        45.03499984741211
    ],
    "child_model_run_time": [
        [
            34623686,
            34668721
        ]
    ],
    "execute_cost": 45.03499984741211,
    "finish_time": 34668726,
    "limit_cost_by_ms": 44.79933166503906,
    "model_name": "vgg19",
    "recv_time": 34391938,
    "tag": "751",
    "total_cost_by_ms": 276.7879943847656,
    "wait_cost": 231.75299072265625
}
