{
    "child_model_execute_cost_by_ms": [
        7.38100004196167
    ],
    "child_model_run_time": [
        [
            35052430,
            35059811
        ]
    ],
    "execute_cost": 7.38100004196167,
    "finish_time": 35059821,
    "limit_cost_by_ms": 5.7816667556762695,
    "model_name": "yolov2",
    "recv_time": 35052372,
    "tag": "760",
    "total_cost_by_ms": 7.448999881744385,
    "wait_cost": 0.06799983978271484
}
