{
    "child_model_execute_cost_by_ms": [
        14.137999534606934,
        12.206999778747559
    ],
    "child_model_run_time": [
        [
            19019886,
            19034024
        ],
        [
            19034062,
            19046269
        ]
    ],
    "execute_cost": 26.344999313354492,
    "finish_time": 19046273,
    "limit_cost_by_ms": 18.771333694458008,
    "model_name": "resnet50",
    "recv_time": 18984554,
    "tag": "78",
    "total_cost_by_ms": 61.71900177001953,
    "wait_cost": 35.374000549316406
}
