{
    "child_model_execute_cost_by_ms": [
        9.159000396728516
    ],
    "child_model_run_time": [
        [
            34682316,
            34691475
        ]
    ],
    "execute_cost": 9.159000396728516,
    "finish_time": 34691484,
    "limit_cost_by_ms": 5.815999984741211,
    "model_name": "yolov2",
    "recv_time": 34678481,
    "tag": "765",
    "total_cost_by_ms": 13.003000259399414,
    "wait_cost": 3.8439998626708984
}
