{
    "child_model_execute_cost_by_ms": [
        10.279000282287598
    ],
    "child_model_run_time": [
        [
            34691728,
            34702007
        ]
    ],
    "execute_cost": 10.279000282287598,
    "finish_time": 34702017,
    "limit_cost_by_ms": 8.529666900634766,
    "model_name": "googlenet",
    "recv_time": 34624986,
    "tag": "762",
    "total_cost_by_ms": 77.03099822998047,
    "wait_cost": 66.75199890136719
}
