{
    "child_model_execute_cost_by_ms": [
        21.47800064086914,
        17.933000564575195,
        18.999000549316406
    ],
    "child_model_run_time": [
        [
            35073723,
            35095201
        ],
        [
            35104899,
            35122832
        ],
        [
            35122861,
            35141860
        ]
    ],
    "execute_cost": 58.410003662109375,
    "finish_time": 35141863,
    "limit_cost_by_ms": 44.492332458496094,
    "model_name": "vgg19",
    "recv_time": 35052527,
    "tag": "761",
    "total_cost_by_ms": 89.33599853515625,
    "wait_cost": 30.925994873046875
}
