{
    "child_model_execute_cost_by_ms": [
        14.682999610900879,
        12.763999938964844
    ],
    "child_model_run_time": [
        [
            34702069,
            34716752
        ],
        [
            34716779,
            34729543
        ]
    ],
    "execute_cost": 27.446998596191406,
    "finish_time": 34729548,
    "limit_cost_by_ms": 18.771333694458008,
    "model_name": "resnet50",
    "recv_time": 34654082,
    "tag": "764",
    "total_cost_by_ms": 75.46600341796875,
    "wait_cost": 48.019004821777344
}
