{
    "child_model_execute_cost_by_ms": [
        13.07800006866455
    ],
    "child_model_run_time": [
        [
            34766677,
            34779755
        ]
    ],
    "execute_cost": 13.07800006866455,
    "finish_time": 34779766,
    "limit_cost_by_ms": 6.9683332443237305,
    "model_name": "gpt128v2",
    "recv_time": 34758578,
    "tag": "768",
    "total_cost_by_ms": 21.187999725341797,
    "wait_cost": 8.109999656677246
}
