{
    "child_model_execute_cost_by_ms": [
        7.038000106811523
    ],
    "child_model_run_time": [
        [
            35205182,
            35212220
        ]
    ],
    "execute_cost": 7.038000106811523,
    "finish_time": 35212231,
    "limit_cost_by_ms": 5.7816667556762695,
    "model_name": "yolov2",
    "recv_time": 35189034,
    "tag": "766",
    "total_cost_by_ms": 23.19700050354004,
    "wait_cost": 16.159000396728516
}
