{
    "child_model_execute_cost_by_ms": [
        12.015999794006348
    ],
    "child_model_run_time": [
        [
            34779808,
            34791824
        ]
    ],
    "execute_cost": 12.015999794006348,
    "finish_time": 34791834,
    "limit_cost_by_ms": 8.529666900634766,
    "model_name": "googlenet",
    "recv_time": 34753665,
    "tag": "767",
    "total_cost_by_ms": 38.16899871826172,
    "wait_cost": 26.152999877929688
}
