{
    "child_model_execute_cost_by_ms": [
        6.23199987411499
    ],
    "child_model_run_time": [
        [
            34807503,
            34813735
        ]
    ],
    "execute_cost": 6.23199987411499,
    "finish_time": 34813745,
    "limit_cost_by_ms": 5.815999984741211,
    "model_name": "yolov2",
    "recv_time": 34805276,
    "tag": "770",
    "total_cost_by_ms": 8.468999862670898,
    "wait_cost": 2.236999988555908
}
