{
    "child_model_execute_cost_by_ms": [
        12.357000350952148
    ],
    "child_model_run_time": [
        [
            35225692,
            35238049
        ]
    ],
    "execute_cost": 12.357000350952148,
    "finish_time": 35238059,
    "limit_cost_by_ms": 8.904333114624023,
    "model_name": "googlenet",
    "recv_time": 35214181,
    "tag": "768",
    "total_cost_by_ms": 23.878000259399414,
    "wait_cost": 11.520999908447266
}
