{
    "child_model_execute_cost_by_ms": [
        18.523000717163086,
        18.354999542236328,
        19.558000564575195
    ],
    "child_model_run_time": [
        [
            34729618,
            34748141
        ],
        [
            34748225,
            34766580
        ],
        [
            34826929,
            34846487
        ]
    ],
    "execute_cost": 56.435997009277344,
    "finish_time": 34846494,
    "limit_cost_by_ms": 44.79933166503906,
    "model_name": "vgg19",
    "recv_time": 34500280,
    "tag": "756",
    "total_cost_by_ms": 346.2139892578125,
    "wait_cost": 289.7779846191406
}
