{
    "child_model_execute_cost_by_ms": [
        18.39299964904785,
        16.77400016784668,
        20.097000122070313
    ],
    "child_model_run_time": [
        [
            35169876,
            35188269
        ],
        [
            35188364,
            35205138
        ],
        [
            35238124,
            35258221
        ]
    ],
    "execute_cost": 55.263999938964844,
    "finish_time": 35258224,
    "limit_cost_by_ms": 44.492332458496094,
    "model_name": "vgg19",
    "recv_time": 35169770,
    "tag": "765",
    "total_cost_by_ms": 88.4540023803711,
    "wait_cost": 33.19000244140625
}
