{
    "child_model_execute_cost_by_ms": [
        14.086000442504883,
        12.47700023651123
    ],
    "child_model_run_time": [
        [
            35258442,
            35272528
        ],
        [
            35272551,
            35285028
        ]
    ],
    "execute_cost": 26.562999725341797,
    "finish_time": 35285030,
    "limit_cost_by_ms": 18.256332397460938,
    "model_name": "resnet50",
    "recv_time": 35258399,
    "tag": "769",
    "total_cost_by_ms": 26.631000518798828,
    "wait_cost": 0.06800079345703125
}
