{
    "child_model_execute_cost_by_ms": [
        12.006999969482422
    ],
    "child_model_run_time": [
        [
            34864507,
            34876514
        ]
    ],
    "execute_cost": 12.006999969482422,
    "finish_time": 34876523,
    "limit_cost_by_ms": 8.529666900634766,
    "model_name": "googlenet",
    "recv_time": 34861915,
    "tag": "772",
    "total_cost_by_ms": 14.607999801635742,
    "wait_cost": 2.6009998321533203
}
