{
    "child_model_execute_cost_by_ms": [
        13.416999816894531
    ],
    "child_model_run_time": [
        [
            34876626,
            34890043
        ]
    ],
    "execute_cost": 13.416999816894531,
    "finish_time": 34890055,
    "limit_cost_by_ms": 6.9683332443237305,
    "model_name": "gpt128v2",
    "recv_time": 34867280,
    "tag": "773",
    "total_cost_by_ms": 22.774999618530273,
    "wait_cost": 9.357999801635742
}
