{
    "child_model_execute_cost_by_ms": [
        17.277999877929688,
        16.29800033569336,
        18.906999588012695
    ],
    "child_model_run_time": [
        [
            35285249,
            35302527
        ],
        [
            35302560,
            35318858
        ],
        [
            35318888,
            35337795
        ]
    ],
    "execute_cost": 52.483001708984375,
    "finish_time": 35337798,
    "limit_cost_by_ms": 44.492332458496094,
    "model_name": "vgg19",
    "recv_time": 35285192,
    "tag": "770",
    "total_cost_by_ms": 52.60599899291992,
    "wait_cost": 0.12299728393554688
}
