{
    "child_model_execute_cost_by_ms": [
        17.4060001373291,
        17.886999130249023,
        19.572999954223633
    ],
    "child_model_run_time": [
        [
            18952189,
            18969595
        ],
        [
            18979603,
            18997490
        ],
        [
            19046330,
            19065903
        ]
    ],
    "execute_cost": 54.865997314453125,
    "finish_time": 19065909,
    "limit_cost_by_ms": 44.79933166503906,
    "model_name": "vgg19",
    "recv_time": 18851907,
    "tag": "71",
    "total_cost_by_ms": 214.0019989013672,
    "wait_cost": 159.13600158691406
}
