{
    "child_model_execute_cost_by_ms": [
        14.48799991607666,
        12.916000366210938
    ],
    "child_model_run_time": [
        [
            34910926,
            34925414
        ],
        [
            34925455,
            34938371
        ]
    ],
    "execute_cost": 27.40399932861328,
    "finish_time": 34938376,
    "limit_cost_by_ms": 18.771333694458008,
    "model_name": "resnet50",
    "recv_time": 34897520,
    "tag": "774",
    "total_cost_by_ms": 40.85599899291992,
    "wait_cost": 13.45199966430664
}
