{
    "child_model_execute_cost_by_ms": [
        6.370999813079834
    ],
    "child_model_run_time": [
        [
            34938426,
            34944797
        ]
    ],
    "execute_cost": 6.370999813079834,
    "finish_time": 34944807,
    "limit_cost_by_ms": 5.815999984741211,
    "model_name": "yolov2",
    "recv_time": 34929560,
    "tag": "775",
    "total_cost_by_ms": 15.246999740600586,
    "wait_cost": 8.875999450683594
}
