{
    "child_model_execute_cost_by_ms": [
        12.229000091552734
    ],
    "child_model_run_time": [
        [
            35359016,
            35371245
        ]
    ],
    "execute_cost": 12.229000091552734,
    "finish_time": 35371249,
    "limit_cost_by_ms": 8.904333114624023,
    "model_name": "googlenet",
    "recv_time": 35339277,
    "tag": "773",
    "total_cost_by_ms": 31.972000122070313,
    "wait_cost": 19.743000030517578
}
