{
    "child_model_execute_cost_by_ms": [
        17.92300033569336,
        20.790000915527344,
        19.81599998474121
    ],
    "child_model_run_time": [
        [
            34846538,
            34864461
        ],
        [
            34890085,
            34910875
        ],
        [
            34944910,
            34964726
        ]
    ],
    "execute_cost": 58.52899932861328,
    "finish_time": 34964733,
    "limit_cost_by_ms": 44.79933166503906,
    "model_name": "vgg19",
    "recv_time": 34612732,
    "tag": "761",
    "total_cost_by_ms": 352.0010070800781,
    "wait_cost": 293.4720153808594
}
