{
    "child_model_execute_cost_by_ms": [
        13.255000114440918
    ],
    "child_model_run_time": [
        [
            34983866,
            34997121
        ]
    ],
    "execute_cost": 13.255000114440918,
    "finish_time": 34997130,
    "limit_cost_by_ms": 6.9683332443237305,
    "model_name": "gpt128v2",
    "recv_time": 34974891,
    "tag": "776",
    "total_cost_by_ms": 22.23900032043457,
    "wait_cost": 8.984000205993652
}
