{
    "child_model_execute_cost_by_ms": [
        12.020999908447266
    ],
    "child_model_run_time": [
        [
            34997225,
            35009246
        ]
    ],
    "execute_cost": 12.020999908447266,
    "finish_time": 35009256,
    "limit_cost_by_ms": 8.529666900634766,
    "model_name": "googlenet",
    "recv_time": 34983930,
    "tag": "778",
    "total_cost_by_ms": 25.326000213623047,
    "wait_cost": 13.305000305175781
}
