{
    "child_model_execute_cost_by_ms": [
        18.81399917602539,
        16.836000442504883,
        20.017000198364258
    ],
    "child_model_run_time": [
        [
            35399175,
            35417989
        ],
        [
            35418077,
            35434913
        ],
        [
            35434945,
            35454962
        ]
    ],
    "execute_cost": 55.66699981689453,
    "finish_time": 35454964,
    "limit_cost_by_ms": 44.492332458496094,
    "model_name": "vgg19",
    "recv_time": 35399118,
    "tag": "775",
    "total_cost_by_ms": 55.84600067138672,
    "wait_cost": 0.1790008544921875
}
