{
    "child_model_execute_cost_by_ms": [
        14.173999786376953,
        12.92300033569336
    ],
    "child_model_run_time": [
        [
            35027671,
            35041845
        ],
        [
            35041933,
            35054856
        ]
    ],
    "execute_cost": 27.097000122070313,
    "finish_time": 35054861,
    "limit_cost_by_ms": 18.771333694458008,
    "model_name": "resnet50",
    "recv_time": 35021539,
    "tag": "779",
    "total_cost_by_ms": 33.321998596191406,
    "wait_cost": 6.224998474121094
}
