{
    "child_model_execute_cost_by_ms": [
        6.440999984741211
    ],
    "child_model_run_time": [
        [
            35055010,
            35061451
        ]
    ],
    "execute_cost": 6.440999984741211,
    "finish_time": 35061461,
    "limit_cost_by_ms": 5.815999984741211,
    "model_name": "yolov2",
    "recv_time": 35049763,
    "tag": "780",
    "total_cost_by_ms": 11.697999954223633,
    "wait_cost": 5.256999969482422
}
