{
    "child_model_execute_cost_by_ms": [
        18.93400001525879,
        18.16200065612793,
        20.56399917602539
    ],
    "child_model_run_time": [
        [
            34964831,
            34983765
        ],
        [
            35009363,
            35027525
        ],
        [
            35061615,
            35082179
        ]
    ],
    "execute_cost": 57.65999984741211,
    "finish_time": 35082186,
    "limit_cost_by_ms": 44.79933166503906,
    "model_name": "vgg19",
    "recv_time": 34749591,
    "tag": "766",
    "total_cost_by_ms": 332.5950012207031,
    "wait_cost": 274.93499755859375
}
