{
    "child_model_execute_cost_by_ms": [
        13.467000007629395
    ],
    "child_model_run_time": [
        [
            35082230,
            35095697
        ]
    ],
    "execute_cost": 13.467000007629395,
    "finish_time": 35095707,
    "limit_cost_by_ms": 6.9683332443237305,
    "model_name": "gpt128v2",
    "recv_time": 35063139,
    "tag": "781",
    "total_cost_by_ms": 32.56800079345703,
    "wait_cost": 19.101001739501953
}
