{
    "child_model_execute_cost_by_ms": [
        9.63599967956543
    ],
    "child_model_run_time": [
        [
            35116784,
            35126420
        ]
    ],
    "execute_cost": 9.63599967956543,
    "finish_time": 35126430,
    "limit_cost_by_ms": 8.529666900634766,
    "model_name": "googlenet",
    "recv_time": 35105610,
    "tag": "782",
    "total_cost_by_ms": 20.81999969482422,
    "wait_cost": 11.184000015258789
}
