{
    "child_model_execute_cost_by_ms": [
        18.775999069213867,
        16.729000091552734,
        19.906999588012695
    ],
    "child_model_run_time": [
        [
            35515962,
            35534738
        ],
        [
            35534776,
            35551505
        ],
        [
            35551538,
            35571445
        ]
    ],
    "execute_cost": 55.41199493408203,
    "finish_time": 35571447,
    "limit_cost_by_ms": 44.492332458496094,
    "model_name": "vgg19",
    "recv_time": 35515903,
    "tag": "780",
    "total_cost_by_ms": 55.54399871826172,
    "wait_cost": 0.1320037841796875
}
