{
    "child_model_execute_cost_by_ms": [
        10.829000473022461
    ],
    "child_model_run_time": [
        [
            19083890,
            19094719
        ]
    ],
    "execute_cost": 10.829000473022461,
    "finish_time": 19094730,
    "limit_cost_by_ms": 8.529666900634766,
    "model_name": "googlenet",
    "recv_time": 19071629,
    "tag": "80",
    "total_cost_by_ms": 23.10099983215332,
    "wait_cost": 12.27199935913086
}
