{
    "child_model_execute_cost_by_ms": [
        18.465999603271484,
        16.764999389648438,
        19.1200008392334
    ],
    "child_model_run_time": [
        [
            19112260,
            19130726
        ],
        [
            19130763,
            19147528
        ],
        [
            19153758,
            19172878
        ]
    ],
    "execute_cost": 54.35099792480469,
    "finish_time": 19172880,
    "limit_cost_by_ms": 44.492332458496094,
    "model_name": "vgg19",
    "recv_time": 19091028,
    "tag": "78",
    "total_cost_by_ms": 81.85199737548828,
    "wait_cost": 27.500999450683594
}
