{
    "child_model_execute_cost_by_ms": [
        21.020000457763672,
        18.034000396728516,
        19.45400047302246
    ],
    "child_model_run_time": [
        [
            35095727,
            35116747
        ],
        [
            35126471,
            35144505
        ],
        [
            35144528,
            35163982
        ]
    ],
    "execute_cost": 58.50800323486328,
    "finish_time": 35163988,
    "limit_cost_by_ms": 44.79933166503906,
    "model_name": "vgg19",
    "recv_time": 34857838,
    "tag": "771",
    "total_cost_by_ms": 306.1499938964844,
    "wait_cost": 247.64199829101563
}
