{
    "child_model_execute_cost_by_ms": [
        6.367000102996826
    ],
    "child_model_run_time": [
        [
            35164037,
            35170404
        ]
    ],
    "execute_cost": 6.367000102996826,
    "finish_time": 35170414,
    "limit_cost_by_ms": 5.815999984741211,
    "model_name": "yolov2",
    "recv_time": 35149943,
    "tag": "785",
    "total_cost_by_ms": 20.47100067138672,
    "wait_cost": 14.104000091552734
}
