{
    "child_model_execute_cost_by_ms": [
        13.284000396728516
    ],
    "child_model_run_time": [
        [
            35186696,
            35199980
        ]
    ],
    "execute_cost": 13.284000396728516,
    "finish_time": 35199988,
    "limit_cost_by_ms": 6.9683332443237305,
    "model_name": "gpt128v2",
    "recv_time": 35175094,
    "tag": "786",
    "total_cost_by_ms": 24.893999099731445,
    "wait_cost": 11.60999870300293
}
