{
    "child_model_execute_cost_by_ms": [
        16.08799934387207,
        16.077999114990234
    ],
    "child_model_run_time": [
        [
            35170533,
            35186621
        ],
        [
            35200019,
            35216097
        ]
    ],
    "execute_cost": 32.16600036621094,
    "finish_time": 35216108,
    "limit_cost_by_ms": 18.771333694458008,
    "model_name": "resnet50",
    "recv_time": 35145831,
    "tag": "784",
    "total_cost_by_ms": 70.2770004272461,
    "wait_cost": 38.111000061035156
}
