{
    "child_model_execute_cost_by_ms": [
        14.354000091552734,
        12.538999557495117
    ],
    "child_model_run_time": [
        [
            35604368,
            35618722
        ],
        [
            35618760,
            35631299
        ]
    ],
    "execute_cost": 26.89299964904785,
    "finish_time": 35631301,
    "limit_cost_by_ms": 18.256332397460938,
    "model_name": "resnet50",
    "recv_time": 35604311,
    "tag": "784",
    "total_cost_by_ms": 26.989999771118164,
    "wait_cost": 0.0970001220703125
}
