{
    "child_model_execute_cost_by_ms": [
        9.600000381469727
    ],
    "child_model_run_time": [
        [
            35234873,
            35244473
        ]
    ],
    "execute_cost": 9.600000381469727,
    "finish_time": 35244484,
    "limit_cost_by_ms": 8.529666900634766,
    "model_name": "googlenet",
    "recv_time": 35225812,
    "tag": "788",
    "total_cost_by_ms": 18.672000885009766,
    "wait_cost": 9.072000503540039
}
