{
    "child_model_execute_cost_by_ms": [
        8.347000122070313
    ],
    "child_model_run_time": [
        [
            35680950,
            35689297
        ]
    ],
    "execute_cost": 8.347000122070313,
    "finish_time": 35689306,
    "limit_cost_by_ms": 5.7816667556762695,
    "model_name": "yolov2",
    "recv_time": 35673796,
    "tag": "788",
    "total_cost_by_ms": 15.510000228881836,
    "wait_cost": 7.163000106811523
}
