{
    "child_model_execute_cost_by_ms": [
        18.68400001525879,
        17.347000122070313,
        19.319000244140625
    ],
    "child_model_run_time": [
        [
            35216151,
            35234835
        ],
        [
            35244522,
            35261869
        ],
        [
            35261910,
            35281229
        ]
    ],
    "execute_cost": 55.349998474121094,
    "finish_time": 35281232,
    "limit_cost_by_ms": 44.79933166503906,
    "model_name": "vgg19",
    "recv_time": 34983026,
    "tag": "777",
    "total_cost_by_ms": 298.20599365234375,
    "wait_cost": 242.85598754882813
}
