{
    "child_model_execute_cost_by_ms": [
        18.400999069213867,
        17.104000091552734,
        19.613000869750977
    ],
    "child_model_run_time": [
        [
            35631626,
            35650027
        ],
        [
            35650116,
            35667220
        ],
        [
            35698933,
            35718546
        ]
    ],
    "execute_cost": 55.11799621582031,
    "finish_time": 35718549,
    "limit_cost_by_ms": 44.492332458496094,
    "model_name": "vgg19",
    "recv_time": 35631566,
    "tag": "785",
    "total_cost_by_ms": 86.98300170898438,
    "wait_cost": 31.865005493164063
}
