{
    "child_model_execute_cost_by_ms": [
        13.354000091552734
    ],
    "child_model_run_time": [
        [
            35303662,
            35317016
        ]
    ],
    "execute_cost": 13.354000091552734,
    "finish_time": 35317028,
    "limit_cost_by_ms": 6.9683332443237305,
    "model_name": "gpt128v2",
    "recv_time": 35299307,
    "tag": "791",
    "total_cost_by_ms": 17.72100067138672,
    "wait_cost": 4.367000579833984
}
