{
    "child_model_execute_cost_by_ms": [
        15.1850004196167,
        12.972000122070313
    ],
    "child_model_run_time": [
        [
            35718772,
            35733957
        ],
        [
            35733991,
            35746963
        ]
    ],
    "execute_cost": 28.157001495361328,
    "finish_time": 35746965,
    "limit_cost_by_ms": 18.256332397460938,
    "model_name": "resnet50",
    "recv_time": 35718762,
    "tag": "789",
    "total_cost_by_ms": 28.202999114990234,
    "wait_cost": 0.04599761962890625
}
