{
    "child_model_execute_cost_by_ms": [
        15.357000350952148,
        16.131000518798828
    ],
    "child_model_run_time": [
        [
            35288215,
            35303572
        ],
        [
            35317049,
            35333180
        ]
    ],
    "execute_cost": 31.488000869750977,
    "finish_time": 35333187,
    "limit_cost_by_ms": 18.771333694458008,
    "model_name": "resnet50",
    "recv_time": 35266125,
    "tag": "790",
    "total_cost_by_ms": 67.06199645996094,
    "wait_cost": 35.573997497558594
}
