{
    "child_model_execute_cost_by_ms": [
        13.571000099182129
    ],
    "child_model_run_time": [
        [
            35766373,
            35779944
        ]
    ],
    "execute_cost": 13.571000099182129,
    "finish_time": 35779953,
    "limit_cost_by_ms": 6.894999980926514,
    "model_name": "gpt128v2",
    "recv_time": 35763614,
    "tag": "791",
    "total_cost_by_ms": 16.339000701904297,
    "wait_cost": 2.768000602722168
}
