{
    "child_model_execute_cost_by_ms": [
        13.23799991607666
    ],
    "child_model_run_time": [
        [
            19094832,
            19108070
        ]
    ],
    "execute_cost": 13.23799991607666,
    "finish_time": 19108078,
    "limit_cost_by_ms": 6.9683332443237305,
    "model_name": "gpt128v2",
    "recv_time": 19088560,
    "tag": "82",
    "total_cost_by_ms": 19.51799964904785,
    "wait_cost": 6.279999732971191
}
