{
    "child_model_execute_cost_by_ms": [
        13.312999725341797
    ],
    "child_model_run_time": [
        [
            19174231,
            19187544
        ]
    ],
    "execute_cost": 13.312999725341797,
    "finish_time": 19187550,
    "limit_cost_by_ms": 6.894999980926514,
    "model_name": "gpt128v2",
    "recv_time": 19174133,
    "tag": "80",
    "total_cost_by_ms": 13.416999816894531,
    "wait_cost": 0.10400009155273438
}
