{
    "child_model_execute_cost_by_ms": [
        9.916000366210938
    ],
    "child_model_run_time": [
        [
            35805951,
            35815867
        ]
    ],
    "execute_cost": 9.916000366210938,
    "finish_time": 35815874,
    "limit_cost_by_ms": 8.904333114624023,
    "model_name": "googlenet",
    "recv_time": 35785867,
    "tag": "792",
    "total_cost_by_ms": 30.006999969482422,
    "wait_cost": 20.090999603271484
}
