{
    "child_model_execute_cost_by_ms": [
        19.000999450683594,
        19.694000244140625,
        19.04199981689453
    ],
    "child_model_run_time": [
        [
            35747246,
            35766247
        ],
        [
            35779982,
            35799676
        ],
        [
            35816015,
            35835057
        ]
    ],
    "execute_cost": 57.73699951171875,
    "finish_time": 35835059,
    "limit_cost_by_ms": 44.492332458496094,
    "model_name": "vgg19",
    "recv_time": 35747235,
    "tag": "790",
    "total_cost_by_ms": 87.8239974975586,
    "wait_cost": 30.086997985839844
}
