{
    "child_model_execute_cost_by_ms": [
        18.961000442504883,
        16.982999801635742,
        20.841999053955078
    ],
    "child_model_run_time": [
        [
            35333226,
            35352187
        ],
        [
            35352225,
            35369208
        ],
        [
            35412979,
            35433821
        ]
    ],
    "execute_cost": 56.7859992980957,
    "finish_time": 35433829,
    "limit_cost_by_ms": 44.79933166503906,
    "model_name": "vgg19",
    "recv_time": 35117670,
    "tag": "783",
    "total_cost_by_ms": 316.15899658203125,
    "wait_cost": 259.37298583984375
}
