{
    "child_model_execute_cost_by_ms": [
        14.236000061035156,
        12.54699993133545
    ],
    "child_model_run_time": [
        [
            35835372,
            35849608
        ],
        [
            35849636,
            35862183
        ]
    ],
    "execute_cost": 26.783000946044922,
    "finish_time": 35862185,
    "limit_cost_by_ms": 18.256332397460938,
    "model_name": "resnet50",
    "recv_time": 35835307,
    "tag": "794",
    "total_cost_by_ms": 26.878000259399414,
    "wait_cost": 0.09499931335449219
}
