{
    "child_model_execute_cost_by_ms": [
        13.467000007629395
    ],
    "child_model_run_time": [
        [
            35433966,
            35447433
        ]
    ],
    "execute_cost": 13.467000007629395,
    "finish_time": 35447441,
    "limit_cost_by_ms": 6.9683332443237305,
    "model_name": "gpt128v2",
    "recv_time": 35423136,
    "tag": "796",
    "total_cost_by_ms": 24.30500030517578,
    "wait_cost": 10.838000297546387
}
