{
    "child_model_execute_cost_by_ms": [
        13.411999702453613
    ],
    "child_model_run_time": [
        [
            35881618,
            35895030
        ]
    ],
    "execute_cost": 13.411999702453613,
    "finish_time": 35895040,
    "limit_cost_by_ms": 6.894999980926514,
    "model_name": "gpt128v2",
    "recv_time": 35879640,
    "tag": "796",
    "total_cost_by_ms": 15.399999618530273,
    "wait_cost": 1.9879999160766602
}
