{
    "child_model_execute_cost_by_ms": [
        6.296000003814697
    ],
    "child_model_run_time": [
        [
            35486248,
            35492544
        ]
    ],
    "execute_cost": 6.296000003814697,
    "finish_time": 35492554,
    "limit_cost_by_ms": 5.815999984741211,
    "model_name": "yolov2",
    "recv_time": 35477774,
    "tag": "799",
    "total_cost_by_ms": 14.779999732971191,
    "wait_cost": 8.483999252319336
}
