{
    "child_model_execute_cost_by_ms": [
        9.821000099182129
    ],
    "child_model_run_time": [
        [
            35492754,
            35502575
        ]
    ],
    "execute_cost": 9.821000099182129,
    "finish_time": 35502585,
    "limit_cost_by_ms": 8.529666900634766,
    "model_name": "googlenet",
    "recv_time": 35469624,
    "tag": "798",
    "total_cost_by_ms": 32.96099853515625,
    "wait_cost": 23.139999389648438
}
