{
    "child_model_execute_cost_by_ms": [
        9.604000091552734
    ],
    "child_model_run_time": [
        [
            35921011,
            35930615
        ]
    ],
    "execute_cost": 9.604000091552734,
    "finish_time": 35930625,
    "limit_cost_by_ms": 8.904333114624023,
    "model_name": "googlenet",
    "recv_time": 35906287,
    "tag": "798",
    "total_cost_by_ms": 24.33799934387207,
    "wait_cost": 14.733999252319336
}
