{
    "child_model_execute_cost_by_ms": [
        21.27400016784668,
        17.374000549316406,
        19.16900062561035
    ],
    "child_model_run_time": [
        [
            35447494,
            35468768
        ],
        [
            35468803,
            35486177
        ],
        [
            35502627,
            35521796
        ]
    ],
    "execute_cost": 57.81700134277344,
    "finish_time": 35521801,
    "limit_cost_by_ms": 44.79933166503906,
    "model_name": "vgg19",
    "recv_time": 35221735,
    "tag": "787",
    "total_cost_by_ms": 300.0660095214844,
    "wait_cost": 242.24900817871094
}
