{
    "child_model_execute_cost_by_ms": [
        15.373000144958496,
        14.491000175476074
    ],
    "child_model_run_time": [
        [
            35521841,
            35537214
        ],
        [
            35537258,
            35551749
        ]
    ],
    "execute_cost": 29.86400032043457,
    "finish_time": 35551755,
    "limit_cost_by_ms": 18.771333694458008,
    "model_name": "resnet50",
    "recv_time": 35510196,
    "tag": "800",
    "total_cost_by_ms": 41.558998107910156,
    "wait_cost": 11.694997787475586
}
