{
    "child_model_execute_cost_by_ms": [
        19.142000198364258,
        17.582000732421875,
        19.652999877929688
    ],
    "child_model_run_time": [
        [
            35862446,
            35881588
        ],
        [
            35903391,
            35920973
        ],
        [
            35930743,
            35950396
        ]
    ],
    "execute_cost": 56.37699890136719,
    "finish_time": 35950399,
    "limit_cost_by_ms": 44.492332458496094,
    "model_name": "vgg19",
    "recv_time": 35862435,
    "tag": "795",
    "total_cost_by_ms": 87.96399688720703,
    "wait_cost": 31.586997985839844
}
