{
    "child_model_execute_cost_by_ms": [
        15.302000045776367,
        12.845999717712402
    ],
    "child_model_run_time": [
        [
            35950665,
            35965967
        ],
        [
            35966011,
            35978857
        ]
    ],
    "execute_cost": 28.147998809814453,
    "finish_time": 35978859,
    "limit_cost_by_ms": 18.256332397460938,
    "model_name": "resnet50",
    "recv_time": 35950605,
    "tag": "799",
    "total_cost_by_ms": 28.253999710083008,
    "wait_cost": 0.10600090026855469
}
