{
    "child_model_execute_cost_by_ms": [
        13.204999923706055
    ],
    "child_model_run_time": [
        [
            35551848,
            35565053
        ]
    ],
    "execute_cost": 13.204999923706055,
    "finish_time": 35565063,
    "limit_cost_by_ms": 6.9683332443237305,
    "model_name": "gpt128v2",
    "recv_time": 35543350,
    "tag": "801",
    "total_cost_by_ms": 21.71299934387207,
    "wait_cost": 8.507999420166016
}
