{
    "child_model_execute_cost_by_ms": [
        13.517000198364258
    ],
    "child_model_run_time": [
        [
            35998489,
            36012006
        ]
    ],
    "execute_cost": 13.517000198364258,
    "finish_time": 36012019,
    "limit_cost_by_ms": 6.894999980926514,
    "model_name": "gpt128v2",
    "recv_time": 35991886,
    "tag": "802",
    "total_cost_by_ms": 20.132999420166016,
    "wait_cost": 6.615999221801758
}
