{
    "child_model_execute_cost_by_ms": [
        16.327999114990234,
        14.381999969482422
    ],
    "child_model_run_time": [
        [
            17440826,
            17457154
        ],
        [
            17483176,
            17497558
        ]
    ],
    "execute_cost": 30.709999084472656,
    "finish_time": 17497568,
    "limit_cost_by_ms": 18.256332397460938,
    "model_name": "resnet50",
    "recv_time": 17440775,
    "tag": "7",
    "total_cost_by_ms": 56.792999267578125,
    "wait_cost": 26.08300018310547
}
