{
    "child_model_execute_cost_by_ms": [
        20.797000885009766,
        20.312000274658203,
        24.905000686645508
    ],
    "child_model_run_time": [
        [
            17336349,
            17357146
        ],
        [
            17357185,
            17377497
        ],
        [
            17445607,
            17470512
        ]
    ],
    "execute_cost": 66.01399993896484,
    "finish_time": 17470518,
    "limit_cost_by_ms": 44.79933166503906,
    "model_name": "vgg19",
    "recv_time": 17271758,
    "tag": "4",
    "total_cost_by_ms": 198.75999450683594,
    "wait_cost": 132.74600219726563
}
