{
    "child_model_execute_cost_by_ms": [
        6.0
    ],
    "child_model_run_time": [
        [
            19123678,
            19129678
        ]
    ],
    "execute_cost": 6.0,
    "finish_time": 19129683,
    "limit_cost_by_ms": 5.815999984741211,
    "model_name": "yolov2",
    "recv_time": 19119185,
    "tag": "84",
    "total_cost_by_ms": 10.498000144958496,
    "wait_cost": 4.498000144958496
}
