{
    "child_model_execute_cost_by_ms": [
        6.4079999923706055
    ],
    "child_model_run_time": [
        [
            35614170,
            35620578
        ]
    ],
    "execute_cost": 6.4079999923706055,
    "finish_time": 35620589,
    "limit_cost_by_ms": 5.815999984741211,
    "model_name": "yolov2",
    "recv_time": 35610224,
    "tag": "804",
    "total_cost_by_ms": 10.364999771118164,
    "wait_cost": 3.9569997787475586
}
