{
    "child_model_execute_cost_by_ms": [
        21.07200050354004,
        18.19499969482422,
        19.81399917602539
    ],
    "child_model_run_time": [
        [
            35565093,
            35586165
        ],
        [
            35595878,
            35614073
        ],
        [
            35620680,
            35640494
        ]
    ],
    "execute_cost": 59.080997467041016,
    "finish_time": 35640499,
    "limit_cost_by_ms": 44.79933166503906,
    "model_name": "vgg19",
    "recv_time": 35345732,
    "tag": "792",
    "total_cost_by_ms": 294.7669982910156,
    "wait_cost": 235.68600463867188
}
