{
    "child_model_execute_cost_by_ms": [
        19.267000198364258,
        18.20400047302246,
        19.118000030517578
    ],
    "child_model_run_time": [
        [
            35979157,
            35998424
        ],
        [
            36030573,
            36048777
        ],
        [
            36048810,
            36067928
        ]
    ],
    "execute_cost": 56.5890007019043,
    "finish_time": 36067930,
    "limit_cost_by_ms": 44.492332458496094,
    "model_name": "vgg19",
    "recv_time": 35979099,
    "tag": "800",
    "total_cost_by_ms": 88.83100128173828,
    "wait_cost": 32.242000579833984
}
