{
    "child_model_execute_cost_by_ms": [
        14.991000175476074,
        13.039999961853027
    ],
    "child_model_run_time": [
        [
            35640636,
            35655627
        ],
        [
            35655664,
            35668704
        ]
    ],
    "execute_cost": 28.0310001373291,
    "finish_time": 35668709,
    "limit_cost_by_ms": 18.771333694458008,
    "model_name": "resnet50",
    "recv_time": 35626470,
    "tag": "805",
    "total_cost_by_ms": 42.23899841308594,
    "wait_cost": 14.207998275756836
}
