{
    "child_model_execute_cost_by_ms": [
        13.555000305175781
    ],
    "child_model_run_time": [
        [
            35688717,
            35702272
        ]
    ],
    "execute_cost": 13.555000305175781,
    "finish_time": 35702283,
    "limit_cost_by_ms": 6.9683332443237305,
    "model_name": "gpt128v2",
    "recv_time": 35671602,
    "tag": "806",
    "total_cost_by_ms": 30.680999755859375,
    "wait_cost": 17.125999450683594
}
