{
    "child_model_execute_cost_by_ms": [
        11.74899959564209
    ],
    "child_model_run_time": [
        [
            35702314,
            35714063
        ]
    ],
    "execute_cost": 11.74899959564209,
    "finish_time": 35714073,
    "limit_cost_by_ms": 8.529666900634766,
    "model_name": "googlenet",
    "recv_time": 35679737,
    "tag": "807",
    "total_cost_by_ms": 34.33599853515625,
    "wait_cost": 22.586997985839844
}
