{
    "child_model_execute_cost_by_ms": [
        9.557000160217285
    ],
    "child_model_run_time": [
        [
            36113211,
            36122768
        ]
    ],
    "execute_cost": 9.557000160217285,
    "finish_time": 36122778,
    "limit_cost_by_ms": 8.904333114624023,
    "model_name": "googlenet",
    "recv_time": 36097133,
    "tag": "806",
    "total_cost_by_ms": 25.645000457763672,
    "wait_cost": 16.088001251220703
}
