{
    "child_model_execute_cost_by_ms": [
        6.298999786376953
    ],
    "child_model_run_time": [
        [
            36140876,
            36147175
        ]
    ],
    "execute_cost": 6.298999786376953,
    "finish_time": 36147184,
    "limit_cost_by_ms": 5.7816667556762695,
    "model_name": "yolov2",
    "recv_time": 36125302,
    "tag": "807",
    "total_cost_by_ms": 21.881999969482422,
    "wait_cost": 15.583000183105469
}
