{
    "child_model_execute_cost_by_ms": [
        19.920000076293945,
        18.266000747680664,
        20.04199981689453
    ],
    "child_model_run_time": [
        [
            35668776,
            35688696
        ],
        [
            35714159,
            35732425
        ],
        [
            35738885,
            35758927
        ]
    ],
    "execute_cost": 58.22800064086914,
    "finish_time": 35758933,
    "limit_cost_by_ms": 44.79933166503906,
    "model_name": "vgg19",
    "recv_time": 35457575,
    "tag": "797",
    "total_cost_by_ms": 301.3580017089844,
    "wait_cost": 243.1300048828125
}
