{
    "child_model_execute_cost_by_ms": [
        14.418999671936035,
        14.088000297546387
    ],
    "child_model_run_time": [
        [
            35759009,
            35773428
        ],
        [
            35773465,
            35787553
        ]
    ],
    "execute_cost": 28.506999969482422,
    "finish_time": 35787558,
    "limit_cost_by_ms": 18.771333694458008,
    "model_name": "resnet50",
    "recv_time": 35742669,
    "tag": "810",
    "total_cost_by_ms": 44.888999938964844,
    "wait_cost": 16.381999969482422
}
