{
    "child_model_execute_cost_by_ms": [
        17.308000564575195,
        17.893999099731445,
        21.71299934387207
    ],
    "child_model_run_time": [
        [
            36095854,
            36113162
        ],
        [
            36122827,
            36140721
        ],
        [
            36160987,
            36182700
        ]
    ],
    "execute_cost": 56.915000915527344,
    "finish_time": 36182703,
    "limit_cost_by_ms": 44.492332458496094,
    "model_name": "vgg19",
    "recv_time": 36095800,
    "tag": "805",
    "total_cost_by_ms": 86.90299987792969,
    "wait_cost": 29.987998962402344
}
