{
    "child_model_execute_cost_by_ms": [
        13.779999732971191
    ],
    "child_model_run_time": [
        [
            35787608,
            35801388
        ]
    ],
    "execute_cost": 13.779999732971191,
    "finish_time": 35801396,
    "limit_cost_by_ms": 6.9683332443237305,
    "model_name": "gpt128v2",
    "recv_time": 35775675,
    "tag": "811",
    "total_cost_by_ms": 25.72100067138672,
    "wait_cost": 11.941000938415527
}
