{
    "child_model_execute_cost_by_ms": [
        11.770000457763672
    ],
    "child_model_run_time": [
        [
            35801451,
            35813221
        ]
    ],
    "execute_cost": 11.770000457763672,
    "finish_time": 35813233,
    "limit_cost_by_ms": 8.529666900634766,
    "model_name": "googlenet",
    "recv_time": 35796161,
    "tag": "813",
    "total_cost_by_ms": 17.07200050354004,
    "wait_cost": 5.302000045776367
}
