{
    "child_model_execute_cost_by_ms": [
        6.156000137329102
    ],
    "child_model_run_time": [
        [
            36211143,
            36217299
        ]
    ],
    "execute_cost": 6.156000137329102,
    "finish_time": 36217303,
    "limit_cost_by_ms": 5.7816667556762695,
    "model_name": "yolov2",
    "recv_time": 36211052,
    "tag": "810",
    "total_cost_by_ms": 6.250999927520752,
    "wait_cost": 0.09499979019165039
}
