{
    "child_model_execute_cost_by_ms": [
        14.293000221252441,
        12.428000450134277
    ],
    "child_model_run_time": [
        [
            19200183,
            19214476
        ],
        [
            19214518,
            19226946
        ]
    ],
    "execute_cost": 26.72100067138672,
    "finish_time": 19226952,
    "limit_cost_by_ms": 18.256332397460938,
    "model_name": "resnet50",
    "recv_time": 19200115,
    "tag": "82",
    "total_cost_by_ms": 26.836999893188477,
    "wait_cost": 0.11599922180175781
}
