{
    "child_model_execute_cost_by_ms": [
        15.524999618530273,
        11.984999656677246
    ],
    "child_model_run_time": [
        [
            19108109,
            19123634
        ],
        [
            19129754,
            19141739
        ]
    ],
    "execute_cost": 27.509998321533203,
    "finish_time": 19141743,
    "limit_cost_by_ms": 18.771333694458008,
    "model_name": "resnet50",
    "recv_time": 19088676,
    "tag": "83",
    "total_cost_by_ms": 53.06700134277344,
    "wait_cost": 25.557003021240234
}
