{
    "child_model_execute_cost_by_ms": [
        44.191001892089844
    ],
    "child_model_run_time": [
        [
            35813311,
            35857502
        ]
    ],
    "execute_cost": 44.191001892089844,
    "finish_time": 35857506,
    "limit_cost_by_ms": 44.79933166503906,
    "model_name": "vgg19",
    "recv_time": 35581987,
    "tag": "803",
    "total_cost_by_ms": 275.5190124511719,
    "wait_cost": 231.3280029296875
}
