{
    "child_model_execute_cost_by_ms": [
        7.0960001945495605
    ],
    "child_model_run_time": [
        [
            35857752,
            35864848
        ]
    ],
    "execute_cost": 7.0960001945495605,
    "finish_time": 35864857,
    "limit_cost_by_ms": 5.815999984741211,
    "model_name": "yolov2",
    "recv_time": 35834501,
    "tag": "814",
    "total_cost_by_ms": 30.356000900268555,
    "wait_cost": 23.260000228881836
}
