{
    "child_model_execute_cost_by_ms": [
        13.440999984741211
    ],
    "child_model_run_time": [
        [
            35881529,
            35894970
        ]
    ],
    "execute_cost": 13.440999984741211,
    "finish_time": 35894982,
    "limit_cost_by_ms": 6.9683332443237305,
    "model_name": "gpt128v2",
    "recv_time": 35872187,
    "tag": "816",
    "total_cost_by_ms": 22.795000076293945,
    "wait_cost": 9.354000091552734
}
