{
    "child_model_execute_cost_by_ms": [
        18.694000244140625,
        17.871999740600586,
        21.3700008392334
    ],
    "child_model_run_time": [
        [
            36217704,
            36236398
        ],
        [
            36246104,
            36263976
        ],
        [
            36277619,
            36298989
        ]
    ],
    "execute_cost": 57.936004638671875,
    "finish_time": 36298991,
    "limit_cost_by_ms": 44.492332458496094,
    "model_name": "vgg19",
    "recv_time": 36217639,
    "tag": "811",
    "total_cost_by_ms": 81.35199737548828,
    "wait_cost": 23.415992736816406
}
