{
    "child_model_execute_cost_by_ms": [
        15.36299991607666,
        12.63700008392334
    ],
    "child_model_run_time": [
        [
            36299358,
            36314721
        ],
        [
            36314765,
            36327402
        ]
    ],
    "execute_cost": 28.0,
    "finish_time": 36327405,
    "limit_cost_by_ms": 18.256332397460938,
    "model_name": "resnet50",
    "recv_time": 36299294,
    "tag": "814",
    "total_cost_by_ms": 28.111000061035156,
    "wait_cost": 0.11100006103515625
}
