{
    "child_model_execute_cost_by_ms": [
        16.351999282836914,
        16.350000381469727
    ],
    "child_model_run_time": [
        [
            35865103,
            35881455
        ],
        [
            35895005,
            35911355
        ]
    ],
    "execute_cost": 32.70199966430664,
    "finish_time": 35911363,
    "limit_cost_by_ms": 18.771333694458008,
    "model_name": "resnet50",
    "recv_time": 35850608,
    "tag": "815",
    "total_cost_by_ms": 60.755001068115234,
    "wait_cost": 28.053001403808594
}
