{
    "child_model_execute_cost_by_ms": [
        6.169000148773193
    ],
    "child_model_run_time": [
        [
            36346867,
            36353036
        ]
    ],
    "execute_cost": 6.169000148773193,
    "finish_time": 36353044,
    "limit_cost_by_ms": 5.7816667556762695,
    "model_name": "yolov2",
    "recv_time": 36329990,
    "tag": "816",
    "total_cost_by_ms": 23.054000854492188,
    "wait_cost": 16.885000228881836
}
