{
    "child_model_execute_cost_by_ms": [
        9.63700008392334
    ],
    "child_model_run_time": [
        [
            35947866,
            35957503
        ]
    ],
    "execute_cost": 9.63700008392334,
    "finish_time": 35957514,
    "limit_cost_by_ms": 8.529666900634766,
    "model_name": "googlenet",
    "recv_time": 35930890,
    "tag": "818",
    "total_cost_by_ms": 26.624000549316406,
    "wait_cost": 16.98699951171875
}
