{
    "child_model_execute_cost_by_ms": [
        19.195999145507813,
        17.183000564575195,
        19.349000930786133
    ],
    "child_model_run_time": [
        [
            35911417,
            35930613
        ],
        [
            35930649,
            35947832
        ],
        [
            35957554,
            35976903
        ]
    ],
    "execute_cost": 55.727996826171875,
    "finish_time": 35976908,
    "limit_cost_by_ms": 44.79933166503906,
    "model_name": "vgg19",
    "recv_time": 35683813,
    "tag": "808",
    "total_cost_by_ms": 293.0950012207031,
    "wait_cost": 237.36700439453125
}
