{
    "child_model_execute_cost_by_ms": [
        10.052000045776367
    ],
    "child_model_run_time": [
        [
            36353143,
            36363195
        ]
    ],
    "execute_cost": 10.052000045776367,
    "finish_time": 36363205,
    "limit_cost_by_ms": 8.904333114624023,
    "model_name": "googlenet",
    "recv_time": 36338061,
    "tag": "817",
    "total_cost_by_ms": 25.143999099731445,
    "wait_cost": 15.091999053955078
}
