{
    "child_model_execute_cost_by_ms": [
        6.705999851226807
    ],
    "child_model_run_time": [
        [
            35976942,
            35983648
        ]
    ],
    "execute_cost": 6.705999851226807,
    "finish_time": 35983658,
    "limit_cost_by_ms": 5.815999984741211,
    "model_name": "yolov2",
    "recv_time": 35963240,
    "tag": "819",
    "total_cost_by_ms": 20.417999267578125,
    "wait_cost": 13.711999893188477
}
