{
    "child_model_execute_cost_by_ms": [
        19.225000381469727,
        19.503999710083008,
        21.59000015258789
    ],
    "child_model_run_time": [
        [
            36327553,
            36346778
        ],
        [
            36363256,
            36382760
        ],
        [
            36396304,
            36417894
        ]
    ],
    "execute_cost": 60.319000244140625,
    "finish_time": 36417897,
    "limit_cost_by_ms": 44.492332458496094,
    "model_name": "vgg19",
    "recv_time": 36327476,
    "tag": "815",
    "total_cost_by_ms": 90.4209976196289,
    "wait_cost": 30.10199737548828
}
