{
    "child_model_execute_cost_by_ms": [
        13.333999633789063
    ],
    "child_model_run_time": [
        [
            35985205,
            35998539
        ]
    ],
    "execute_cost": 13.333999633789063,
    "finish_time": 35998552,
    "limit_cost_by_ms": 6.9683332443237305,
    "model_name": "gpt128v2",
    "recv_time": 35985090,
    "tag": "821",
    "total_cost_by_ms": 13.461999893188477,
    "wait_cost": 0.12800025939941406
}
