{
    "child_model_execute_cost_by_ms": [
        17.11400032043457,
        12.782999992370605
    ],
    "child_model_run_time": [
        [
            35998572,
            36015686
        ],
        [
            36015718,
            36028501
        ]
    ],
    "execute_cost": 29.89699935913086,
    "finish_time": 36028506,
    "limit_cost_by_ms": 18.771333694458008,
    "model_name": "resnet50",
    "recv_time": 35979468,
    "tag": "820",
    "total_cost_by_ms": 49.03799819946289,
    "wait_cost": 19.14099884033203
}
