{
    "child_model_execute_cost_by_ms": [
        44.058998107910156
    ],
    "child_model_run_time": [
        [
            36028562,
            36072621
        ]
    ],
    "execute_cost": 44.058998107910156,
    "finish_time": 36072625,
    "limit_cost_by_ms": 44.79933166503906,
    "model_name": "vgg19",
    "recv_time": 35783831,
    "tag": "812",
    "total_cost_by_ms": 288.79400634765625,
    "wait_cost": 244.73501586914063
}
