{
    "child_model_execute_cost_by_ms": [
        6.185999870300293
    ],
    "child_model_run_time": [
        [
            19262719,
            19268905
        ]
    ],
    "execute_cost": 6.185999870300293,
    "finish_time": 19268929,
    "limit_cost_by_ms": 5.7816667556762695,
    "model_name": "yolov2",
    "recv_time": 19248824,
    "tag": "84",
    "total_cost_by_ms": 20.104999542236328,
    "wait_cost": 13.918999671936035
}
