{
    "child_model_execute_cost_by_ms": [
        17.88800048828125,
        18.58799934387207,
        19.003000259399414
    ],
    "child_model_run_time": [
        [
            19065956,
            19083844
        ],
        [
            19141796,
            19160384
        ],
        [
            19160426,
            19179429
        ]
    ],
    "execute_cost": 55.47899627685547,
    "finish_time": 19179435,
    "limit_cost_by_ms": 44.79933166503906,
    "model_name": "vgg19",
    "recv_time": 18955428,
    "tag": "75",
    "total_cost_by_ms": 224.0070037841797,
    "wait_cost": 168.52801513671875
}
