{
    "child_model_execute_cost_by_ms": [
        6.940000057220459
    ],
    "child_model_run_time": [
        [
            36072702,
            36079642
        ]
    ],
    "execute_cost": 6.940000057220459,
    "finish_time": 36079653,
    "limit_cost_by_ms": 5.815999984741211,
    "model_name": "yolov2",
    "recv_time": 36067052,
    "tag": "824",
    "total_cost_by_ms": 12.60099983215332,
    "wait_cost": 5.660999774932861
}
