{
    "child_model_execute_cost_by_ms": [
        10.538999557495117
    ],
    "child_model_run_time": [
        [
            36079678,
            36090217
        ]
    ],
    "execute_cost": 10.538999557495117,
    "finish_time": 36090227,
    "limit_cost_by_ms": 8.529666900634766,
    "model_name": "googlenet",
    "recv_time": 36034937,
    "tag": "823",
    "total_cost_by_ms": 55.290000915527344,
    "wait_cost": 44.750999450683594
}
