{
    "child_model_execute_cost_by_ms": [
        13.52400016784668
    ],
    "child_model_run_time": [
        [
            36500424,
            36513948
        ]
    ],
    "execute_cost": 13.52400016784668,
    "finish_time": 36513959,
    "limit_cost_by_ms": 6.894999980926514,
    "model_name": "gpt128v2",
    "recv_time": 36492188,
    "tag": "823",
    "total_cost_by_ms": 21.770999908447266,
    "wait_cost": 8.246999740600586
}
