{
    "child_model_execute_cost_by_ms": [
        18.951000213623047,
        17.496999740600586,
        21.45599937438965
    ],
    "child_model_run_time": [
        [
            36463905,
            36482856
        ],
        [
            36482893,
            36500390
        ],
        [
            36514045,
            36535501
        ]
    ],
    "execute_cost": 57.90399932861328,
    "finish_time": 36535503,
    "limit_cost_by_ms": 44.492332458496094,
    "model_name": "vgg19",
    "recv_time": 36433867,
    "tag": "821",
    "total_cost_by_ms": 101.63600158691406,
    "wait_cost": 43.73200225830078
}
