{
    "child_model_execute_cost_by_ms": [
        13.229999542236328
    ],
    "child_model_run_time": [
        [
            36125059,
            36138289
        ]
    ],
    "execute_cost": 13.229999542236328,
    "finish_time": 36138298,
    "limit_cost_by_ms": 6.9683332443237305,
    "model_name": "gpt128v2",
    "recv_time": 36116737,
    "tag": "826",
    "total_cost_by_ms": 21.56100082397461,
    "wait_cost": 8.331001281738281
}
