{
    "child_model_execute_cost_by_ms": [
        6.150000095367432
    ],
    "child_model_run_time": [
        [
            36550214,
            36556364
        ]
    ],
    "execute_cost": 6.150000095367432,
    "finish_time": 36556374,
    "limit_cost_by_ms": 5.7816667556762695,
    "model_name": "yolov2",
    "recv_time": 36535900,
    "tag": "825",
    "total_cost_by_ms": 20.474000930786133,
    "wait_cost": 14.32400131225586
}
