{
    "child_model_execute_cost_by_ms": [
        14.331000328063965,
        13.402999877929688
    ],
    "child_model_run_time": [
        [
            36535828,
            36550159
        ],
        [
            36556476,
            36569879
        ]
    ],
    "execute_cost": 27.73400115966797,
    "finish_time": 36569886,
    "limit_cost_by_ms": 18.256332397460938,
    "model_name": "resnet50",
    "recv_time": 36535759,
    "tag": "824",
    "total_cost_by_ms": 34.12699890136719,
    "wait_cost": 6.392997741699219
}
