{
    "child_model_execute_cost_by_ms": [
        9.697999954223633
    ],
    "child_model_run_time": [
        [
            36154723,
            36164421
        ]
    ],
    "execute_cost": 9.697999954223633,
    "finish_time": 36164432,
    "limit_cost_by_ms": 8.529666900634766,
    "model_name": "googlenet",
    "recv_time": 36142969,
    "tag": "828",
    "total_cost_by_ms": 21.46299934387207,
    "wait_cost": 11.764999389648438
}
