{
    "child_model_execute_cost_by_ms": [
        6.251999855041504
    ],
    "child_model_run_time": [
        [
            36183310,
            36189562
        ]
    ],
    "execute_cost": 6.251999855041504,
    "finish_time": 36189574,
    "limit_cost_by_ms": 5.815999984741211,
    "model_name": "yolov2",
    "recv_time": 36175396,
    "tag": "829",
    "total_cost_by_ms": 14.178000450134277,
    "wait_cost": 7.926000595092773
}
