{
    "child_model_execute_cost_by_ms": [
        9.708999633789063
    ],
    "child_model_run_time": [
        [
            36589323,
            36599032
        ]
    ],
    "execute_cost": 9.708999633789063,
    "finish_time": 36599043,
    "limit_cost_by_ms": 8.904333114624023,
    "model_name": "googlenet",
    "recv_time": 36579250,
    "tag": "827",
    "total_cost_by_ms": 19.792999267578125,
    "wait_cost": 10.083999633789063
}
