{
    "child_model_execute_cost_by_ms": [
        19.29400062561035,
        18.01099967956543,
        19.031999588012695
    ],
    "child_model_run_time": [
        [
            36569937,
            36589231
        ],
        [
            36599166,
            36617177
        ],
        [
            36617217,
            36636249
        ]
    ],
    "execute_cost": 56.336997985839844,
    "finish_time": 36636251,
    "limit_cost_by_ms": 44.492332458496094,
    "model_name": "vgg19",
    "recv_time": 36538798,
    "tag": "826",
    "total_cost_by_ms": 97.4530029296875,
    "wait_cost": 41.116004943847656
}
