{
    "child_model_execute_cost_by_ms": [
        18.264999389648438,
        18.690000534057617,
        20.540000915527344
    ],
    "child_model_run_time": [
        [
            36090286,
            36108551
        ],
        [
            36164560,
            36183250
        ],
        [
            36189716,
            36210256
        ]
    ],
    "execute_cost": 57.49500274658203,
    "finish_time": 36210268,
    "limit_cost_by_ms": 44.79933166503906,
    "model_name": "vgg19",
    "recv_time": 35911753,
    "tag": "817",
    "total_cost_by_ms": 298.5150146484375,
    "wait_cost": 241.02001953125
}
