{
    "child_model_execute_cost_by_ms": [
        13.529999732971191
    ],
    "child_model_run_time": [
        [
            36637431,
            36650961
        ]
    ],
    "execute_cost": 13.529999732971191,
    "finish_time": 36650966,
    "limit_cost_by_ms": 6.894999980926514,
    "model_name": "gpt128v2",
    "recv_time": 36637380,
    "tag": "828",
    "total_cost_by_ms": 13.586000442504883,
    "wait_cost": 0.056000709533691406
}
