{
    "child_model_execute_cost_by_ms": [
        9.928999900817871
    ],
    "child_model_run_time": [
        [
            36224976,
            36234905
        ]
    ],
    "execute_cost": 9.928999900817871,
    "finish_time": 36234912,
    "limit_cost_by_ms": 6.9683332443237305,
    "model_name": "gpt128v2",
    "recv_time": 36217124,
    "tag": "831",
    "total_cost_by_ms": 17.788000106811523,
    "wait_cost": 7.859000205993652
}
