{
    "child_model_execute_cost_by_ms": [
        14.524999618530273,
        16.100000381469727
    ],
    "child_model_run_time": [
        [
            36210361,
            36224886
        ],
        [
            36235116,
            36251216
        ]
    ],
    "execute_cost": 30.625,
    "finish_time": 36251226,
    "limit_cost_by_ms": 18.771333694458008,
    "model_name": "resnet50",
    "recv_time": 36203918,
    "tag": "830",
    "total_cost_by_ms": 47.30799865722656,
    "wait_cost": 16.682998657226563
}
