{
    "child_model_execute_cost_by_ms": [
        6.377999782562256
    ],
    "child_model_run_time": [
        [
            36681164,
            36687542
        ]
    ],
    "execute_cost": 6.377999782562256,
    "finish_time": 36687551,
    "limit_cost_by_ms": 5.7816667556762695,
    "model_name": "yolov2",
    "recv_time": 36674953,
    "tag": "831",
    "total_cost_by_ms": 12.597999572753906,
    "wait_cost": 6.21999979019165
}
