{
    "child_model_execute_cost_by_ms": [
        9.14799976348877
    ],
    "child_model_run_time": [
        [
            36251323,
            36260471
        ]
    ],
    "execute_cost": 9.14799976348877,
    "finish_time": 36260476,
    "limit_cost_by_ms": 8.529666900634766,
    "model_name": "googlenet",
    "recv_time": 36243433,
    "tag": "833",
    "total_cost_by_ms": 17.042999267578125,
    "wait_cost": 7.8949995040893555
}
