{
    "child_model_execute_cost_by_ms": [
        18.48200035095215,
        17.07900047302246,
        19.100000381469727
    ],
    "child_model_run_time": [
        [
            19227054,
            19245536
        ],
        [
            19245566,
            19262645
        ],
        [
            19268946,
            19288046
        ]
    ],
    "execute_cost": 54.66100311279297,
    "finish_time": 19288048,
    "limit_cost_by_ms": 44.492332458496094,
    "model_name": "vgg19",
    "recv_time": 19212330,
    "tag": "83",
    "total_cost_by_ms": 75.71800231933594,
    "wait_cost": 21.05699920654297
}
