{
    "child_model_execute_cost_by_ms": [
        13.371999740600586
    ],
    "child_model_run_time": [
        [
            19197987,
            19211359
        ]
    ],
    "execute_cost": 13.371999740600586,
    "finish_time": 19211371,
    "limit_cost_by_ms": 6.9683332443237305,
    "model_name": "gpt128v2",
    "recv_time": 19188707,
    "tag": "85",
    "total_cost_by_ms": 22.663999557495117,
    "wait_cost": 9.291999816894531
}
