{
    "child_model_execute_cost_by_ms": [
        9.682999610900879
    ],
    "child_model_run_time": [
        [
            36706910,
            36716593
        ]
    ],
    "execute_cost": 9.682999610900879,
    "finish_time": 36716602,
    "limit_cost_by_ms": 8.904333114624023,
    "model_name": "googlenet",
    "recv_time": 36695402,
    "tag": "832",
    "total_cost_by_ms": 21.200000762939453,
    "wait_cost": 11.517001152038574
}
