{
    "child_model_execute_cost_by_ms": [
        44.04399871826172
    ],
    "child_model_run_time": [
        [
            36260538,
            36304582
        ]
    ],
    "execute_cost": 44.04399871826172,
    "finish_time": 36304587,
    "limit_cost_by_ms": 44.79933166503906,
    "model_name": "vgg19",
    "recv_time": 36022795,
    "tag": "822",
    "total_cost_by_ms": 281.7919921875,
    "wait_cost": 237.74798583984375
}
