{
    "child_model_execute_cost_by_ms": [
        19.16900062561035,
        17.905000686645508,
        20.233999252319336
    ],
    "child_model_run_time": [
        [
            36687651,
            36706820
        ],
        [
            36716648,
            36734553
        ],
        [
            36734575,
            36754809
        ]
    ],
    "execute_cost": 57.30799865722656,
    "finish_time": 36754812,
    "limit_cost_by_ms": 44.492332458496094,
    "model_name": "vgg19",
    "recv_time": 36653435,
    "tag": "830",
    "total_cost_by_ms": 101.37699890136719,
    "wait_cost": 44.069000244140625
}
