{
    "child_model_execute_cost_by_ms": [
        6.9770002365112305
    ],
    "child_model_run_time": [
        [
            36304657,
            36311634
        ]
    ],
    "execute_cost": 6.9770002365112305,
    "finish_time": 36311644,
    "limit_cost_by_ms": 5.815999984741211,
    "model_name": "yolov2",
    "recv_time": 36275928,
    "tag": "834",
    "total_cost_by_ms": 35.715999603271484,
    "wait_cost": 28.738998413085938
}
