{
    "child_model_execute_cost_by_ms": [
        13.192999839782715
    ],
    "child_model_run_time": [
        [
            36346635,
            36359828
        ]
    ],
    "execute_cost": 13.192999839782715,
    "finish_time": 36359836,
    "limit_cost_by_ms": 6.9683332443237305,
    "model_name": "gpt128v2",
    "recv_time": 36341500,
    "tag": "837",
    "total_cost_by_ms": 18.336000442504883,
    "wait_cost": 5.143000602722168
}
