{
    "child_model_execute_cost_by_ms": [
        12.022000312805176
    ],
    "child_model_run_time": [
        [
            36359906,
            36371928
        ]
    ],
    "execute_cost": 12.022000312805176,
    "finish_time": 36371939,
    "limit_cost_by_ms": 8.529666900634766,
    "model_name": "googlenet",
    "recv_time": 36353589,
    "tag": "838",
    "total_cost_by_ms": 18.350000381469727,
    "wait_cost": 6.328000068664551
}
