{
    "child_model_execute_cost_by_ms": [
        6.441999912261963
    ],
    "child_model_run_time": [
        [
            36386071,
            36392513
        ]
    ],
    "execute_cost": 6.441999912261963,
    "finish_time": 36392524,
    "limit_cost_by_ms": 5.815999984741211,
    "model_name": "yolov2",
    "recv_time": 36379972,
    "tag": "839",
    "total_cost_by_ms": 12.552000045776367,
    "wait_cost": 6.110000133514404
}
