{
    "child_model_execute_cost_by_ms": [
        6.38700008392334
    ],
    "child_model_run_time": [
        [
            36826892,
            36833279
        ]
    ],
    "execute_cost": 6.38700008392334,
    "finish_time": 36833285,
    "limit_cost_by_ms": 5.7816667556762695,
    "model_name": "yolov2",
    "recv_time": 36817248,
    "tag": "837",
    "total_cost_by_ms": 16.03700065612793,
    "wait_cost": 9.65000057220459
}
