{
    "child_model_execute_cost_by_ms": [
        18.264999389648438,
        18.945999145507813,
        19.23900032043457
    ],
    "child_model_run_time": [
        [
            36311826,
            36330091
        ],
        [
            36392542,
            36411488
        ],
        [
            36411514,
            36430753
        ]
    ],
    "execute_cost": 56.44999694824219,
    "finish_time": 36430758,
    "limit_cost_by_ms": 44.79933166503906,
    "model_name": "vgg19",
    "recv_time": 36125111,
    "tag": "827",
    "total_cost_by_ms": 305.6470031738281,
    "wait_cost": 249.19700622558594
}
