{
    "child_model_execute_cost_by_ms": [
        18.26300048828125,
        17.865999221801758,
        19.27400016784668
    ],
    "child_model_run_time": [
        [
            36798843,
            36817106
        ],
        [
            36833360,
            36851226
        ],
        [
            36851253,
            36870527
        ]
    ],
    "execute_cost": 55.40299987792969,
    "finish_time": 36870529,
    "limit_cost_by_ms": 44.492332458496094,
    "model_name": "vgg19",
    "recv_time": 36770845,
    "tag": "835",
    "total_cost_by_ms": 99.68399810791016,
    "wait_cost": 44.28099822998047
}
