{
    "child_model_execute_cost_by_ms": [
        14.20300006866455,
        12.979000091552734
    ],
    "child_model_run_time": [
        [
            36430797,
            36445000
        ],
        [
            36445023,
            36458002
        ]
    ],
    "execute_cost": 27.18199920654297,
    "finish_time": 36458008,
    "limit_cost_by_ms": 18.771333694458008,
    "model_name": "resnet50",
    "recv_time": 36412603,
    "tag": "840",
    "total_cost_by_ms": 45.404998779296875,
    "wait_cost": 18.222999572753906
}
