{
    "child_model_execute_cost_by_ms": [
        13.416000366210938
    ],
    "child_model_run_time": [
        [
            36871719,
            36885135
        ]
    ],
    "execute_cost": 13.416000366210938,
    "finish_time": 36885141,
    "limit_cost_by_ms": 6.894999980926514,
    "model_name": "gpt128v2",
    "recv_time": 36871660,
    "tag": "838",
    "total_cost_by_ms": 13.480999946594238,
    "wait_cost": 0.06499958038330078
}
