{
    "child_model_execute_cost_by_ms": [
        45.32600021362305
    ],
    "child_model_run_time": [
        [
            36458053,
            36503379
        ]
    ],
    "execute_cost": 45.32600021362305,
    "finish_time": 36503384,
    "limit_cost_by_ms": 44.79933166503906,
    "model_name": "vgg19",
    "recv_time": 36229277,
    "tag": "832",
    "total_cost_by_ms": 274.10699462890625,
    "wait_cost": 228.78099060058594
}
