{
    "child_model_execute_cost_by_ms": [
        9.871000289916992
    ],
    "child_model_run_time": [
        [
            36934897,
            36944768
        ]
    ],
    "execute_cost": 9.871000289916992,
    "finish_time": 36944778,
    "limit_cost_by_ms": 8.904333114624023,
    "model_name": "googlenet",
    "recv_time": 36928644,
    "tag": "841",
    "total_cost_by_ms": 16.134000778198242,
    "wait_cost": 6.26300048828125
}
