{
    "child_model_execute_cost_by_ms": [
        7.1579999923706055
    ],
    "child_model_run_time": [
        [
            36503421,
            36510579
        ]
    ],
    "execute_cost": 7.1579999923706055,
    "finish_time": 36510588,
    "limit_cost_by_ms": 5.815999984741211,
    "model_name": "yolov2",
    "recv_time": 36490182,
    "tag": "844",
    "total_cost_by_ms": 20.4060001373291,
    "wait_cost": 13.248000144958496
}
