{
    "child_model_execute_cost_by_ms": [
        11.989999771118164
    ],
    "child_model_run_time": [
        [
            19211413,
            19223403
        ]
    ],
    "execute_cost": 11.989999771118164,
    "finish_time": 19223413,
    "limit_cost_by_ms": 8.529666900634766,
    "model_name": "googlenet",
    "recv_time": 19198045,
    "tag": "87",
    "total_cost_by_ms": 25.368000030517578,
    "wait_cost": 13.378000259399414
}
