{
    "child_model_execute_cost_by_ms": [
        13.079000473022461
    ],
    "child_model_run_time": [
        [
            19289200,
            19302279
        ]
    ],
    "execute_cost": 13.079000473022461,
    "finish_time": 19302284,
    "limit_cost_by_ms": 6.894999980926514,
    "model_name": "gpt128v2",
    "recv_time": 19289188,
    "tag": "85",
    "total_cost_by_ms": 13.095999717712402,
    "wait_cost": 0.016999244689941406
}
