{
    "child_model_execute_cost_by_ms": [
        13.480999946594238
    ],
    "child_model_run_time": [
        [
            36510724,
            36524205
        ]
    ],
    "execute_cost": 13.480999946594238,
    "finish_time": 36524213,
    "limit_cost_by_ms": 6.9683332443237305,
    "model_name": "gpt128v2",
    "recv_time": 36462059,
    "tag": "843",
    "total_cost_by_ms": 62.15399932861328,
    "wait_cost": 48.67300033569336
}
