{
    "child_model_execute_cost_by_ms": [
        12.154999732971191
    ],
    "child_model_run_time": [
        [
            36524265,
            36536420
        ]
    ],
    "execute_cost": 12.154999732971191,
    "finish_time": 36536429,
    "limit_cost_by_ms": 8.529666900634766,
    "model_name": "googlenet",
    "recv_time": 36461174,
    "tag": "842",
    "total_cost_by_ms": 75.25499725341797,
    "wait_cost": 63.099998474121094
}
