{
    "child_model_execute_cost_by_ms": [
        19.433000564575195,
        18.542999267578125,
        19.485000610351563
    ],
    "child_model_run_time": [
        [
            36915383,
            36934816
        ],
        [
            36944828,
            36963371
        ],
        [
            36969659,
            36989144
        ]
    ],
    "execute_cost": 57.46099853515625,
    "finish_time": 36989146,
    "limit_cost_by_ms": 44.492332458496094,
    "model_name": "vgg19",
    "recv_time": 36888320,
    "tag": "840",
    "total_cost_by_ms": 100.82599639892578,
    "wait_cost": 43.36499786376953
}
