{
    "child_model_execute_cost_by_ms": [
        14.4350004196167,
        12.9350004196167
    ],
    "child_model_run_time": [
        [
            36536447,
            36550882
        ],
        [
            36550909,
            36563844
        ]
    ],
    "execute_cost": 27.3700008392334,
    "finish_time": 36563850,
    "limit_cost_by_ms": 18.771333694458008,
    "model_name": "resnet50",
    "recv_time": 36532643,
    "tag": "846",
    "total_cost_by_ms": 31.207000732421875,
    "wait_cost": 3.8369998931884766
}
