{
    "child_model_execute_cost_by_ms": [
        51.55500030517578
    ],
    "child_model_run_time": [
        [
            36563907,
            36615462
        ]
    ],
    "execute_cost": 51.55500030517578,
    "finish_time": 36615466,
    "limit_cost_by_ms": 44.79933166503906,
    "model_name": "vgg19",
    "recv_time": 36332655,
    "tag": "836",
    "total_cost_by_ms": 282.8110046386719,
    "wait_cost": 231.25601196289063
}
