{
    "child_model_execute_cost_by_ms": [
        7.256999969482422
    ],
    "child_model_run_time": [
        [
            36615542,
            36622799
        ]
    ],
    "execute_cost": 7.256999969482422,
    "finish_time": 36622809,
    "limit_cost_by_ms": 5.815999984741211,
    "model_name": "yolov2",
    "recv_time": 36600421,
    "tag": "849",
    "total_cost_by_ms": 22.38800048828125,
    "wait_cost": 15.131000518798828
}
