{
    "child_model_execute_cost_by_ms": [
        13.477999687194824
    ],
    "child_model_run_time": [
        [
            36622950,
            36636428
        ]
    ],
    "execute_cost": 13.477999687194824,
    "finish_time": 36636437,
    "limit_cost_by_ms": 6.9683332443237305,
    "model_name": "gpt128v2",
    "recv_time": 36583832,
    "tag": "847",
    "total_cost_by_ms": 52.60499954223633,
    "wait_cost": 39.12699890136719
}
