{
    "child_model_execute_cost_by_ms": [
        18.895999908447266,
        18.222000122070313,
        19.604000091552734
    ],
    "child_model_run_time": [
        [
            37034505,
            37053401
        ],
        [
            37063179,
            37081401
        ],
        [
            37087669,
            37107273
        ]
    ],
    "execute_cost": 56.72200012207031,
    "finish_time": 37107275,
    "limit_cost_by_ms": 44.492332458496094,
    "model_name": "vgg19",
    "recv_time": 37012720,
    "tag": "845",
    "total_cost_by_ms": 94.55500030517578,
    "wait_cost": 37.83300018310547
}
