{
    "child_model_execute_cost_by_ms": [
        12.276000022888184
    ],
    "child_model_run_time": [
        [
            36636478,
            36648754
        ]
    ],
    "execute_cost": 12.276000022888184,
    "finish_time": 36648764,
    "limit_cost_by_ms": 8.529666900634766,
    "model_name": "googlenet",
    "recv_time": 36582880,
    "tag": "848",
    "total_cost_by_ms": 65.88400268554688,
    "wait_cost": 53.608001708984375
}
