{
    "child_model_execute_cost_by_ms": [
        13.161999702453613
    ],
    "child_model_run_time": [
        [
            37108614,
            37121776
        ]
    ],
    "execute_cost": 13.161999702453613,
    "finish_time": 37121787,
    "limit_cost_by_ms": 6.894999980926514,
    "model_name": "gpt128v2",
    "recv_time": 37108559,
    "tag": "848",
    "total_cost_by_ms": 13.227999687194824,
    "wait_cost": 0.06599998474121094
}
