{
    "child_model_execute_cost_by_ms": [
        13.468999862670898
    ],
    "child_model_run_time": [
        [
            36712988,
            36726457
        ]
    ],
    "execute_cost": 13.468999862670898,
    "finish_time": 36726469,
    "limit_cost_by_ms": 6.9683332443237305,
    "model_name": "gpt128v2",
    "recv_time": 36696392,
    "tag": "852",
    "total_cost_by_ms": 30.07699966430664,
    "wait_cost": 16.607999801635742
}
