{
    "child_model_execute_cost_by_ms": [
        9.991999626159668
    ],
    "child_model_run_time": [
        [
            37171494,
            37181486
        ]
    ],
    "execute_cost": 9.991999626159668,
    "finish_time": 37181496,
    "limit_cost_by_ms": 8.904333114624023,
    "model_name": "googlenet",
    "recv_time": 37156401,
    "tag": "851",
    "total_cost_by_ms": 25.094999313354492,
    "wait_cost": 15.102999687194824
}
