{
    "child_model_execute_cost_by_ms": [
        8.789999961853027
    ],
    "child_model_run_time": [
        [
            36726504,
            36735294
        ]
    ],
    "execute_cost": 8.789999961853027,
    "finish_time": 36735304,
    "limit_cost_by_ms": 5.815999984741211,
    "model_name": "yolov2",
    "recv_time": 36716539,
    "tag": "854",
    "total_cost_by_ms": 18.764999389648438,
    "wait_cost": 9.97499942779541
}
