{
    "child_model_execute_cost_by_ms": [
        6.0879998207092285
    ],
    "child_model_run_time": [
        [
            19237700,
            19243788
        ]
    ],
    "execute_cost": 6.0879998207092285,
    "finish_time": 19243796,
    "limit_cost_by_ms": 5.815999984741211,
    "model_name": "yolov2",
    "recv_time": 19231306,
    "tag": "89",
    "total_cost_by_ms": 12.489999771118164,
    "wait_cost": 6.4019999504089355
}
