{
    "child_model_execute_cost_by_ms": [
        9.885000228881836
    ],
    "child_model_run_time": [
        [
            19304587,
            19314472
        ]
    ],
    "execute_cost": 9.885000228881836,
    "finish_time": 19314480,
    "limit_cost_by_ms": 8.904333114624023,
    "model_name": "googlenet",
    "recv_time": 19304573,
    "tag": "86",
    "total_cost_by_ms": 9.906999588012695,
    "wait_cost": 0.021999359130859375
}
