{
    "child_model_execute_cost_by_ms": [
        9.70199966430664
    ],
    "child_model_run_time": [
        [
            36735456,
            36745158
        ]
    ],
    "execute_cost": 9.70199966430664,
    "finish_time": 36745168,
    "limit_cost_by_ms": 8.529666900634766,
    "model_name": "googlenet",
    "recv_time": 36696494,
    "tag": "853",
    "total_cost_by_ms": 48.67399978637695,
    "wait_cost": 38.97200012207031
}
