{
    "child_model_execute_cost_by_ms": [
        19.097000122070313,
        17.95800018310547,
        19.326000213623047
    ],
    "child_model_run_time": [
        [
            37152305,
            37171402
        ],
        [
            37181537,
            37199495
        ],
        [
            37205810,
            37225136
        ]
    ],
    "execute_cost": 56.38100051879883,
    "finish_time": 37225138,
    "limit_cost_by_ms": 44.492332458496094,
    "model_name": "vgg19",
    "recv_time": 37124139,
    "tag": "850",
    "total_cost_by_ms": 100.9990005493164,
    "wait_cost": 44.61800003051758
}
