{
    "child_model_execute_cost_by_ms": [
        18.57900047302246,
        18.624000549316406,
        19.777000427246094
    ],
    "child_model_run_time": [
        [
            36648802,
            36667381
        ],
        [
            36694308,
            36712932
        ],
        [
            36745243,
            36765020
        ]
    ],
    "execute_cost": 56.980003356933594,
    "finish_time": 36765026,
    "limit_cost_by_ms": 44.79933166503906,
    "model_name": "vgg19",
    "recv_time": 36430790,
    "tag": "841",
    "total_cost_by_ms": 334.2359924316406,
    "wait_cost": 277.2559814453125
}
