{
    "child_model_execute_cost_by_ms": [
        10.848999977111816
    ],
    "child_model_run_time": [
        [
            36814557,
            36825406
        ]
    ],
    "execute_cost": 10.848999977111816,
    "finish_time": 36825414,
    "limit_cost_by_ms": 8.529666900634766,
    "model_name": "googlenet",
    "recv_time": 36800009,
    "tag": "857",
    "total_cost_by_ms": 25.405000686645508,
    "wait_cost": 14.556000709533691
}
