{
    "child_model_execute_cost_by_ms": [
        6.564000129699707
    ],
    "child_model_run_time": [
        [
            36825607,
            36832171
        ]
    ],
    "execute_cost": 6.564000129699707,
    "finish_time": 36832180,
    "limit_cost_by_ms": 5.815999984741211,
    "model_name": "yolov2",
    "recv_time": 36824629,
    "tag": "859",
    "total_cost_by_ms": 7.551000118255615,
    "wait_cost": 0.9869999885559082
}
