{
    "child_model_execute_cost_by_ms": [
        15.727999687194824,
        16.195999145507813
    ],
    "child_model_run_time": [
        [
            37225438,
            37241166
        ],
        [
            37254877,
            37271073
        ]
    ],
    "execute_cost": 31.923999786376953,
    "finish_time": 37271078,
    "limit_cost_by_ms": 18.256332397460938,
    "model_name": "resnet50",
    "recv_time": 37225381,
    "tag": "853",
    "total_cost_by_ms": 45.696998596191406,
    "wait_cost": 13.772998809814453
}
