{
    "child_model_execute_cost_by_ms": [
        13.520000457763672
    ],
    "child_model_run_time": [
        [
            36832314,
            36845834
        ]
    ],
    "execute_cost": 13.520000457763672,
    "finish_time": 36845843,
    "limit_cost_by_ms": 6.9683332443237305,
    "model_name": "gpt128v2",
    "recv_time": 36820505,
    "tag": "858",
    "total_cost_by_ms": 25.33799934387207,
    "wait_cost": 11.817998886108398
}
