{
    "child_model_execute_cost_by_ms": [
        6.186999797821045
    ],
    "child_model_run_time": [
        [
            37317595,
            37323782
        ]
    ],
    "execute_cost": 6.186999797821045,
    "finish_time": 37323792,
    "limit_cost_by_ms": 5.7816667556762695,
    "model_name": "yolov2",
    "recv_time": 37300701,
    "tag": "857",
    "total_cost_by_ms": 23.090999603271484,
    "wait_cost": 16.90399932861328
}
