{
    "child_model_execute_cost_by_ms": [
        14.543999671936035,
        15.633000373840332
    ],
    "child_model_run_time": [
        [
            36799944,
            36814488
        ],
        [
            36845896,
            36861529
        ]
    ],
    "execute_cost": 30.177000045776367,
    "finish_time": 36861536,
    "limit_cost_by_ms": 18.771333694458008,
    "model_name": "resnet50",
    "recv_time": 36795626,
    "tag": "856",
    "total_cost_by_ms": 65.91000366210938,
    "wait_cost": 35.733001708984375
}
