{
    "child_model_execute_cost_by_ms": [
        19.33099937438965,
        17.114999771118164,
        19.533000946044922
    ],
    "child_model_run_time": [
        [
            37281099,
            37300430
        ],
        [
            37300452,
            37317567
        ],
        [
            37323805,
            37343338
        ]
    ],
    "execute_cost": 55.979000091552734,
    "finish_time": 37343340,
    "limit_cost_by_ms": 44.492332458496094,
    "model_name": "vgg19",
    "recv_time": 37254928,
    "tag": "855",
    "total_cost_by_ms": 88.41200256347656,
    "wait_cost": 32.43300247192383
}
