{
    "child_model_execute_cost_by_ms": [
        17.774999618530273,
        17.006000518798828,
        19.4950008392334
    ],
    "child_model_run_time": [
        [
            36765093,
            36782868
        ],
        [
            36782900,
            36799906
        ],
        [
            36861609,
            36881104
        ]
    ],
    "execute_cost": 54.2760009765625,
    "finish_time": 36881110,
    "limit_cost_by_ms": 44.79933166503906,
    "model_name": "vgg19",
    "recv_time": 36532564,
    "tag": "845",
    "total_cost_by_ms": 348.5459899902344,
    "wait_cost": 294.2699890136719
}
