{
    "child_model_execute_cost_by_ms": [
        9.862000465393066
    ],
    "child_model_run_time": [
        [
            36915925,
            36925787
        ]
    ],
    "execute_cost": 9.862000465393066,
    "finish_time": 36925798,
    "limit_cost_by_ms": 8.529666900634766,
    "model_name": "googlenet",
    "recv_time": 36907794,
    "tag": "861",
    "total_cost_by_ms": 18.003999710083008,
    "wait_cost": 8.141999244689941
}
