{
    "child_model_execute_cost_by_ms": [
        7.376999855041504
    ],
    "child_model_run_time": [
        [
            36940802,
            36948179
        ]
    ],
    "execute_cost": 7.376999855041504,
    "finish_time": 36948189,
    "limit_cost_by_ms": 5.815999984741211,
    "model_name": "yolov2",
    "recv_time": 36932117,
    "tag": "863",
    "total_cost_by_ms": 16.07200050354004,
    "wait_cost": 8.695000648498535
}
