{
    "child_model_execute_cost_by_ms": [
        15.670000076293945,
        15.940999984741211
    ],
    "child_model_run_time": [
        [
            37343744,
            37359414
        ],
        [
            37373042,
            37388983
        ]
    ],
    "execute_cost": 31.611000061035156,
    "finish_time": 37388986,
    "limit_cost_by_ms": 18.256332397460938,
    "model_name": "resnet50",
    "recv_time": 37343579,
    "tag": "858",
    "total_cost_by_ms": 45.40700149536133,
    "wait_cost": 13.796001434326172
}
