{
    "child_model_execute_cost_by_ms": [
        13.298999786376953
    ],
    "child_model_run_time": [
        [
            36948384,
            36961683
        ]
    ],
    "execute_cost": 13.298999786376953,
    "finish_time": 36961692,
    "limit_cost_by_ms": 6.9683332443237305,
    "model_name": "gpt128v2",
    "recv_time": 36945010,
    "tag": "864",
    "total_cost_by_ms": 16.68199920654297,
    "wait_cost": 3.3829994201660156
}
