{
    "child_model_execute_cost_by_ms": [
        9.793999671936035
    ],
    "child_model_run_time": [
        [
            37389269,
            37399063
        ]
    ],
    "execute_cost": 9.793999671936035,
    "finish_time": 37399072,
    "limit_cost_by_ms": 8.904333114624023,
    "model_name": "googlenet",
    "recv_time": 37389217,
    "tag": "860",
    "total_cost_by_ms": 9.854999542236328,
    "wait_cost": 0.06099987030029297
}
