{
    "child_model_execute_cost_by_ms": [
        14.107999801635742,
        12.564000129699707
    ],
    "child_model_run_time": [
        [
            19223492,
            19237600
        ],
        [
            19243836,
            19256400
        ]
    ],
    "execute_cost": 26.672000885009766,
    "finish_time": 19256404,
    "limit_cost_by_ms": 18.771333694458008,
    "model_name": "resnet50",
    "recv_time": 19192806,
    "tag": "86",
    "total_cost_by_ms": 63.597999572753906,
    "wait_cost": 36.92599868774414
}
