{
    "child_model_execute_cost_by_ms": [
        15.034000396728516,
        12.744999885559082
    ],
    "child_model_run_time": [
        [
            19314693,
            19329727
        ],
        [
            19329766,
            19342511
        ]
    ],
    "execute_cost": 27.77899932861328,
    "finish_time": 19342516,
    "limit_cost_by_ms": 18.256332397460938,
    "model_name": "resnet50",
    "recv_time": 19310916,
    "tag": "87",
    "total_cost_by_ms": 31.600000381469727,
    "wait_cost": 3.8210010528564453
}
