{
    "child_model_execute_cost_by_ms": [
        6.248000144958496
    ],
    "child_model_run_time": [
        [
            37435774,
            37442022
        ]
    ],
    "execute_cost": 6.248000144958496,
    "finish_time": 37442031,
    "limit_cost_by_ms": 5.7816667556762695,
    "model_name": "yolov2",
    "recv_time": 37417878,
    "tag": "862",
    "total_cost_by_ms": 24.152999877929688,
    "wait_cost": 17.904998779296875
}
