{
    "child_model_execute_cost_by_ms": [
        17.815000534057617,
        16.875999450683594,
        19.31599998474121
    ],
    "child_model_run_time": [
        [
            36881156,
            36898971
        ],
        [
            36899007,
            36915883
        ],
        [
            36977377,
            36996693
        ]
    ],
    "execute_cost": 54.00700378417969,
    "finish_time": 36996699,
    "limit_cost_by_ms": 44.79933166503906,
    "model_name": "vgg19",
    "recv_time": 36667467,
    "tag": "851",
    "total_cost_by_ms": 329.23199462890625,
    "wait_cost": 275.2249755859375
}
