{
    "child_model_execute_cost_by_ms": [
        18.582000732421875,
        17.888999938964844,
        19.525999069213867
    ],
    "child_model_run_time": [
        [
            37399184,
            37417766
        ],
        [
            37417798,
            37435687
        ],
        [
            37442088,
            37461614
        ]
    ],
    "execute_cost": 55.99700164794922,
    "finish_time": 37461616,
    "limit_cost_by_ms": 44.492332458496094,
    "model_name": "vgg19",
    "recv_time": 37396112,
    "tag": "861",
    "total_cost_by_ms": 65.50399780273438,
    "wait_cost": 9.506996154785156
}
