{
    "child_model_execute_cost_by_ms": [
        17.788999557495117,
        16.819000244140625,
        19.868999481201172
    ],
    "child_model_run_time": [
        [
            36996747,
            37014536
        ],
        [
            37014567,
            37031386
        ],
        [
            37031418,
            37051287
        ]
    ],
    "execute_cost": 54.47700119018555,
    "finish_time": 37051291,
    "limit_cost_by_ms": 44.79933166503906,
    "model_name": "vgg19",
    "recv_time": 36787553,
    "tag": "855",
    "total_cost_by_ms": 263.7380065917969,
    "wait_cost": 209.26100158691406
}
