{
    "child_model_execute_cost_by_ms": [
        10.125
    ],
    "child_model_run_time": [
        [
            37051362,
            37061487
        ]
    ],
    "execute_cost": 10.125,
    "finish_time": 37061495,
    "limit_cost_by_ms": 8.529666900634766,
    "model_name": "googlenet",
    "recv_time": 37036063,
    "tag": "867",
    "total_cost_by_ms": 25.43199920654297,
    "wait_cost": 15.306999206542969
}
