{
    "child_model_execute_cost_by_ms": [
        7.558000087738037
    ],
    "child_model_run_time": [
        [
            37061590,
            37069148
        ]
    ],
    "execute_cost": 7.558000087738037,
    "finish_time": 37069159,
    "limit_cost_by_ms": 5.815999984741211,
    "model_name": "yolov2",
    "recv_time": 37056366,
    "tag": "868",
    "total_cost_by_ms": 12.793000221252441,
    "wait_cost": 5.235000133514404
}
