{
    "child_model_execute_cost_by_ms": [
        9.829000473022461
    ],
    "child_model_run_time": [
        [
            37508069,
            37517898
        ]
    ],
    "execute_cost": 9.829000473022461,
    "finish_time": 37517908,
    "limit_cost_by_ms": 8.904333114624023,
    "model_name": "googlenet",
    "recv_time": 37492072,
    "tag": "866",
    "total_cost_by_ms": 25.836000442504883,
    "wait_cost": 16.006999969482422
}
