{
    "child_model_execute_cost_by_ms": [
        13.333999633789063
    ],
    "child_model_run_time": [
        [
            37069370,
            37082704
        ]
    ],
    "execute_cost": 13.333999633789063,
    "finish_time": 37082715,
    "limit_cost_by_ms": 6.9683332443237305,
    "model_name": "gpt128v2",
    "recv_time": 37065398,
    "tag": "869",
    "total_cost_by_ms": 17.316999435424805,
    "wait_cost": 3.982999801635742
}
