{
    "child_model_execute_cost_by_ms": [
        19.107999801635742,
        17.930999755859375,
        19.316999435424805
    ],
    "child_model_run_time": [
        [
            37517984,
            37537092
        ],
        [
            37543398,
            37561329
        ],
        [
            37561362,
            37580679
        ]
    ],
    "execute_cost": 56.35600280761719,
    "finish_time": 37580681,
    "limit_cost_by_ms": 44.492332458496094,
    "model_name": "vgg19",
    "recv_time": 37489554,
    "tag": "865",
    "total_cost_by_ms": 91.12699890136719,
    "wait_cost": 34.77099609375
}
