{
    "child_model_execute_cost_by_ms": [
        16.7549991607666,
        12.458000183105469
    ],
    "child_model_run_time": [
        [
            37082743,
            37099498
        ],
        [
            37099534,
            37111992
        ]
    ],
    "execute_cost": 29.21299934387207,
    "finish_time": 37111997,
    "limit_cost_by_ms": 18.771333694458008,
    "model_name": "resnet50",
    "recv_time": 37031981,
    "tag": "866",
    "total_cost_by_ms": 80.01599884033203,
    "wait_cost": 50.803001403808594
}
