{
    "child_model_execute_cost_by_ms": [
        9.975000381469727
    ],
    "child_model_run_time": [
        [
            37162111,
            37172086
        ]
    ],
    "execute_cost": 9.975000381469727,
    "finish_time": 37172096,
    "limit_cost_by_ms": 8.529666900634766,
    "model_name": "googlenet",
    "recv_time": 37148329,
    "tag": "872",
    "total_cost_by_ms": 23.767000198364258,
    "wait_cost": 13.791999816894531
}
