{
    "child_model_execute_cost_by_ms": [
        13.456000328063965
    ],
    "child_model_run_time": [
        [
            37581902,
            37595358
        ]
    ],
    "execute_cost": 13.456000328063965,
    "finish_time": 37595366,
    "limit_cost_by_ms": 6.894999980926514,
    "model_name": "gpt128v2",
    "recv_time": 37581846,
    "tag": "868",
    "total_cost_by_ms": 13.520000457763672,
    "wait_cost": 0.06400012969970703
}
