{
    "child_model_execute_cost_by_ms": [
        17.200000762939453,
        13.265000343322754
    ],
    "child_model_run_time": [
        [
            37595396,
            37612596
        ],
        [
            37612645,
            37625910
        ]
    ],
    "execute_cost": 30.46500015258789,
    "finish_time": 37625916,
    "limit_cost_by_ms": 18.256332397460938,
    "model_name": "resnet50",
    "recv_time": 37590408,
    "tag": "869",
    "total_cost_by_ms": 35.507999420166016,
    "wait_cost": 5.042999267578125
}
