{
    "child_model_execute_cost_by_ms": [
        6.677000045776367
    ],
    "child_model_run_time": [
        [
            37172188,
            37178865
        ]
    ],
    "execute_cost": 6.677000045776367,
    "finish_time": 37178876,
    "limit_cost_by_ms": 5.815999984741211,
    "model_name": "yolov2",
    "recv_time": 37164378,
    "tag": "873",
    "total_cost_by_ms": 14.498000144958496,
    "wait_cost": 7.821000099182129
}
