{
    "child_model_execute_cost_by_ms": [
        14.211999893188477,
        14.788000106811523
    ],
    "child_model_run_time": [
        [
            37147827,
            37162039
        ],
        [
            37178902,
            37193690
        ]
    ],
    "execute_cost": 29.0,
    "finish_time": 37193696,
    "limit_cost_by_ms": 18.771333694458008,
    "model_name": "resnet50",
    "recv_time": 37140240,
    "tag": "871",
    "total_cost_by_ms": 53.45600128173828,
    "wait_cost": 24.45600128173828
}
