{
    "child_model_execute_cost_by_ms": [
        18.46500015258789,
        18.468000411987305,
        18.863000869750977
    ],
    "child_model_run_time": [
        [
            19179467,
            19197932
        ],
        [
            19256540,
            19275008
        ],
        [
            19275093,
            19293956
        ]
    ],
    "execute_cost": 55.795997619628906,
    "finish_time": 19293961,
    "limit_cost_by_ms": 44.79933166503906,
    "model_name": "vgg19",
    "recv_time": 19083936,
    "tag": "81",
    "total_cost_by_ms": 210.02499389648438,
    "wait_cost": 154.22900390625
}
