{
    "child_model_execute_cost_by_ms": [
        6.2179999351501465
    ],
    "child_model_run_time": [
        [
            19378788,
            19385006
        ]
    ],
    "execute_cost": 6.2179999351501465,
    "finish_time": 19385016,
    "limit_cost_by_ms": 5.7816667556762695,
    "model_name": "yolov2",
    "recv_time": 19363630,
    "tag": "89",
    "total_cost_by_ms": 21.38599967956543,
    "wait_cost": 15.167999267578125
}
