{
    "child_model_execute_cost_by_ms": [
        18.735000610351563,
        16.867000579833984,
        19.038999557495117
    ],
    "child_model_run_time": [
        [
            37635936,
            37654671
        ],
        [
            37661107,
            37677974
        ],
        [
            37678006,
            37697045
        ]
    ],
    "execute_cost": 54.64099884033203,
    "finish_time": 37697047,
    "limit_cost_by_ms": 44.492332458496094,
    "model_name": "vgg19",
    "recv_time": 37620778,
    "tag": "871",
    "total_cost_by_ms": 76.26899719238281,
    "wait_cost": 21.62799835205078
}
