{
    "child_model_execute_cost_by_ms": [
        18.833999633789063,
        16.857999801635742,
        22.297000885009766
    ],
    "child_model_run_time": [
        [
            37112064,
            37130898
        ],
        [
            37130934,
            37147792
        ],
        [
            37207437,
            37229734
        ]
    ],
    "execute_cost": 57.9890022277832,
    "finish_time": 37229742,
    "limit_cost_by_ms": 44.79933166503906,
    "model_name": "vgg19",
    "recv_time": 36907720,
    "tag": "860",
    "total_cost_by_ms": 322.0220031738281,
    "wait_cost": 264.0329895019531
}
