{
    "child_model_execute_cost_by_ms": [
        44.62900161743164
    ],
    "child_model_run_time": [
        [
            37229791,
            37274420
        ]
    ],
    "execute_cost": 44.62900161743164,
    "finish_time": 37274425,
    "limit_cost_by_ms": 44.79933166503906,
    "model_name": "vgg19",
    "recv_time": 37023953,
    "tag": "865",
    "total_cost_by_ms": 250.4720001220703,
    "wait_cost": 205.84300231933594
}
