{
    "child_model_execute_cost_by_ms": [
        7.326000213623047
    ],
    "child_model_run_time": [
        [
            37274619,
            37281945
        ]
    ],
    "execute_cost": 7.326000213623047,
    "finish_time": 37281955,
    "limit_cost_by_ms": 5.815999984741211,
    "model_name": "yolov2",
    "recv_time": 37273044,
    "tag": "878",
    "total_cost_by_ms": 8.91100025177002,
    "wait_cost": 1.5850000381469727
}
