{
    "child_model_execute_cost_by_ms": [
        12.493000030517578
    ],
    "child_model_run_time": [
        [
            37726823,
            37739316
        ]
    ],
    "execute_cost": 12.493000030517578,
    "finish_time": 37739326,
    "limit_cost_by_ms": 8.904333114624023,
    "model_name": "googlenet",
    "recv_time": 37703078,
    "tag": "875",
    "total_cost_by_ms": 36.24800109863281,
    "wait_cost": 23.755001068115234
}
