{
    "child_model_execute_cost_by_ms": [
        10.22599983215332
    ],
    "child_model_run_time": [
        [
            37282080,
            37292306
        ]
    ],
    "execute_cost": 10.22599983215332,
    "finish_time": 37292314,
    "limit_cost_by_ms": 8.529666900634766,
    "model_name": "googlenet",
    "recv_time": 37256926,
    "tag": "877",
    "total_cost_by_ms": 35.38800048828125,
    "wait_cost": 25.16200065612793
}
