{
    "child_model_execute_cost_by_ms": [
        15.265000343322754,
        14.571999549865723
    ],
    "child_model_run_time": [
        [
            37292415,
            37307680
        ],
        [
            37307764,
            37322336
        ]
    ],
    "execute_cost": 29.836999893188477,
    "finish_time": 37322341,
    "limit_cost_by_ms": 18.771333694458008,
    "model_name": "resnet50",
    "recv_time": 37244803,
    "tag": "876",
    "total_cost_by_ms": 77.53800201416016,
    "wait_cost": 47.70100402832031
}
