{
    "child_model_execute_cost_by_ms": [
        19.493999481201172,
        17.788999557495117,
        19.42300033569336
    ],
    "child_model_run_time": [
        [
            37760513,
            37780007
        ],
        [
            37780040,
            37797829
        ],
        [
            37797918,
            37817341
        ]
    ],
    "execute_cost": 56.705997467041016,
    "finish_time": 37817343,
    "limit_cost_by_ms": 44.492332458496094,
    "model_name": "vgg19",
    "recv_time": 37719144,
    "tag": "876",
    "total_cost_by_ms": 98.1989974975586,
    "wait_cost": 41.49300003051758
}
