{
    "child_model_execute_cost_by_ms": [
        13.491999626159668
    ],
    "child_model_run_time": [
        [
            37322643,
            37336135
        ]
    ],
    "execute_cost": 13.491999626159668,
    "finish_time": 37336147,
    "limit_cost_by_ms": 6.9683332443237305,
    "model_name": "gpt128v2",
    "recv_time": 37314811,
    "tag": "879",
    "total_cost_by_ms": 21.336000442504883,
    "wait_cost": 7.844000816345215
}
