{
    "child_model_execute_cost_by_ms": [
        13.097999572753906
    ],
    "child_model_run_time": [
        [
            37834078,
            37847176
        ]
    ],
    "execute_cost": 13.097999572753906,
    "finish_time": 37847187,
    "limit_cost_by_ms": 6.894999980926514,
    "model_name": "gpt128v2",
    "recv_time": 37831641,
    "tag": "879",
    "total_cost_by_ms": 15.545999526977539,
    "wait_cost": 2.447999954223633
}
