{
    "child_model_execute_cost_by_ms": [
        9.619999885559082
    ],
    "child_model_run_time": [
        [
            37376931,
            37386551
        ]
    ],
    "execute_cost": 9.619999885559082,
    "finish_time": 37386555,
    "limit_cost_by_ms": 8.529666900634766,
    "model_name": "googlenet",
    "recv_time": 37370030,
    "tag": "882",
    "total_cost_by_ms": 16.524999618530273,
    "wait_cost": 6.904999732971191
}
