{
    "child_model_execute_cost_by_ms": [
        6.211999893188477
    ],
    "child_model_run_time": [
        [
            37402114,
            37408326
        ]
    ],
    "execute_cost": 6.211999893188477,
    "finish_time": 37408335,
    "limit_cost_by_ms": 5.815999984741211,
    "model_name": "yolov2",
    "recv_time": 37387022,
    "tag": "883",
    "total_cost_by_ms": 21.312999725341797,
    "wait_cost": 15.10099983215332
}
