{
    "child_model_execute_cost_by_ms": [
        15.102999687194824,
        12.79699993133545
    ],
    "child_model_run_time": [
        [
            37386744,
            37401847
        ],
        [
            37408464,
            37421261
        ]
    ],
    "execute_cost": 27.899999618530273,
    "finish_time": 37421270,
    "limit_cost_by_ms": 18.771333694458008,
    "model_name": "resnet50",
    "recv_time": 37365892,
    "tag": "881",
    "total_cost_by_ms": 55.37799835205078,
    "wait_cost": 27.477998733520508
}
