{
    "child_model_execute_cost_by_ms": [
        19.052000045776367,
        17.054000854492188,
        19.18600082397461
    ],
    "child_model_run_time": [
        [
            19342623,
            19361675
        ],
        [
            19361702,
            19378756
        ],
        [
            19385030,
            19404216
        ]
    ],
    "execute_cost": 55.2920036315918,
    "finish_time": 19404218,
    "limit_cost_by_ms": 44.492332458496094,
    "model_name": "vgg19",
    "recv_time": 19339259,
    "tag": "88",
    "total_cost_by_ms": 64.95899963378906,
    "wait_cost": 9.666996002197266
}
