{
    "child_model_execute_cost_by_ms": [
        13.303999900817871
    ],
    "child_model_run_time": [
        [
            19312485,
            19325789
        ]
    ],
    "execute_cost": 13.303999900817871,
    "finish_time": 19325800,
    "limit_cost_by_ms": 6.9683332443237305,
    "model_name": "gpt128v2",
    "recv_time": 19297154,
    "tag": "91",
    "total_cost_by_ms": 28.645999908447266,
    "wait_cost": 15.342000007629395
}
