{
    "child_model_execute_cost_by_ms": [
        6.296999931335449
    ],
    "child_model_run_time": [
        [
            37911472,
            37917769
        ]
    ],
    "execute_cost": 6.296999931335449,
    "finish_time": 37917777,
    "limit_cost_by_ms": 5.7816667556762695,
    "model_name": "yolov2",
    "recv_time": 37894813,
    "tag": "882",
    "total_cost_by_ms": 22.964000701904297,
    "wait_cost": 16.66699981689453
}
