{
    "child_model_execute_cost_by_ms": [
        22.003000259399414,
        18.531999588012695,
        19.770999908447266
    ],
    "child_model_run_time": [
        [
            37336272,
            37358275
        ],
        [
            37358360,
            37376892
        ],
        [
            37421327,
            37441098
        ]
    ],
    "execute_cost": 60.305999755859375,
    "finish_time": 37441105,
    "limit_cost_by_ms": 44.79933166503906,
    "model_name": "vgg19",
    "recv_time": 37120202,
    "tag": "870",
    "total_cost_by_ms": 320.90301513671875,
    "wait_cost": 260.5970153808594
}
