{
    "child_model_execute_cost_by_ms": [
        18.81399917602539,
        18.187000274658203,
        19.788999557495117
    ],
    "child_model_run_time": [
        [
            37874394,
            37893208
        ],
        [
            37893241,
            37911428
        ],
        [
            37917962,
            37937751
        ]
    ],
    "execute_cost": 56.790000915527344,
    "finish_time": 37937753,
    "limit_cost_by_ms": 44.492332458496094,
    "model_name": "vgg19",
    "recv_time": 37848392,
    "tag": "880",
    "total_cost_by_ms": 89.36100006103516,
    "wait_cost": 32.57099914550781
}
