{
    "child_model_execute_cost_by_ms": [
        13.680999755859375
    ],
    "child_model_run_time": [
        [
            37441160,
            37454841
        ]
    ],
    "execute_cost": 13.680999755859375,
    "finish_time": 37454851,
    "limit_cost_by_ms": 6.9683332443237305,
    "model_name": "gpt128v2",
    "recv_time": 37423814,
    "tag": "884",
    "total_cost_by_ms": 31.03700065612793,
    "wait_cost": 17.356000900268555
}
