{
    "child_model_execute_cost_by_ms": [
        13.427000045776367
    ],
    "child_model_run_time": [
        [
            37954017,
            37967444
        ]
    ],
    "execute_cost": 13.427000045776367,
    "finish_time": 37967457,
    "limit_cost_by_ms": 6.894999980926514,
    "model_name": "gpt128v2",
    "recv_time": 37946605,
    "tag": "884",
    "total_cost_by_ms": 20.851999282836914,
    "wait_cost": 7.424999237060547
}
