{
    "child_model_execute_cost_by_ms": [
        46.948001861572266
    ],
    "child_model_run_time": [
        [
            37454879,
            37501827
        ]
    ],
    "execute_cost": 46.948001861572266,
    "finish_time": 37501831,
    "limit_cost_by_ms": 44.79933166503906,
    "model_name": "vgg19",
    "recv_time": 37220560,
    "tag": "875",
    "total_cost_by_ms": 281.27099609375,
    "wait_cost": 234.322998046875
}
