{
    "child_model_execute_cost_by_ms": [
        7.104000091552734
    ],
    "child_model_run_time": [
        [
            37501964,
            37509068
        ]
    ],
    "execute_cost": 7.104000091552734,
    "finish_time": 37509078,
    "limit_cost_by_ms": 5.815999984741211,
    "model_name": "yolov2",
    "recv_time": 37498632,
    "tag": "888",
    "total_cost_by_ms": 10.446000099182129,
    "wait_cost": 3.3420000076293945
}
