{
    "child_model_execute_cost_by_ms": [
        9.9399995803833
    ],
    "child_model_run_time": [
        [
            37984553,
            37994493
        ]
    ],
    "execute_cost": 9.9399995803833,
    "finish_time": 37994503,
    "limit_cost_by_ms": 8.904333114624023,
    "model_name": "googlenet",
    "recv_time": 37984490,
    "tag": "885",
    "total_cost_by_ms": 10.012999534606934,
    "wait_cost": 0.07299995422363281
}
