{
    "child_model_execute_cost_by_ms": [
        9.949000358581543
    ],
    "child_model_run_time": [
        [
            37509260,
            37519209
        ]
    ],
    "execute_cost": 9.949000358581543,
    "finish_time": 37519213,
    "limit_cost_by_ms": 8.529666900634766,
    "model_name": "googlenet",
    "recv_time": 37474374,
    "tag": "886",
    "total_cost_by_ms": 44.8390007019043,
    "wait_cost": 34.88999938964844
}
