{
    "child_model_execute_cost_by_ms": [
        13.517999649047852
    ],
    "child_model_run_time": [
        [
            37535397,
            37548915
        ]
    ],
    "execute_cost": 13.517999649047852,
    "finish_time": 37548927,
    "limit_cost_by_ms": 6.9683332443237305,
    "model_name": "gpt128v2",
    "recv_time": 37528642,
    "tag": "889",
    "total_cost_by_ms": 20.28499984741211,
    "wait_cost": 6.767000198364258
}
