{
    "child_model_execute_cost_by_ms": [
        15.871999740600586,
        16.086000442504883
    ],
    "child_model_run_time": [
        [
            37519450,
            37535322
        ],
        [
            37548957,
            37565043
        ]
    ],
    "execute_cost": 31.95800018310547,
    "finish_time": 37565051,
    "limit_cost_by_ms": 18.771333694458008,
    "model_name": "resnet50",
    "recv_time": 37482463,
    "tag": "887",
    "total_cost_by_ms": 82.58799743652344,
    "wait_cost": 50.62999725341797
}
