{
    "child_model_execute_cost_by_ms": [
        19.190000534057617,
        17.746999740600586,
        19.3439998626709
    ],
    "child_model_run_time": [
        [
            37994638,
            38013828
        ],
        [
            38020416,
            38038163
        ],
        [
            38038197,
            38057541
        ]
    ],
    "execute_cost": 56.28099822998047,
    "finish_time": 38057543,
    "limit_cost_by_ms": 44.492332458496094,
    "model_name": "vgg19",
    "recv_time": 37987132,
    "tag": "886",
    "total_cost_by_ms": 70.41100311279297,
    "wait_cost": 14.1300048828125
}
