{
    "child_model_execute_cost_by_ms": [
        9.031000137329102
    ],
    "child_model_run_time": [
        [
            37584626,
            37593657
        ]
    ],
    "execute_cost": 9.031000137329102,
    "finish_time": 37593662,
    "limit_cost_by_ms": 8.529666900634766,
    "model_name": "googlenet",
    "recv_time": 37583287,
    "tag": "891",
    "total_cost_by_ms": 10.375,
    "wait_cost": 1.3439998626708984
}
