{
    "child_model_execute_cost_by_ms": [
        14.395999908447266,
        12.835000038146973
    ],
    "child_model_run_time": [
        [
            37610350,
            37624746
        ],
        [
            37624829,
            37637664
        ]
    ],
    "execute_cost": 27.230998992919922,
    "finish_time": 37637669,
    "limit_cost_by_ms": 18.771333694458008,
    "model_name": "resnet50",
    "recv_time": 37593939,
    "tag": "892",
    "total_cost_by_ms": 43.72999954223633,
    "wait_cost": 16.499000549316406
}
