{
    "child_model_execute_cost_by_ms": [
        6.446000099182129
    ],
    "child_model_run_time": [
        [
            37637810,
            37644256
        ]
    ],
    "execute_cost": 6.446000099182129,
    "finish_time": 37644265,
    "limit_cost_by_ms": 5.815999984741211,
    "model_name": "yolov2",
    "recv_time": 37627665,
    "tag": "893",
    "total_cost_by_ms": 16.600000381469727,
    "wait_cost": 10.154000282287598
}
