{
    "child_model_execute_cost_by_ms": [
        11.989999771118164
    ],
    "child_model_run_time": [
        [
            19325849,
            19337839
        ]
    ],
    "execute_cost": 11.989999771118164,
    "finish_time": 19337851,
    "limit_cost_by_ms": 8.529666900634766,
    "model_name": "googlenet",
    "recv_time": 19294065,
    "tag": "90",
    "total_cost_by_ms": 43.7859992980957,
    "wait_cost": 31.79599952697754
}
