{
    "child_model_execute_cost_by_ms": [
        19.45599937438965,
        16.509000778198242,
        20.599000930786133
    ],
    "child_model_run_time": [
        [
            37565124,
            37584580
        ],
        [
            37593700,
            37610209
        ],
        [
            37644363,
            37664962
        ]
    ],
    "execute_cost": 56.564002990722656,
    "finish_time": 37664970,
    "limit_cost_by_ms": 44.79933166503906,
    "model_name": "vgg19",
    "recv_time": 37341752,
    "tag": "880",
    "total_cost_by_ms": 323.2179870605469,
    "wait_cost": 266.65399169921875
}
