{
    "child_model_execute_cost_by_ms": [
        13.324000358581543
    ],
    "child_model_run_time": [
        [
            37665061,
            37678385
        ]
    ],
    "execute_cost": 13.324000358581543,
    "finish_time": 37678394,
    "limit_cost_by_ms": 6.9683332443237305,
    "model_name": "gpt128v2",
    "recv_time": 37648934,
    "tag": "894",
    "total_cost_by_ms": 29.459999084472656,
    "wait_cost": 16.135997772216797
}
