{
    "child_model_execute_cost_by_ms": [
        18.73900032043457,
        17.302000045776367,
        19.038000106811523
    ],
    "child_model_run_time": [
        [
            38120852,
            38139591
        ],
        [
            38139627,
            38156929
        ],
        [
            38156960,
            38175998
        ]
    ],
    "execute_cost": 55.079002380371094,
    "finish_time": 38176000,
    "limit_cost_by_ms": 44.492332458496094,
    "model_name": "vgg19",
    "recv_time": 38104509,
    "tag": "892",
    "total_cost_by_ms": 71.49099731445313,
    "wait_cost": 16.41199493408203
}
