{
    "child_model_execute_cost_by_ms": [
        46.064998626708984
    ],
    "child_model_run_time": [
        [
            37678420,
            37724485
        ]
    ],
    "execute_cost": 46.064998626708984,
    "finish_time": 37724490,
    "limit_cost_by_ms": 44.79933166503906,
    "model_name": "vgg19",
    "recv_time": 37452098,
    "tag": "885",
    "total_cost_by_ms": 272.3919982910156,
    "wait_cost": 226.32699584960938
}
