{
    "child_model_execute_cost_by_ms": [
        17.60300064086914,
        13.0600004196167
    ],
    "child_model_run_time": [
        [
            38191055,
            38208658
        ],
        [
            38218745,
            38231805
        ]
    ],
    "execute_cost": 30.663002014160156,
    "finish_time": 38231811,
    "limit_cost_by_ms": 18.256332397460938,
    "model_name": "resnet50",
    "recv_time": 38176314,
    "tag": "894",
    "total_cost_by_ms": 55.49700164794922,
    "wait_cost": 24.833999633789063
}
