{
    "child_model_execute_cost_by_ms": [
        15.258999824523926,
        13.41100025177002
    ],
    "child_model_run_time": [
        [
            37734128,
            37749387
        ],
        [
            37749428,
            37762839
        ]
    ],
    "execute_cost": 28.670000076293945,
    "finish_time": 37762844,
    "limit_cost_by_ms": 18.771333694458008,
    "model_name": "resnet50",
    "recv_time": 37711600,
    "tag": "897",
    "total_cost_by_ms": 51.24399948120117,
    "wait_cost": 22.573999404907227
}
