{
    "child_model_execute_cost_by_ms": [
        6.3520002365112305
    ],
    "child_model_run_time": [
        [
            38231973,
            38238325
        ]
    ],
    "execute_cost": 6.3520002365112305,
    "finish_time": 38238335,
    "limit_cost_by_ms": 5.7816667556762695,
    "model_name": "yolov2",
    "recv_time": 38221441,
    "tag": "897",
    "total_cost_by_ms": 16.893999099731445,
    "wait_cost": 10.541998863220215
}
