{
    "child_model_execute_cost_by_ms": [
        6.678999900817871
    ],
    "child_model_run_time": [
        [
            37762937,
            37769616
        ]
    ],
    "execute_cost": 6.678999900817871,
    "finish_time": 37769628,
    "limit_cost_by_ms": 5.815999984741211,
    "model_name": "yolov2",
    "recv_time": 37756167,
    "tag": "898",
    "total_cost_by_ms": 13.461000442504883,
    "wait_cost": 6.782000541687012
}
