{
    "child_model_execute_cost_by_ms": [
        13.130999565124512
    ],
    "child_model_run_time": [
        [
            37770808,
            37783939
        ]
    ],
    "execute_cost": 13.130999565124512,
    "finish_time": 37783947,
    "limit_cost_by_ms": 6.9683332443237305,
    "model_name": "gpt128v2",
    "recv_time": 37770796,
    "tag": "899",
    "total_cost_by_ms": 13.151000022888184,
    "wait_cost": 0.020000457763671875
}
