{
    "child_model_execute_cost_by_ms": [
        18.909000396728516,
        16.72100067138672,
        18.981000900268555
    ],
    "child_model_run_time": [
        [
            38238366,
            38257275
        ],
        [
            38257378,
            38274099
        ],
        [
            38274187,
            38293168
        ]
    ],
    "execute_cost": 54.611000061035156,
    "finish_time": 38293170,
    "limit_cost_by_ms": 44.492332458496094,
    "model_name": "vgg19",
    "recv_time": 38208922,
    "tag": "896",
    "total_cost_by_ms": 84.24800109863281,
    "wait_cost": 29.637001037597656
}
