{
    "child_model_execute_cost_by_ms": [
        14.70300006866455,
        14.220999717712402
    ],
    "child_model_run_time": [
        [
            38293583,
            38308286
        ],
        [
            38308326,
            38322547
        ]
    ],
    "execute_cost": 28.923999786376953,
    "finish_time": 38322551,
    "limit_cost_by_ms": 18.256332397460938,
    "model_name": "resnet50",
    "recv_time": 38293535,
    "tag": "898",
    "total_cost_by_ms": 29.016000747680664,
    "wait_cost": 0.09200096130371094
}
