{
    "child_model_execute_cost_by_ms": [
        21.31399917602539,
        16.83300018310547,
        18.92300033569336
    ],
    "child_model_run_time": [
        [
            37783978,
            37805292
        ],
        [
            37805320,
            37822153
        ],
        [
            37822181,
            37841104
        ]
    ],
    "execute_cost": 57.06999969482422,
    "finish_time": 37841109,
    "limit_cost_by_ms": 44.79933166503906,
    "model_name": "vgg19",
    "recv_time": 37567207,
    "tag": "890",
    "total_cost_by_ms": 273.9020080566406,
    "wait_cost": 216.83200073242188
}
