{
    "child_model_execute_cost_by_ms": [
        14.317000389099121,
        12.871999740600586
    ],
    "child_model_run_time": [
        [
            37841171,
            37855488
        ],
        [
            37855526,
            37868398
        ]
    ],
    "execute_cost": 27.18899917602539,
    "finish_time": 37868403,
    "limit_cost_by_ms": 18.771333694458008,
    "model_name": "resnet50",
    "recv_time": 37832042,
    "tag": "901",
    "total_cost_by_ms": 36.361000061035156,
    "wait_cost": 9.172000885009766
}
