{
    "child_model_execute_cost_by_ms": [
        13.659000396728516
    ],
    "child_model_run_time": [
        [
            38322605,
            38336264
        ]
    ],
    "execute_cost": 13.659000396728516,
    "finish_time": 38336272,
    "limit_cost_by_ms": 6.894999980926514,
    "model_name": "gpt128v2",
    "recv_time": 38314870,
    "tag": "899",
    "total_cost_by_ms": 21.402000427246094,
    "wait_cost": 7.743000030517578
}
