{
    "child_model_execute_cost_by_ms": [
        11.972000122070313
    ],
    "child_model_run_time": [
        [
            38336302,
            38348274
        ]
    ],
    "execute_cost": 11.972000122070313,
    "finish_time": 38348283,
    "limit_cost_by_ms": 8.904333114624023,
    "model_name": "googlenet",
    "recv_time": 38319111,
    "tag": "901",
    "total_cost_by_ms": 29.172000885009766,
    "wait_cost": 17.200000762939453
}
