{
    "child_model_execute_cost_by_ms": [
        6.474999904632568
    ],
    "child_model_run_time": [
        [
            37868505,
            37874980
        ]
    ],
    "execute_cost": 6.474999904632568,
    "finish_time": 37874989,
    "limit_cost_by_ms": 5.815999984741211,
    "model_name": "yolov2",
    "recv_time": 37860222,
    "tag": "902",
    "total_cost_by_ms": 14.767000198364258,
    "wait_cost": 8.291999816894531
}
