{
    "child_model_execute_cost_by_ms": [
        6.369999885559082
    ],
    "child_model_run_time": [
        [
            17506366,
            17512736
        ]
    ],
    "execute_cost": 6.369999885559082,
    "finish_time": 17512745,
    "limit_cost_by_ms": 5.815999984741211,
    "model_name": "yolov2",
    "recv_time": 17499809,
    "tag": "12",
    "total_cost_by_ms": 12.935999870300293,
    "wait_cost": 6.565999984741211
}
