{
    "child_model_execute_cost_by_ms": [
        19.26300048828125,
        17.902999877929688,
        20.141000747680664
    ],
    "child_model_run_time": [
        [
            17497608,
            17516871
        ],
        [
            17516908,
            17534811
        ],
        [
            17534843,
            17554984
        ]
    ],
    "execute_cost": 57.30699920654297,
    "finish_time": 17554986,
    "limit_cost_by_ms": 44.492332458496094,
    "model_name": "vgg19",
    "recv_time": 17448589,
    "tag": "9",
    "total_cost_by_ms": 106.39700317382813,
    "wait_cost": 49.090003967285156
}
