{
    "child_model_execute_cost_by_ms": [
        6.03000020980835
    ],
    "child_model_run_time": [
        [
            19352503,
            19358533
        ]
    ],
    "execute_cost": 6.03000020980835,
    "finish_time": 19358539,
    "limit_cost_by_ms": 5.815999984741211,
    "model_name": "yolov2",
    "recv_time": 19343819,
    "tag": "94",
    "total_cost_by_ms": 14.720000267028809,
    "wait_cost": 8.690000534057617
}
