{
    "child_model_execute_cost_by_ms": [
        9.63700008392334
    ],
    "child_model_run_time": [
        [
            19420997,
            19430634
        ]
    ],
    "execute_cost": 9.63700008392334,
    "finish_time": 19430638,
    "limit_cost_by_ms": 8.904333114624023,
    "model_name": "googlenet",
    "recv_time": 19420945,
    "tag": "91",
    "total_cost_by_ms": 9.692999839782715,
    "wait_cost": 0.055999755859375
}
