{
    "child_model_execute_cost_by_ms": [
        6.27400016784668
    ],
    "child_model_run_time": [
        [
            38348358,
            38354632
        ]
    ],
    "execute_cost": 6.27400016784668,
    "finish_time": 38354641,
    "limit_cost_by_ms": 5.7816667556762695,
    "model_name": "yolov2",
    "recv_time": 38341730,
    "tag": "902",
    "total_cost_by_ms": 12.91100025177002,
    "wait_cost": 6.63700008392334
}
