{
    "child_model_execute_cost_by_ms": [
        10.27299976348877
    ],
    "child_model_run_time": [
        [
            37875125,
            37885398
        ]
    ],
    "execute_cost": 10.27299976348877,
    "finish_time": 37885406,
    "limit_cost_by_ms": 8.529666900634766,
    "model_name": "googlenet",
    "recv_time": 37864302,
    "tag": "903",
    "total_cost_by_ms": 21.104000091552734,
    "wait_cost": 10.831000328063965
}
