{
    "child_model_execute_cost_by_ms": [
        18.429000854492188,
        16.969999313354492,
        18.92799949645996
    ],
    "child_model_run_time": [
        [
            38354738,
            38373167
        ],
        [
            38373197,
            38390167
        ],
        [
            38390198,
            38409126
        ]
    ],
    "execute_cost": 54.327003479003906,
    "finish_time": 38409128,
    "limit_cost_by_ms": 44.492332458496094,
    "model_name": "vgg19",
    "recv_time": 38315007,
    "tag": "900",
    "total_cost_by_ms": 94.12100219726563,
    "wait_cost": 39.79399871826172
}
