{
    "child_model_execute_cost_by_ms": [
        13.138999938964844
    ],
    "child_model_run_time": [
        [
            37885478,
            37898617
        ]
    ],
    "execute_cost": 13.138999938964844,
    "finish_time": 37898626,
    "limit_cost_by_ms": 6.9683332443237305,
    "model_name": "gpt128v2",
    "recv_time": 37877515,
    "tag": "904",
    "total_cost_by_ms": 21.111000061035156,
    "wait_cost": 7.9720001220703125
}
