{
    "child_model_execute_cost_by_ms": [
        14.050999641418457,
        12.885000228881836
    ],
    "child_model_run_time": [
        [
            37936579,
            37950630
        ],
        [
            37950667,
            37963552
        ]
    ],
    "execute_cost": 26.93600082397461,
    "finish_time": 37963556,
    "limit_cost_by_ms": 18.771333694458008,
    "model_name": "resnet50",
    "recv_time": 37931872,
    "tag": "906",
    "total_cost_by_ms": 31.68400001525879,
    "wait_cost": 4.74799919128418
}
