{
    "child_model_execute_cost_by_ms": [
        21.030000686645508,
        16.812999725341797,
        20.02899932861328
    ],
    "child_model_run_time": [
        [
            37898657,
            37919687
        ],
        [
            37919723,
            37936536
        ],
        [
            37963683,
            37983712
        ]
    ],
    "execute_cost": 57.87200164794922,
    "finish_time": 37983718,
    "limit_cost_by_ms": 44.79933166503906,
    "model_name": "vgg19",
    "recv_time": 37673218,
    "tag": "895",
    "total_cost_by_ms": 310.5,
    "wait_cost": 252.62799072265625
}
