{
    "child_model_execute_cost_by_ms": [
        6.645999908447266
    ],
    "child_model_run_time": [
        [
            37983807,
            37990453
        ]
    ],
    "execute_cost": 6.645999908447266,
    "finish_time": 37990463,
    "limit_cost_by_ms": 5.815999984741211,
    "model_name": "yolov2",
    "recv_time": 37972070,
    "tag": "907",
    "total_cost_by_ms": 18.39299964904785,
    "wait_cost": 11.746999740600586
}
