{
    "child_model_execute_cost_by_ms": [
        10.758000373840332
    ],
    "child_model_run_time": [
        [
            37990590,
            38001348
        ]
    ],
    "execute_cost": 10.758000373840332,
    "finish_time": 38001357,
    "limit_cost_by_ms": 8.529666900634766,
    "model_name": "googlenet",
    "recv_time": 37984424,
    "tag": "908",
    "total_cost_by_ms": 16.933000564575195,
    "wait_cost": 6.175000190734863
}
