{
    "child_model_execute_cost_by_ms": [
        13.29800033569336
    ],
    "child_model_run_time": [
        [
            38001441,
            38014739
        ]
    ],
    "execute_cost": 13.29800033569336,
    "finish_time": 38014749,
    "limit_cost_by_ms": 6.9683332443237305,
    "model_name": "gpt128v2",
    "recv_time": 37993556,
    "tag": "909",
    "total_cost_by_ms": 21.19300079345703,
    "wait_cost": 7.895000457763672
}
