{
    "child_model_execute_cost_by_ms": [
        19.031999588012695,
        17.27400016784668,
        19.041000366210938
    ],
    "child_model_run_time": [
        [
            38471395,
            38490427
        ],
        [
            38490461,
            38507735
        ],
        [
            38507767,
            38526808
        ]
    ],
    "execute_cost": 55.34700012207031,
    "finish_time": 38526810,
    "limit_cost_by_ms": 44.492332458496094,
    "model_name": "vgg19",
    "recv_time": 38442116,
    "tag": "905",
    "total_cost_by_ms": 84.69400024414063,
    "wait_cost": 29.347000122070313
}
