{
    "child_model_execute_cost_by_ms": [
        13.940999984741211,
        12.538000106811523
    ],
    "child_model_run_time": [
        [
            38052883,
            38066824
        ],
        [
            38066851,
            38079389
        ]
    ],
    "execute_cost": 26.479000091552734,
    "finish_time": 38079394,
    "limit_cost_by_ms": 18.771333694458008,
    "model_name": "resnet50",
    "recv_time": 38044187,
    "tag": "911",
    "total_cost_by_ms": 35.207000732421875,
    "wait_cost": 8.72800064086914
}
