{
    "child_model_execute_cost_by_ms": [
        9.057999610900879
    ],
    "child_model_run_time": [
        [
            38079438,
            38088496
        ]
    ],
    "execute_cost": 9.057999610900879,
    "finish_time": 38088503,
    "limit_cost_by_ms": 8.529666900634766,
    "model_name": "googlenet",
    "recv_time": 38072285,
    "tag": "912",
    "total_cost_by_ms": 16.218000411987305,
    "wait_cost": 7.160000801086426
}
