{
    "child_model_execute_cost_by_ms": [
        21.125999450683594,
        16.922000885009766,
        20.38800048828125
    ],
    "child_model_run_time": [
        [
            38014777,
            38035903
        ],
        [
            38035931,
            38052853
        ],
        [
            38088565,
            38108953
        ]
    ],
    "execute_cost": 58.43600082397461,
    "finish_time": 38108957,
    "limit_cost_by_ms": 44.79933166503906,
    "model_name": "vgg19",
    "recv_time": 37796003,
    "tag": "900",
    "total_cost_by_ms": 312.9540100097656,
    "wait_cost": 254.51800537109375
}
