{
    "child_model_execute_cost_by_ms": [
        14.550000190734863,
        12.48900032043457
    ],
    "child_model_run_time": [
        [
            19337914,
            19352464
        ],
        [
            19358640,
            19371129
        ]
    ],
    "execute_cost": 27.03900146484375,
    "finish_time": 19371133,
    "limit_cost_by_ms": 18.771333694458008,
    "model_name": "resnet50",
    "recv_time": 19305285,
    "tag": "92",
    "total_cost_by_ms": 65.8479995727539,
    "wait_cost": 38.808998107910156
}
