{
    "child_model_execute_cost_by_ms": [
        6.428999900817871
    ],
    "child_model_run_time": [
        [
            38109013,
            38115442
        ]
    ],
    "execute_cost": 6.428999900817871,
    "finish_time": 38115452,
    "limit_cost_by_ms": 5.815999984741211,
    "model_name": "yolov2",
    "recv_time": 38104746,
    "tag": "913",
    "total_cost_by_ms": 10.706000328063965,
    "wait_cost": 4.277000427246094
}
