{
    "child_model_execute_cost_by_ms": [
        13.270999908447266
    ],
    "child_model_run_time": [
        [
            38115581,
            38128852
        ]
    ],
    "execute_cost": 13.270999908447266,
    "finish_time": 38128861,
    "limit_cost_by_ms": 6.9683332443237305,
    "model_name": "gpt128v2",
    "recv_time": 38105741,
    "tag": "914",
    "total_cost_by_ms": 23.1200008392334,
    "wait_cost": 9.849000930786133
}
