{
    "child_model_execute_cost_by_ms": [
        18.739999771118164,
        17.29800033569336,
        19.270999908447266
    ],
    "child_model_run_time": [
        [
            38589307,
            38608047
        ],
        [
            38608084,
            38625382
        ],
        [
            38625467,
            38644738
        ]
    ],
    "execute_cost": 55.30900192260742,
    "finish_time": 38644739,
    "limit_cost_by_ms": 44.492332458496094,
    "model_name": "vgg19",
    "recv_time": 38554513,
    "tag": "910",
    "total_cost_by_ms": 90.22599792480469,
    "wait_cost": 34.916996002197266
}
