{
    "child_model_execute_cost_by_ms": [
        20.052000045776367,
        17.062000274658203,
        20.305999755859375
    ],
    "child_model_run_time": [
        [
            38128887,
            38148939
        ],
        [
            38148970,
            38166032
        ],
        [
            38166062,
            38186368
        ]
    ],
    "execute_cost": 57.41999816894531,
    "finish_time": 38186372,
    "limit_cost_by_ms": 44.79933166503906,
    "model_name": "vgg19",
    "recv_time": 37907824,
    "tag": "905",
    "total_cost_by_ms": 278.5480041503906,
    "wait_cost": 221.1280059814453
}
