{
    "child_model_execute_cost_by_ms": [
        9.265999794006348
    ],
    "child_model_run_time": [
        [
            38201540,
            38210806
        ]
    ],
    "execute_cost": 9.265999794006348,
    "finish_time": 38210810,
    "limit_cost_by_ms": 8.529666900634766,
    "model_name": "googlenet",
    "recv_time": 38192851,
    "tag": "917",
    "total_cost_by_ms": 17.958999633789063,
    "wait_cost": 8.692999839782715
}
