{
    "child_model_execute_cost_by_ms": [
        14.819000244140625,
        14.395000457763672
    ],
    "child_model_run_time": [
        [
            38186543,
            38201362
        ],
        [
            38210887,
            38225282
        ]
    ],
    "execute_cost": 29.214000701904297,
    "finish_time": 38225290,
    "limit_cost_by_ms": 18.771333694458008,
    "model_name": "resnet50",
    "recv_time": 38168426,
    "tag": "916",
    "total_cost_by_ms": 56.86399841308594,
    "wait_cost": 27.64999771118164
}
