{
    "child_model_execute_cost_by_ms": [
        7.738999843597412
    ],
    "child_model_run_time": [
        [
            38225374,
            38233113
        ]
    ],
    "execute_cost": 7.738999843597412,
    "finish_time": 38233122,
    "limit_cost_by_ms": 5.815999984741211,
    "model_name": "yolov2",
    "recv_time": 38213284,
    "tag": "918",
    "total_cost_by_ms": 19.83799934387207,
    "wait_cost": 12.0989990234375
}
