{
    "child_model_execute_cost_by_ms": [
        13.164999961853027
    ],
    "child_model_run_time": [
        [
            38233393,
            38246558
        ]
    ],
    "execute_cost": 13.164999961853027,
    "finish_time": 38246568,
    "limit_cost_by_ms": 6.9683332443237305,
    "model_name": "gpt128v2",
    "recv_time": 38226332,
    "tag": "919",
    "total_cost_by_ms": 20.236000061035156,
    "wait_cost": 7.071000099182129
}
