{
    "child_model_execute_cost_by_ms": [
        19.45400047302246,
        17.986000061035156,
        19.393999099731445
    ],
    "child_model_run_time": [
        [
            38708068,
            38727522
        ],
        [
            38727560,
            38745546
        ],
        [
            38745578,
            38764972
        ]
    ],
    "execute_cost": 56.83399963378906,
    "finish_time": 38764973,
    "limit_cost_by_ms": 44.492332458496094,
    "model_name": "vgg19",
    "recv_time": 38666234,
    "tag": "915",
    "total_cost_by_ms": 98.73899841308594,
    "wait_cost": 41.904998779296875
}
