{
    "child_model_execute_cost_by_ms": [
        14.065999984741211,
        12.699000358581543
    ],
    "child_model_run_time": [
        [
            38284401,
            38298467
        ],
        [
            38298505,
            38311204
        ]
    ],
    "execute_cost": 26.764999389648438,
    "finish_time": 38311208,
    "limit_cost_by_ms": 18.771333694458008,
    "model_name": "resnet50",
    "recv_time": 38276772,
    "tag": "920",
    "total_cost_by_ms": 34.43600082397461,
    "wait_cost": 7.671001434326172
}
