{
    "child_model_execute_cost_by_ms": [
        14.505999565124512,
        14.114999771118164
    ],
    "child_model_run_time": [
        [
            38765282,
            38779788
        ],
        [
            38779826,
            38793941
        ]
    ],
    "execute_cost": 28.62099838256836,
    "finish_time": 38793945,
    "limit_cost_by_ms": 18.256332397460938,
    "model_name": "resnet50",
    "recv_time": 38765230,
    "tag": "918",
    "total_cost_by_ms": 28.71500015258789,
    "wait_cost": 0.09400177001953125
}
