{
    "child_model_execute_cost_by_ms": [
        13.925999641418457
    ],
    "child_model_run_time": [
        [
            38793995,
            38807921
        ]
    ],
    "execute_cost": 13.925999641418457,
    "finish_time": 38807932,
    "limit_cost_by_ms": 6.894999980926514,
    "model_name": "gpt128v2",
    "recv_time": 38784853,
    "tag": "919",
    "total_cost_by_ms": 23.07900047302246,
    "wait_cost": 9.153000831604004
}
