{
    "child_model_execute_cost_by_ms": [
        20.604999542236328,
        17.027000427246094,
        19.645999908447266
    ],
    "child_model_run_time": [
        [
            38246689,
            38267294
        ],
        [
            38267331,
            38284358
        ],
        [
            38311273,
            38330919
        ]
    ],
    "execute_cost": 57.27799987792969,
    "finish_time": 38330926,
    "limit_cost_by_ms": 44.79933166503906,
    "model_name": "vgg19",
    "recv_time": 38024106,
    "tag": "910",
    "total_cost_by_ms": 306.82000732421875,
    "wait_cost": 249.54200744628906
}
