{
    "child_model_execute_cost_by_ms": [
        8.494999885559082
    ],
    "child_model_run_time": [
        [
            38807989,
            38816484
        ]
    ],
    "execute_cost": 8.494999885559082,
    "finish_time": 38816492,
    "limit_cost_by_ms": 5.7816667556762695,
    "model_name": "yolov2",
    "recv_time": 38801248,
    "tag": "921",
    "total_cost_by_ms": 15.244000434875488,
    "wait_cost": 6.749000549316406
}
