{
    "child_model_execute_cost_by_ms": [
        18.395000457763672,
        18.27400016784668,
        20.065000534057617
    ],
    "child_model_run_time": [
        [
            19294005,
            19312400
        ],
        [
            19371169,
            19389443
        ],
        [
            19389469,
            19409534
        ]
    ],
    "execute_cost": 56.73400115966797,
    "finish_time": 19409540,
    "limit_cost_by_ms": 44.79933166503906,
    "model_name": "vgg19",
    "recv_time": 19200962,
    "tag": "88",
    "total_cost_by_ms": 208.5780029296875,
    "wait_cost": 151.843994140625
}
