{
    "child_model_execute_cost_by_ms": [
        13.255999565124512
    ],
    "child_model_run_time": [
        [
            38338585,
            38351841
        ]
    ],
    "execute_cost": 13.255999565124512,
    "finish_time": 38351851,
    "limit_cost_by_ms": 6.9683332443237305,
    "model_name": "gpt128v2",
    "recv_time": 38334165,
    "tag": "924",
    "total_cost_by_ms": 17.68600082397461,
    "wait_cost": 4.430001258850098
}
