{
    "child_model_execute_cost_by_ms": [
        12.041000366210938
    ],
    "child_model_run_time": [
        [
            38351921,
            38363962
        ]
    ],
    "execute_cost": 12.041000366210938,
    "finish_time": 38363974,
    "limit_cost_by_ms": 8.529666900634766,
    "model_name": "googlenet",
    "recv_time": 38316968,
    "tag": "922",
    "total_cost_by_ms": 47.00600051879883,
    "wait_cost": 34.96500015258789
}
