{
    "child_model_execute_cost_by_ms": [
        18.722999572753906,
        18.365999221801758,
        19.406999588012695
    ],
    "child_model_run_time": [
        [
            38816613,
            38835336
        ],
        [
            38845373,
            38863739
        ],
        [
            38863774,
            38883181
        ]
    ],
    "execute_cost": 56.495994567871094,
    "finish_time": 38883183,
    "limit_cost_by_ms": 44.492332458496094,
    "model_name": "vgg19",
    "recv_time": 38797122,
    "tag": "920",
    "total_cost_by_ms": 86.06099700927734,
    "wait_cost": 29.56500244140625
}
