{
    "child_model_execute_cost_by_ms": [
        18.34600067138672,
        16.476999282836914,
        19.073999404907227
    ],
    "child_model_run_time": [
        [
            38364039,
            38382385
        ],
        [
            38382413,
            38398890
        ],
        [
            38398917,
            38417991
        ]
    ],
    "execute_cost": 53.896995544433594,
    "finish_time": 38417995,
    "limit_cost_by_ms": 44.79933166503906,
    "model_name": "vgg19",
    "recv_time": 38160389,
    "tag": "915",
    "total_cost_by_ms": 257.6059875488281,
    "wait_cost": 203.708984375
}
