{
    "child_model_execute_cost_by_ms": [
        14.64799976348877,
        12.829000473022461
    ],
    "child_model_run_time": [
        [
            38418063,
            38432711
        ],
        [
            38432747,
            38445576
        ]
    ],
    "execute_cost": 27.477001190185547,
    "finish_time": 38445582,
    "limit_cost_by_ms": 18.771333694458008,
    "model_name": "resnet50",
    "recv_time": 38398971,
    "tag": "925",
    "total_cost_by_ms": 46.611000061035156,
    "wait_cost": 19.13399887084961
}
