{
    "child_model_execute_cost_by_ms": [
        13.072999954223633
    ],
    "child_model_run_time": [
        [
            38913888,
            38926961
        ]
    ],
    "execute_cost": 13.072999954223633,
    "finish_time": 38926972,
    "limit_cost_by_ms": 6.894999980926514,
    "model_name": "gpt128v2",
    "recv_time": 38913832,
    "tag": "924",
    "total_cost_by_ms": 13.140000343322754,
    "wait_cost": 0.0670003890991211
}
