{
    "child_model_execute_cost_by_ms": [
        6.188000202178955
    ],
    "child_model_run_time": [
        [
            38948636,
            38954824
        ]
    ],
    "execute_cost": 6.188000202178955,
    "finish_time": 38954834,
    "limit_cost_by_ms": 5.7816667556762695,
    "model_name": "yolov2",
    "recv_time": 38935872,
    "tag": "927",
    "total_cost_by_ms": 18.961999893188477,
    "wait_cost": 12.77400016784668
}
