{
    "child_model_execute_cost_by_ms": [
        10.13599967956543
    ],
    "child_model_run_time": [
        [
            38954942,
            38965078
        ]
    ],
    "execute_cost": 10.13599967956543,
    "finish_time": 38965088,
    "limit_cost_by_ms": 8.904333114624023,
    "model_name": "googlenet",
    "recv_time": 38927027,
    "tag": "926",
    "total_cost_by_ms": 38.06100082397461,
    "wait_cost": 27.92500114440918
}
