{
    "child_model_execute_cost_by_ms": [
        21.589000701904297,
        18.965999603271484,
        19.440000534057617
    ],
    "child_model_run_time": [
        [
            38926988,
            38948577
        ],
        [
            38965135,
            38984101
        ],
        [
            38984134,
            39003574
        ]
    ],
    "execute_cost": 59.99500274658203,
    "finish_time": 39003576,
    "limit_cost_by_ms": 44.492332458496094,
    "model_name": "vgg19",
    "recv_time": 38913157,
    "tag": "925",
    "total_cost_by_ms": 90.41899871826172,
    "wait_cost": 30.423995971679688
}
