{
    "child_model_execute_cost_by_ms": [
        11.456000328063965
    ],
    "child_model_run_time": [
        [
            38486738,
            38498194
        ]
    ],
    "execute_cost": 11.456000328063965,
    "finish_time": 38498202,
    "limit_cost_by_ms": 8.529666900634766,
    "model_name": "googlenet",
    "recv_time": 38446193,
    "tag": "928",
    "total_cost_by_ms": 52.00899887084961,
    "wait_cost": 40.55299758911133
}
