{
    "child_model_execute_cost_by_ms": [
        14.395999908447266,
        13.10200023651123
    ],
    "child_model_run_time": [
        [
            39003839,
            39018235
        ],
        [
            39018264,
            39031366
        ]
    ],
    "execute_cost": 27.498001098632813,
    "finish_time": 39031368,
    "limit_cost_by_ms": 18.256332397460938,
    "model_name": "resnet50",
    "recv_time": 39003829,
    "tag": "928",
    "total_cost_by_ms": 27.538999557495117,
    "wait_cost": 0.04099845886230469
}
