{
    "child_model_execute_cost_by_ms": [
        14.067000389099121,
        12.843000411987305
    ],
    "child_model_run_time": [
        [
            38516261,
            38530328
        ],
        [
            38530415,
            38543258
        ]
    ],
    "execute_cost": 26.90999984741211,
    "finish_time": 38543263,
    "limit_cost_by_ms": 18.771333694458008,
    "model_name": "resnet50",
    "recv_time": 38509759,
    "tag": "930",
    "total_cost_by_ms": 33.50400161743164,
    "wait_cost": 6.594001770019531
}
