{
    "child_model_execute_cost_by_ms": [
        13.574000358581543
    ],
    "child_model_run_time": [
        [
            39032567,
            39046141
        ]
    ],
    "execute_cost": 13.574000358581543,
    "finish_time": 39046154,
    "limit_cost_by_ms": 6.894999980926514,
    "model_name": "gpt128v2",
    "recv_time": 39032517,
    "tag": "929",
    "total_cost_by_ms": 13.63700008392334,
    "wait_cost": 0.06299972534179688
}
