{
    "child_model_execute_cost_by_ms": [
        18.979999542236328,
        17.989999771118164,
        19.548999786376953
    ],
    "child_model_run_time": [
        [
            38445813,
            38464793
        ],
        [
            38498226,
            38516216
        ],
        [
            38543331,
            38562880
        ]
    ],
    "execute_cost": 56.51900100708008,
    "finish_time": 38562886,
    "limit_cost_by_ms": 44.79933166503906,
    "model_name": "vgg19",
    "recv_time": 38284775,
    "tag": "921",
    "total_cost_by_ms": 278.1109924316406,
    "wait_cost": 221.5919952392578
}
