{
    "child_model_execute_cost_by_ms": [
        6.619999885559082
    ],
    "child_model_run_time": [
        [
            38563178,
            38569798
        ]
    ],
    "execute_cost": 6.619999885559082,
    "finish_time": 38569808,
    "limit_cost_by_ms": 5.815999984741211,
    "model_name": "yolov2",
    "recv_time": 38558271,
    "tag": "933",
    "total_cost_by_ms": 11.536999702453613,
    "wait_cost": 4.916999816894531
}
