{
    "child_model_execute_cost_by_ms": [
        8.83899974822998
    ],
    "child_model_run_time": [
        [
            39046182,
            39055021
        ]
    ],
    "execute_cost": 8.83899974822998,
    "finish_time": 39055026,
    "limit_cost_by_ms": 5.7816667556762695,
    "model_name": "yolov2",
    "recv_time": 39039622,
    "tag": "930",
    "total_cost_by_ms": 15.404000282287598,
    "wait_cost": 6.565000534057617
}
