{
    "child_model_execute_cost_by_ms": [
        13.503999710083008
    ],
    "child_model_run_time": [
        [
            19409554,
            19423058
        ]
    ],
    "execute_cost": 13.503999710083008,
    "finish_time": 19423067,
    "limit_cost_by_ms": 6.9683332443237305,
    "model_name": "gpt128v2",
    "recv_time": 19405311,
    "tag": "95",
    "total_cost_by_ms": 17.756000518798828,
    "wait_cost": 4.25200080871582
}
