{
    "child_model_execute_cost_by_ms": [
        18.17300033569336,
        16.724000930786133,
        19.759000778198242
    ],
    "child_model_run_time": [
        [
            19458222,
            19476395
        ],
        [
            19476426,
            19493150
        ],
        [
            19499306,
            19519065
        ]
    ],
    "execute_cost": 54.656005859375,
    "finish_time": 19519069,
    "limit_cost_by_ms": 44.492332458496094,
    "model_name": "vgg19",
    "recv_time": 19458145,
    "tag": "93",
    "total_cost_by_ms": 60.92399978637695,
    "wait_cost": 6.267993927001953
}
