{
    "child_model_execute_cost_by_ms": [
        9.79699993133545
    ],
    "child_model_run_time": [
        [
            38569839,
            38579636
        ]
    ],
    "execute_cost": 9.79699993133545,
    "finish_time": 38579642,
    "limit_cost_by_ms": 8.529666900634766,
    "model_name": "googlenet",
    "recv_time": 38546164,
    "tag": "932",
    "total_cost_by_ms": 33.47800064086914,
    "wait_cost": 23.680999755859375
}
