{
    "child_model_execute_cost_by_ms": [
        13.130999565124512
    ],
    "child_model_run_time": [
        [
            38599084,
            38612215
        ]
    ],
    "execute_cost": 13.130999565124512,
    "finish_time": 38612224,
    "limit_cost_by_ms": 6.9683332443237305,
    "model_name": "gpt128v2",
    "recv_time": 38580602,
    "tag": "934",
    "total_cost_by_ms": 31.621999740600586,
    "wait_cost": 18.49100112915039
}
