{
    "child_model_execute_cost_by_ms": [
        18.30500030517578,
        17.94499969482422,
        19.648000717163086
    ],
    "child_model_run_time": [
        [
            39055430,
            39073735
        ],
        [
            39083760,
            39101705
        ],
        [
            39101754,
            39121402
        ]
    ],
    "execute_cost": 55.89800262451172,
    "finish_time": 39121404,
    "limit_cost_by_ms": 44.492332458496094,
    "model_name": "vgg19",
    "recv_time": 39055386,
    "tag": "931",
    "total_cost_by_ms": 66.01799774169922,
    "wait_cost": 10.1199951171875
}
