{
    "child_model_execute_cost_by_ms": [
        14.859000205993652,
        13.23900032043457
    ],
    "child_model_run_time": [
        [
            38633242,
            38648101
        ],
        [
            38648141,
            38661380
        ]
    ],
    "execute_cost": 28.097999572753906,
    "finish_time": 38661386,
    "limit_cost_by_ms": 18.771333694458008,
    "model_name": "resnet50",
    "recv_time": 38626086,
    "tag": "935",
    "total_cost_by_ms": 35.29999923706055,
    "wait_cost": 7.201999664306641
}
