{
    "child_model_execute_cost_by_ms": [
        19.21500015258789,
        20.930999755859375,
        19.951000213623047
    ],
    "child_model_run_time": [
        [
            38579815,
            38599030
        ],
        [
            38612256,
            38633187
        ],
        [
            38661459,
            38681410
        ]
    ],
    "execute_cost": 60.09700012207031,
    "finish_time": 38681417,
    "limit_cost_by_ms": 44.79933166503906,
    "model_name": "vgg19",
    "recv_time": 38401131,
    "tag": "926",
    "total_cost_by_ms": 280.2860107421875,
    "wait_cost": 220.1890106201172
}
