{
    "child_model_execute_cost_by_ms": [
        6.568999767303467
    ],
    "child_model_run_time": [
        [
            39169056,
            39175625
        ]
    ],
    "execute_cost": 6.568999767303467,
    "finish_time": 39175633,
    "limit_cost_by_ms": 5.7816667556762695,
    "model_name": "yolov2",
    "recv_time": 39168896,
    "tag": "935",
    "total_cost_by_ms": 6.736999988555908,
    "wait_cost": 0.1680002212524414
}
