{
    "child_model_execute_cost_by_ms": [
        9.593000411987305
    ],
    "child_model_run_time": [
        [
            38681547,
            38691140
        ]
    ],
    "execute_cost": 9.593000411987305,
    "finish_time": 38691148,
    "limit_cost_by_ms": 8.529666900634766,
    "model_name": "googlenet",
    "recv_time": 38670386,
    "tag": "937",
    "total_cost_by_ms": 20.761999130249023,
    "wait_cost": 11.168998718261719
}
