{
    "child_model_execute_cost_by_ms": [
        7.730999946594238
    ],
    "child_model_run_time": [
        [
            38691226,
            38698957
        ]
    ],
    "execute_cost": 7.730999946594238,
    "finish_time": 38698968,
    "limit_cost_by_ms": 5.815999984741211,
    "model_name": "yolov2",
    "recv_time": 38686686,
    "tag": "938",
    "total_cost_by_ms": 12.281999588012695,
    "wait_cost": 4.550999641418457
}
