{
    "child_model_execute_cost_by_ms": [
        10.267999649047852
    ],
    "child_model_run_time": [
        [
            39175778,
            39186046
        ]
    ],
    "execute_cost": 10.267999649047852,
    "finish_time": 39186057,
    "limit_cost_by_ms": 8.904333114624023,
    "model_name": "googlenet",
    "recv_time": 39169669,
    "tag": "937",
    "total_cost_by_ms": 16.38800048828125,
    "wait_cost": 6.120000839233398
}
