{
    "child_model_execute_cost_by_ms": [
        13.920999526977539
    ],
    "child_model_run_time": [
        [
            38699173,
            38713094
        ]
    ],
    "execute_cost": 13.920999526977539,
    "finish_time": 38713106,
    "limit_cost_by_ms": 6.9683332443237305,
    "model_name": "gpt128v2",
    "recv_time": 38695829,
    "tag": "939",
    "total_cost_by_ms": 17.277000427246094,
    "wait_cost": 3.3560009002685547
}
