{
    "child_model_execute_cost_by_ms": [
        19.36400032043457,
        17.613000869750977,
        19.222999572753906
    ],
    "child_model_run_time": [
        [
            39186184,
            39205548
        ],
        [
            39205587,
            39223200
        ],
        [
            39223274,
            39242497
        ]
    ],
    "execute_cost": 56.20000076293945,
    "finish_time": 39242500,
    "limit_cost_by_ms": 44.492332458496094,
    "model_name": "vgg19",
    "recv_time": 39169474,
    "tag": "936",
    "total_cost_by_ms": 73.0260009765625,
    "wait_cost": 16.826000213623047
}
