{
    "child_model_execute_cost_by_ms": [
        20.97100067138672,
        16.85099983215332,
        18.96500015258789
    ],
    "child_model_run_time": [
        [
            38713145,
            38734116
        ],
        [
            38734153,
            38751004
        ],
        [
            38751037,
            38770002
        ]
    ],
    "execute_cost": 56.7869987487793,
    "finish_time": 38770006,
    "limit_cost_by_ms": 44.79933166503906,
    "model_name": "vgg19",
    "recv_time": 38517856,
    "tag": "931",
    "total_cost_by_ms": 252.14999389648438,
    "wait_cost": 195.3629913330078
}
