{
    "child_model_execute_cost_by_ms": [
        13.48900032043457
    ],
    "child_model_run_time": [
        [
            39271898,
            39285387
        ]
    ],
    "execute_cost": 13.48900032043457,
    "finish_time": 39285398,
    "limit_cost_by_ms": 6.894999980926514,
    "model_name": "gpt128v2",
    "recv_time": 39271838,
    "tag": "939",
    "total_cost_by_ms": 13.5600004196167,
    "wait_cost": 0.0710000991821289
}
