{
    "child_model_execute_cost_by_ms": [
        9.895000457763672
    ],
    "child_model_run_time": [
        [
            38798614,
            38808509
        ]
    ],
    "execute_cost": 9.895000457763672,
    "finish_time": 38808518,
    "limit_cost_by_ms": 8.529666900634766,
    "model_name": "googlenet",
    "recv_time": 38794760,
    "tag": "942",
    "total_cost_by_ms": 13.758000373840332,
    "wait_cost": 3.86299991607666
}
