{
    "child_model_execute_cost_by_ms": [
        11.793999671936035
    ],
    "child_model_run_time": [
        [
            19423113,
            19434907
        ]
    ],
    "execute_cost": 11.793999671936035,
    "finish_time": 19434919,
    "limit_cost_by_ms": 8.529666900634766,
    "model_name": "googlenet",
    "recv_time": 19413531,
    "tag": "96",
    "total_cost_by_ms": 21.38800048828125,
    "wait_cost": 9.594000816345215
}
