{
    "child_model_execute_cost_by_ms": [
        6.307000160217285
    ],
    "child_model_run_time": [
        [
            38828533,
            38834840
        ]
    ],
    "execute_cost": 6.307000160217285,
    "finish_time": 38834848,
    "limit_cost_by_ms": 5.815999984741211,
    "model_name": "yolov2",
    "recv_time": 38808865,
    "tag": "943",
    "total_cost_by_ms": 25.982999801635742,
    "wait_cost": 19.67599868774414
}
