{
    "child_model_execute_cost_by_ms": [
        9.892000198364258
    ],
    "child_model_run_time": [
        [
            39313923,
            39323815
        ]
    ],
    "execute_cost": 9.892000198364258,
    "finish_time": 39323823,
    "limit_cost_by_ms": 8.904333114624023,
    "model_name": "googlenet",
    "recv_time": 39306559,
    "tag": "942",
    "total_cost_by_ms": 17.263999938964844,
    "wait_cost": 7.371999740600586
}
