{
    "child_model_execute_cost_by_ms": [
        13.527999877929688
    ],
    "child_model_run_time": [
        [
            38834978,
            38848506
        ]
    ],
    "execute_cost": 13.527999877929688,
    "finish_time": 38848519,
    "limit_cost_by_ms": 6.9683332443237305,
    "model_name": "gpt128v2",
    "recv_time": 38824382,
    "tag": "944",
    "total_cost_by_ms": 24.136999130249023,
    "wait_cost": 10.608999252319336
}
