{
    "child_model_execute_cost_by_ms": [
        19.472000122070313,
        18.441999435424805,
        19.19099998474121
    ],
    "child_model_run_time": [
        [
            39294402,
            39313874
        ],
        [
            39323881,
            39342323
        ],
        [
            39342350,
            39361541
        ]
    ],
    "execute_cost": 57.105003356933594,
    "finish_time": 39361543,
    "limit_cost_by_ms": 44.492332458496094,
    "model_name": "vgg19",
    "recv_time": 39285556,
    "tag": "941",
    "total_cost_by_ms": 75.98699951171875,
    "wait_cost": 18.881996154785156
}
