{
    "child_model_execute_cost_by_ms": [
        14.77400016784668,
        12.833000183105469
    ],
    "child_model_run_time": [
        [
            38868965,
            38883739
        ],
        [
            38883778,
            38896611
        ]
    ],
    "execute_cost": 27.60700035095215,
    "finish_time": 38896616,
    "limit_cost_by_ms": 18.771333694458008,
    "model_name": "resnet50",
    "recv_time": 38862840,
    "tag": "945",
    "total_cost_by_ms": 33.7760009765625,
    "wait_cost": 6.169000625610352
}
