{
    "child_model_execute_cost_by_ms": [
        19.922000885009766,
        20.288000106811523,
        20.128999710083008
    ],
    "child_model_run_time": [
        [
            38808560,
            38828482
        ],
        [
            38848625,
            38868913
        ],
        [
            38896685,
            38916814
        ]
    ],
    "execute_cost": 60.33899688720703,
    "finish_time": 38916821,
    "limit_cost_by_ms": 44.79933166503906,
    "model_name": "vgg19",
    "recv_time": 38650198,
    "tag": "936",
    "total_cost_by_ms": 266.62298583984375,
    "wait_cost": 206.28399658203125
}
