{
    "child_model_execute_cost_by_ms": [
        9.871999740600586
    ],
    "child_model_run_time": [
        [
            38916892,
            38926764
        ]
    ],
    "execute_cost": 9.871999740600586,
    "finish_time": 38926775,
    "limit_cost_by_ms": 8.529666900634766,
    "model_name": "googlenet",
    "recv_time": 38910999,
    "tag": "947",
    "total_cost_by_ms": 15.776000022888184,
    "wait_cost": 5.904000282287598
}
