{
    "child_model_execute_cost_by_ms": [
        6.541999816894531
    ],
    "child_model_run_time": [
        [
            38946971,
            38953513
        ]
    ],
    "execute_cost": 6.541999816894531,
    "finish_time": 38953523,
    "limit_cost_by_ms": 5.815999984741211,
    "model_name": "yolov2",
    "recv_time": 38940511,
    "tag": "949",
    "total_cost_by_ms": 13.01200008392334,
    "wait_cost": 6.470000267028809
}
