{
    "child_model_execute_cost_by_ms": [
        10.0649995803833
    ],
    "child_model_run_time": [
        [
            39411830,
            39421895
        ]
    ],
    "execute_cost": 10.0649995803833,
    "finish_time": 39421906,
    "limit_cost_by_ms": 8.904333114624023,
    "model_name": "googlenet",
    "recv_time": 39406010,
    "tag": "947",
    "total_cost_by_ms": 15.895999908447266,
    "wait_cost": 5.831000328063965
}
