{
    "child_model_execute_cost_by_ms": [
        18.552000045776367,
        17.58300018310547,
        19.368999481201172
    ],
    "child_model_run_time": [
        [
            39422025,
            39440577
        ],
        [
            39440613,
            39458196
        ],
        [
            39458227,
            39477596
        ]
    ],
    "execute_cost": 55.50400161743164,
    "finish_time": 39477598,
    "limit_cost_by_ms": 44.492332458496094,
    "model_name": "vgg19",
    "recv_time": 39391781,
    "tag": "945",
    "total_cost_by_ms": 85.81700134277344,
    "wait_cost": 30.312999725341797
}
