{
    "child_model_execute_cost_by_ms": [
        13.253000259399414
    ],
    "child_model_run_time": [
        [
            38953627,
            38966880
        ]
    ],
    "execute_cost": 13.253000259399414,
    "finish_time": 38966889,
    "limit_cost_by_ms": 6.9683332443237305,
    "model_name": "gpt128v2",
    "recv_time": 38936392,
    "tag": "948",
    "total_cost_by_ms": 30.496999740600586,
    "wait_cost": 17.243999481201172
}
