{
    "child_model_execute_cost_by_ms": [
        14.793999671936035,
        13.112000465393066
    ],
    "child_model_run_time": [
        [
            38988171,
            39002965
        ],
        [
            39003006,
            39016118
        ]
    ],
    "execute_cost": 27.9060001373291,
    "finish_time": 39016124,
    "limit_cost_by_ms": 18.771333694458008,
    "model_name": "resnet50",
    "recv_time": 38966985,
    "tag": "950",
    "total_cost_by_ms": 49.138999938964844,
    "wait_cost": 21.232999801635742
}
