{
    "child_model_execute_cost_by_ms": [
        12.795000076293945,
        12.520000457763672
    ],
    "child_model_run_time": [
        [
            39477882,
            39490677
        ],
        [
            39490704,
            39503224
        ]
    ],
    "execute_cost": 25.315000534057617,
    "finish_time": 39503226,
    "limit_cost_by_ms": 18.256332397460938,
    "model_name": "resnet50",
    "recv_time": 39477868,
    "tag": "948",
    "total_cost_by_ms": 25.357999801635742,
    "wait_cost": 0.042999267578125
}
