{
    "child_model_execute_cost_by_ms": [
        20.062000274658203,
        21.184999465942383,
        19.92799949645996
    ],
    "child_model_run_time": [
        [
            38926834,
            38946896
        ],
        [
            38966921,
            38988106
        ],
        [
            39016200,
            39036128
        ]
    ],
    "execute_cost": 61.17500305175781,
    "finish_time": 39036136,
    "limit_cost_by_ms": 44.79933166503906,
    "model_name": "vgg19",
    "recv_time": 38766544,
    "tag": "941",
    "total_cost_by_ms": 269.5920104980469,
    "wait_cost": 208.41700744628906
}
