{
    "child_model_execute_cost_by_ms": [
        7.201000213623047
    ],
    "child_model_run_time": [
        [
            39503546,
            39510747
        ]
    ],
    "execute_cost": 7.201000213623047,
    "finish_time": 39510756,
    "limit_cost_by_ms": 5.7816667556762695,
    "model_name": "yolov2",
    "recv_time": 39503492,
    "tag": "949",
    "total_cost_by_ms": 7.263999938964844,
    "wait_cost": 0.06299972534179688
}
