{
    "child_model_execute_cost_by_ms": [
        10.961999893188477
    ],
    "child_model_run_time": [
        [
            39036208,
            39047170
        ]
    ],
    "execute_cost": 10.961999893188477,
    "finish_time": 39047183,
    "limit_cost_by_ms": 8.529666900634766,
    "model_name": "googlenet",
    "recv_time": 39027123,
    "tag": "952",
    "total_cost_by_ms": 20.059999465942383,
    "wait_cost": 9.097999572753906
}
