{
    "child_model_execute_cost_by_ms": [
        13.295999526977539
    ],
    "child_model_run_time": [
        [
            39511014,
            39524310
        ]
    ],
    "execute_cost": 13.295999526977539,
    "finish_time": 39524320,
    "limit_cost_by_ms": 6.894999980926514,
    "model_name": "gpt128v2",
    "recv_time": 39504558,
    "tag": "950",
    "total_cost_by_ms": 19.761999130249023,
    "wait_cost": 6.465999603271484
}
