{
    "child_model_execute_cost_by_ms": [
        9.765999794006348
    ],
    "child_model_run_time": [
        [
            19549799,
            19559565
        ]
    ],
    "execute_cost": 9.765999794006348,
    "finish_time": 19559577,
    "limit_cost_by_ms": 8.904333114624023,
    "model_name": "googlenet",
    "recv_time": 19534663,
    "tag": "97",
    "total_cost_by_ms": 24.913999557495117,
    "wait_cost": 15.14799976348877
}
