{
    "child_model_execute_cost_by_ms": [
        19.180999755859375,
        17.510000228881836,
        19.047000885009766
    ],
    "child_model_run_time": [
        [
            39536747,
            39555928
        ],
        [
            39555965,
            39573475
        ],
        [
            39573558,
            39592605
        ]
    ],
    "execute_cost": 55.73800277709961,
    "finish_time": 39592609,
    "limit_cost_by_ms": 44.492332458496094,
    "model_name": "vgg19",
    "recv_time": 39503614,
    "tag": "951",
    "total_cost_by_ms": 88.99500274658203,
    "wait_cost": 33.25699996948242
}
