{
    "child_model_execute_cost_by_ms": [
        6.406000137329102
    ],
    "child_model_run_time": [
        [
            39081683,
            39088089
        ]
    ],
    "execute_cost": 6.406000137329102,
    "finish_time": 39088098,
    "limit_cost_by_ms": 5.815999984741211,
    "model_name": "yolov2",
    "recv_time": 39063225,
    "tag": "954",
    "total_cost_by_ms": 24.87299919128418,
    "wait_cost": 18.466999053955078
}
