{
    "child_model_execute_cost_by_ms": [
        15.026000022888184,
        12.772000312805176
    ],
    "child_model_run_time": [
        [
            39088215,
            39103241
        ],
        [
            39103278,
            39116050
        ]
    ],
    "execute_cost": 27.79800033569336,
    "finish_time": 39116055,
    "limit_cost_by_ms": 18.771333694458008,
    "model_name": "resnet50",
    "recv_time": 39082918,
    "tag": "955",
    "total_cost_by_ms": 33.137001037597656,
    "wait_cost": 5.339000701904297
}
