{
    "child_model_execute_cost_by_ms": [
        20.628999710083008,
        18.0310001373291,
        20.68899917602539
    ],
    "child_model_run_time": [
        [
            39061006,
            39081635
        ],
        [
            39116127,
            39134158
        ],
        [
            39134194,
            39154883
        ]
    ],
    "execute_cost": 59.3489990234375,
    "finish_time": 39154888,
    "limit_cost_by_ms": 44.79933166503906,
    "model_name": "vgg19",
    "recv_time": 38886807,
    "tag": "946",
    "total_cost_by_ms": 268.08099365234375,
    "wait_cost": 208.73199462890625
}
