{
    "child_model_execute_cost_by_ms": [
        11.217000007629395
    ],
    "child_model_run_time": [
        [
            39629314,
            39640531
        ]
    ],
    "execute_cost": 11.217000007629395,
    "finish_time": 39640542,
    "limit_cost_by_ms": 6.894999980926514,
    "model_name": "gpt128v2",
    "recv_time": 39629267,
    "tag": "955",
    "total_cost_by_ms": 11.274999618530273,
    "wait_cost": 0.057999610900878906
}
