{
    "child_model_execute_cost_by_ms": [
        13.309000015258789
    ],
    "child_model_run_time": [
        [
            39155003,
            39168312
        ]
    ],
    "execute_cost": 13.309000015258789,
    "finish_time": 39168322,
    "limit_cost_by_ms": 6.9683332443237305,
    "model_name": "gpt128v2",
    "recv_time": 39152291,
    "tag": "957",
    "total_cost_by_ms": 16.0310001373291,
    "wait_cost": 2.7220001220703125
}
