{
    "child_model_execute_cost_by_ms": [
        12.383999824523926
    ],
    "child_model_run_time": [
        [
            39168375,
            39180759
        ]
    ],
    "execute_cost": 12.383999824523926,
    "finish_time": 39180769,
    "limit_cost_by_ms": 8.529666900634766,
    "model_name": "googlenet",
    "recv_time": 39156737,
    "tag": "958",
    "total_cost_by_ms": 24.031999588012695,
    "wait_cost": 11.64799976348877
}
