{
    "child_model_execute_cost_by_ms": [
        9.875
    ],
    "child_model_run_time": [
        [
            39660671,
            39670546
        ]
    ],
    "execute_cost": 9.875,
    "finish_time": 39670555,
    "limit_cost_by_ms": 8.904333114624023,
    "model_name": "googlenet",
    "recv_time": 39657512,
    "tag": "957",
    "total_cost_by_ms": 13.043000221252441,
    "wait_cost": 3.1680002212524414
}
