{
    "child_model_execute_cost_by_ms": [
        20.020000457763672,
        17.323999404907227,
        19.768999099731445
    ],
    "child_model_run_time": [
        [
            39640558,
            39660578
        ],
        [
            39670627,
            39687951
        ],
        [
            39687981,
            39707750
        ]
    ],
    "execute_cost": 57.112998962402344,
    "finish_time": 39707752,
    "limit_cost_by_ms": 44.492332458496094,
    "model_name": "vgg19",
    "recv_time": 39631150,
    "tag": "956",
    "total_cost_by_ms": 76.60199737548828,
    "wait_cost": 19.488998413085938
}
