{
    "child_model_execute_cost_by_ms": [
        6.498000144958496
    ],
    "child_model_run_time": [
        [
            39199097,
            39205595
        ]
    ],
    "execute_cost": 6.498000144958496,
    "finish_time": 39205606,
    "limit_cost_by_ms": 5.815999984741211,
    "model_name": "yolov2",
    "recv_time": 39183358,
    "tag": "959",
    "total_cost_by_ms": 22.24799919128418,
    "wait_cost": 15.749999046325684
}
