{
    "child_model_execute_cost_by_ms": [
        14.678999900817871,
        12.737000465393066
    ],
    "child_model_run_time": [
        [
            39205793,
            39220472
        ],
        [
            39220510,
            39233247
        ]
    ],
    "execute_cost": 27.416000366210938,
    "finish_time": 39233252,
    "limit_cost_by_ms": 18.771333694458008,
    "model_name": "resnet50",
    "recv_time": 39203375,
    "tag": "960",
    "total_cost_by_ms": 29.87700080871582,
    "wait_cost": 2.461000442504883
}
