{
    "child_model_execute_cost_by_ms": [
        6.190999984741211
    ],
    "child_model_run_time": [
        [
            39736674,
            39742865
        ]
    ],
    "execute_cost": 6.190999984741211,
    "finish_time": 39742869,
    "limit_cost_by_ms": 5.7816667556762695,
    "model_name": "yolov2",
    "recv_time": 39736618,
    "tag": "959",
    "total_cost_by_ms": 6.250999927520752,
    "wait_cost": 0.059999942779541016
}
