{
    "child_model_execute_cost_by_ms": [
        18.229000091552734,
        17.84000015258789,
        19.424999237060547
    ],
    "child_model_run_time": [
        [
            39180822,
            39199051
        ],
        [
            39233329,
            39251169
        ],
        [
            39251194,
            39270619
        ]
    ],
    "execute_cost": 55.49399948120117,
    "finish_time": 39270624,
    "limit_cost_by_ms": 44.79933166503906,
    "model_name": "vgg19",
    "recv_time": 38998908,
    "tag": "951",
    "total_cost_by_ms": 271.71600341796875,
    "wait_cost": 216.2220001220703
}
