{
    "child_model_execute_cost_by_ms": [
        13.038999557495117
    ],
    "child_model_run_time": [
        [
            39744180,
            39757219
        ]
    ],
    "execute_cost": 13.038999557495117,
    "finish_time": 39757224,
    "limit_cost_by_ms": 6.894999980926514,
    "model_name": "gpt128v2",
    "recv_time": 39744127,
    "tag": "960",
    "total_cost_by_ms": 13.097000122070313,
    "wait_cost": 0.05800056457519531
}
