{
    "child_model_execute_cost_by_ms": [
        13.411999702453613
    ],
    "child_model_run_time": [
        [
            39271948,
            39285360
        ]
    ],
    "execute_cost": 13.411999702453613,
    "finish_time": 39285371,
    "limit_cost_by_ms": 6.9683332443237305,
    "model_name": "gpt128v2",
    "recv_time": 39271850,
    "tag": "962",
    "total_cost_by_ms": 13.520999908447266,
    "wait_cost": 0.10900020599365234
}
