{
    "child_model_execute_cost_by_ms": [
        15.157999992370605,
        13.21399974822998
    ],
    "child_model_run_time": [
        [
            19534593,
            19549751
        ],
        [
            19559591,
            19572805
        ]
    ],
    "execute_cost": 28.371999740600586,
    "finish_time": 19572811,
    "limit_cost_by_ms": 18.256332397460938,
    "model_name": "resnet50",
    "recv_time": 19534470,
    "tag": "96",
    "total_cost_by_ms": 38.340999603271484,
    "wait_cost": 9.968999862670898
}
