{
    "child_model_execute_cost_by_ms": [
        6.061999797821045
    ],
    "child_model_run_time": [
        [
            19479993,
            19486055
        ]
    ],
    "execute_cost": 6.061999797821045,
    "finish_time": 19486063,
    "limit_cost_by_ms": 5.815999984741211,
    "model_name": "yolov2",
    "recv_time": 19468179,
    "tag": "99",
    "total_cost_by_ms": 17.884000778198242,
    "wait_cost": 11.822000503540039
}
