{
    "child_model_execute_cost_by_ms": [
        19.06100082397461,
        17.22100067138672,
        19.145999908447266
    ],
    "child_model_run_time": [
        [
            39759610,
            39778671
        ],
        [
            39778703,
            39795924
        ],
        [
            39796011,
            39815157
        ]
    ],
    "execute_cost": 55.428001403808594,
    "finish_time": 39815159,
    "limit_cost_by_ms": 44.492332458496094,
    "model_name": "vgg19",
    "recv_time": 39759558,
    "tag": "961",
    "total_cost_by_ms": 55.60100173950195,
    "wait_cost": 0.17300033569335938
}
