{
    "child_model_execute_cost_by_ms": [
        12.293999671936035
    ],
    "child_model_run_time": [
        [
            39285396,
            39297690
        ]
    ],
    "execute_cost": 12.293999671936035,
    "finish_time": 39297702,
    "limit_cost_by_ms": 8.529666900634766,
    "model_name": "googlenet",
    "recv_time": 39272867,
    "tag": "963",
    "total_cost_by_ms": 24.834999084472656,
    "wait_cost": 12.540999412536621
}
