{
    "child_model_execute_cost_by_ms": [
        10.218000411987305
    ],
    "child_model_run_time": [
        [
            39815383,
            39825601
        ]
    ],
    "execute_cost": 10.218000411987305,
    "finish_time": 39825606,
    "limit_cost_by_ms": 8.904333114624023,
    "model_name": "googlenet",
    "recv_time": 39797580,
    "tag": "962",
    "total_cost_by_ms": 28.025999069213867,
    "wait_cost": 17.807998657226563
}
