{
    "child_model_execute_cost_by_ms": [
        14.694999694824219,
        12.746999740600586
    ],
    "child_model_run_time": [
        [
            39339996,
            39354691
        ],
        [
            39354726,
            39367473
        ]
    ],
    "execute_cost": 27.441999435424805,
    "finish_time": 39367478,
    "limit_cost_by_ms": 18.771333694458008,
    "model_name": "resnet50",
    "recv_time": 39335994,
    "tag": "965",
    "total_cost_by_ms": 31.483999252319336,
    "wait_cost": 4.041999816894531
}
