{
    "child_model_execute_cost_by_ms": [
        14.6899995803833,
        13.710000038146973
    ],
    "child_model_run_time": [
        [
            39825975,
            39840665
        ],
        [
            39840698,
            39854408
        ]
    ],
    "execute_cost": 28.399999618530273,
    "finish_time": 39854413,
    "limit_cost_by_ms": 18.256332397460938,
    "model_name": "resnet50",
    "recv_time": 39825889,
    "tag": "963",
    "total_cost_by_ms": 28.52400016784668,
    "wait_cost": 0.12400054931640625
}
