{
    "child_model_execute_cost_by_ms": [
        18.19099998474121,
        17.577999114990234,
        20.49799919128418
    ],
    "child_model_run_time": [
        [
            39297713,
            39315904
        ],
        [
            39322373,
            39339951
        ],
        [
            39367547,
            39388045
        ]
    ],
    "execute_cost": 56.266998291015625,
    "finish_time": 39388054,
    "limit_cost_by_ms": 44.79933166503906,
    "model_name": "vgg19",
    "recv_time": 39119259,
    "tag": "956",
    "total_cost_by_ms": 268.7950134277344,
    "wait_cost": 212.52801513671875
}
