{
    "child_model_execute_cost_by_ms": [
        13.722999572753906
    ],
    "child_model_run_time": [
        [
            39388131,
            39401854
        ]
    ],
    "execute_cost": 13.722999572753906,
    "finish_time": 39401865,
    "limit_cost_by_ms": 6.9683332443237305,
    "model_name": "gpt128v2",
    "recv_time": 39381048,
    "tag": "967",
    "total_cost_by_ms": 20.816999435424805,
    "wait_cost": 7.093999862670898
}
