{
    "child_model_execute_cost_by_ms": [
        17.488000869750977,
        16.707000732421875,
        19.086999893188477
    ],
    "child_model_run_time": [
        [
            39877614,
            39895102
        ],
        [
            39895122,
            39911829
        ],
        [
            39911846,
            39930933
        ]
    ],
    "execute_cost": 53.28199768066406,
    "finish_time": 39930935,
    "limit_cost_by_ms": 44.492332458496094,
    "model_name": "vgg19",
    "recv_time": 39877563,
    "tag": "966",
    "total_cost_by_ms": 53.37200164794922,
    "wait_cost": 0.09000396728515625
}
