{
    "child_model_execute_cost_by_ms": [
        12.355999946594238
    ],
    "child_model_run_time": [
        [
            39401922,
            39414278
        ]
    ],
    "execute_cost": 12.355999946594238,
    "finish_time": 39414288,
    "limit_cost_by_ms": 8.529666900634766,
    "model_name": "googlenet",
    "recv_time": 39393280,
    "tag": "968",
    "total_cost_by_ms": 21.007999420166016,
    "wait_cost": 8.651999473571777
}
