{
    "child_model_execute_cost_by_ms": [
        6.357999801635742
    ],
    "child_model_run_time": [
        [
            39433643,
            39440001
        ]
    ],
    "execute_cost": 6.357999801635742,
    "finish_time": 39440013,
    "limit_cost_by_ms": 5.815999984741211,
    "model_name": "yolov2",
    "recv_time": 39428118,
    "tag": "969",
    "total_cost_by_ms": 11.895000457763672,
    "wait_cost": 5.53700065612793
}
