{
    "child_model_execute_cost_by_ms": [
        14.010000228881836,
        12.857000350952148
    ],
    "child_model_run_time": [
        [
            39458260,
            39472270
        ],
        [
            39472319,
            39485176
        ]
    ],
    "execute_cost": 26.867000579833984,
    "finish_time": 39485182,
    "limit_cost_by_ms": 18.771333694458008,
    "model_name": "resnet50",
    "recv_time": 39448372,
    "tag": "970",
    "total_cost_by_ms": 36.810001373291016,
    "wait_cost": 9.943000793457031
}
