{
    "child_model_execute_cost_by_ms": [
        6.508999824523926
    ],
    "child_model_run_time": [
        [
            39942054,
            39948563
        ]
    ],
    "execute_cost": 6.508999824523926,
    "finish_time": 39948567,
    "limit_cost_by_ms": 5.7816667556762695,
    "model_name": "yolov2",
    "recv_time": 39941999,
    "tag": "968",
    "total_cost_by_ms": 6.567999839782715,
    "wait_cost": 0.05900001525878906
}
