{
    "child_model_execute_cost_by_ms": [
        19.183000564575195,
        18.100000381469727,
        20.95599937438965
    ],
    "child_model_run_time": [
        [
            39414410,
            39433593
        ],
        [
            39440114,
            39458214
        ],
        [
            39485254,
            39506210
        ]
    ],
    "execute_cost": 58.23899841308594,
    "finish_time": 39506218,
    "limit_cost_by_ms": 44.79933166503906,
    "model_name": "vgg19",
    "recv_time": 39239838,
    "tag": "961",
    "total_cost_by_ms": 266.3800048828125,
    "wait_cost": 208.14100646972656
}
