{
    "child_model_execute_cost_by_ms": [
        13.605999946594238
    ],
    "child_model_run_time": [
        [
            39506299,
            39519905
        ]
    ],
    "execute_cost": 13.605999946594238,
    "finish_time": 39519917,
    "limit_cost_by_ms": 6.9683332443237305,
    "model_name": "gpt128v2",
    "recv_time": 39501404,
    "tag": "972",
    "total_cost_by_ms": 18.51300048828125,
    "wait_cost": 4.907000541687012
}
