{
    "child_model_execute_cost_by_ms": [
        13.147000312805176
    ],
    "child_model_run_time": [
        [
            19505102,
            19518249
        ]
    ],
    "execute_cost": 13.147000312805176,
    "finish_time": 19518259,
    "limit_cost_by_ms": 6.9683332443237305,
    "model_name": "gpt128v2",
    "recv_time": 19505045,
    "tag": "100",
    "total_cost_by_ms": 13.21399974822998,
    "wait_cost": 0.06699943542480469
}
