{
    "child_model_execute_cost_by_ms": [
        6.063000202178955
    ],
    "child_model_run_time": [
        [
            19609175,
            19615238
        ]
    ],
    "execute_cost": 6.063000202178955,
    "finish_time": 19615249,
    "limit_cost_by_ms": 5.7816667556762695,
    "model_name": "yolov2",
    "recv_time": 19596348,
    "tag": "99",
    "total_cost_by_ms": 18.900999069213867,
    "wait_cost": 12.83799934387207
}
