{
    "child_model_execute_cost_by_ms": [
        17.361000061035156,
        16.55900001525879,
        18.915000915527344
    ],
    "child_model_run_time": [
        [
            39988680,
            40006041
        ],
        [
            40006065,
            40022624
        ],
        [
            40022642,
            40041557
        ]
    ],
    "execute_cost": 52.834999084472656,
    "finish_time": 40041559,
    "limit_cost_by_ms": 44.492332458496094,
    "model_name": "vgg19",
    "recv_time": 39988627,
    "tag": "971",
    "total_cost_by_ms": 52.93199920654297,
    "wait_cost": 0.0970001220703125
}
