{
    "child_model_execute_cost_by_ms": [
        12.348999977111816
    ],
    "child_model_run_time": [
        [
            39519973,
            39532322
        ]
    ],
    "execute_cost": 12.348999977111816,
    "finish_time": 39532332,
    "limit_cost_by_ms": 8.529666900634766,
    "model_name": "googlenet",
    "recv_time": 39509652,
    "tag": "973",
    "total_cost_by_ms": 22.68000030517578,
    "wait_cost": 10.331000328063965
}
