{
    "child_model_execute_cost_by_ms": [
        10.37399959564209
    ],
    "child_model_run_time": [
        [
            40041749,
            40052123
        ]
    ],
    "execute_cost": 10.37399959564209,
    "finish_time": 40052133,
    "limit_cost_by_ms": 8.904333114624023,
    "model_name": "googlenet",
    "recv_time": 40027689,
    "tag": "972",
    "total_cost_by_ms": 24.444000244140625,
    "wait_cost": 14.070000648498535
}
