{
    "child_model_execute_cost_by_ms": [
        6.245999813079834
    ],
    "child_model_run_time": [
        [
            39551261,
            39557507
        ]
    ],
    "execute_cost": 6.245999813079834,
    "finish_time": 39557516,
    "limit_cost_by_ms": 5.815999984741211,
    "model_name": "yolov2",
    "recv_time": 39548367,
    "tag": "974",
    "total_cost_by_ms": 9.14900016784668,
    "wait_cost": 2.9030003547668457
}
