{
    "child_model_execute_cost_by_ms": [
        15.458000183105469,
        13.190999984741211
    ],
    "child_model_run_time": [
        [
            40059403,
            40074861
        ],
        [
            40074890,
            40088081
        ]
    ],
    "execute_cost": 28.64900016784668,
    "finish_time": 40088084,
    "limit_cost_by_ms": 18.256332397460938,
    "model_name": "resnet50",
    "recv_time": 40059320,
    "tag": "974",
    "total_cost_by_ms": 28.763999938964844,
    "wait_cost": 0.11499977111816406
}
