{
    "child_model_execute_cost_by_ms": [
        18.7810001373291,
        17.535999298095703,
        21.086000442504883
    ],
    "child_model_run_time": [
        [
            39532389,
            39551170
        ],
        [
            39557702,
            39575238
        ],
        [
            39603235,
            39624321
        ]
    ],
    "execute_cost": 57.40299987792969,
    "finish_time": 39624330,
    "limit_cost_by_ms": 44.79933166503906,
    "model_name": "vgg19",
    "recv_time": 39355991,
    "tag": "966",
    "total_cost_by_ms": 268.3389892578125,
    "wait_cost": 210.9359893798828
}
