{
    "child_model_execute_cost_by_ms": [
        19.391000747680664
    ],
    "child_model_run_time": [
        [
            39624446,
            39643837
        ]
    ],
    "execute_cost": 19.391000747680664,
    "finish_time": 39643848,
    "limit_cost_by_ms": 6.9683332443237305,
    "model_name": "gpt128v2",
    "recv_time": 39617897,
    "tag": "977",
    "total_cost_by_ms": 25.951000213623047,
    "wait_cost": 6.559999465942383
}
