{
    "child_model_execute_cost_by_ms": [
        11.439000129699707
    ],
    "child_model_run_time": [
        [
            40089194,
            40100633
        ]
    ],
    "execute_cost": 11.439000129699707,
    "finish_time": 40100638,
    "limit_cost_by_ms": 6.894999980926514,
    "model_name": "gpt128v2",
    "recv_time": 40089181,
    "tag": "975",
    "total_cost_by_ms": 11.456999778747559,
    "wait_cost": 0.017999649047851563
}
