{
    "child_model_execute_cost_by_ms": [
        12.064000129699707
    ],
    "child_model_run_time": [
        [
            39643879,
            39655943
        ]
    ],
    "execute_cost": 12.064000129699707,
    "finish_time": 39655953,
    "limit_cost_by_ms": 8.529666900634766,
    "model_name": "googlenet",
    "recv_time": 39638320,
    "tag": "978",
    "total_cost_by_ms": 17.632999420166016,
    "wait_cost": 5.568999290466309
}
