{
    "child_model_execute_cost_by_ms": [
        5.973999977111816
    ],
    "child_model_run_time": [
        [
            39674964,
            39680938
        ]
    ],
    "execute_cost": 5.973999977111816,
    "finish_time": 39680943,
    "limit_cost_by_ms": 5.815999984741211,
    "model_name": "yolov2",
    "recv_time": 39656878,
    "tag": "979",
    "total_cost_by_ms": 24.065000534057617,
    "wait_cost": 18.090999603271484
}
