{
    "child_model_execute_cost_by_ms": [
        18.600000381469727,
        17.17300033569336,
        19.482999801635742
    ],
    "child_model_run_time": [
        [
            40102858,
            40121458
        ],
        [
            40121483,
            40138656
        ],
        [
            40145004,
            40164487
        ]
    ],
    "execute_cost": 55.256004333496094,
    "finish_time": 40164489,
    "limit_cost_by_ms": 44.492332458496094,
    "model_name": "vgg19",
    "recv_time": 40102851,
    "tag": "976",
    "total_cost_by_ms": 61.63800048828125,
    "wait_cost": 6.381996154785156
}
