{
    "child_model_execute_cost_by_ms": [
        10.685999870300293
    ],
    "child_model_run_time": [
        [
            40164562,
            40175248
        ]
    ],
    "execute_cost": 10.685999870300293,
    "finish_time": 40175258,
    "limit_cost_by_ms": 8.904333114624023,
    "model_name": "googlenet",
    "recv_time": 40150816,
    "tag": "978",
    "total_cost_by_ms": 24.441999435424805,
    "wait_cost": 13.755999565124512
}
