{
    "child_model_execute_cost_by_ms": [
        18.850000381469727,
        18.673999786376953,
        20.402000427246094
    ],
    "child_model_run_time": [
        [
            39656012,
            39674862
        ],
        [
            39707246,
            39725920
        ],
        [
            39725951,
            39746353
        ]
    ],
    "execute_cost": 57.926002502441406,
    "finish_time": 39746358,
    "limit_cost_by_ms": 44.79933166503906,
    "model_name": "vgg19",
    "recv_time": 39472378,
    "tag": "971",
    "total_cost_by_ms": 273.9800109863281,
    "wait_cost": 216.05401611328125
}
