{
    "child_model_execute_cost_by_ms": [
        13.253000259399414
    ],
    "child_model_run_time": [
        [
            40222307,
            40235560
        ]
    ],
    "execute_cost": 13.253000259399414,
    "finish_time": 40235569,
    "limit_cost_by_ms": 6.894999980926514,
    "model_name": "gpt128v2",
    "recv_time": 40208831,
    "tag": "981",
    "total_cost_by_ms": 26.738000869750977,
    "wait_cost": 13.485000610351563
}
