{
    "child_model_execute_cost_by_ms": [
        13.831000328063965
    ],
    "child_model_run_time": [
        [
            39746377,
            39760208
        ]
    ],
    "execute_cost": 13.831000328063965,
    "finish_time": 39760220,
    "limit_cost_by_ms": 6.9683332443237305,
    "model_name": "gpt128v2",
    "recv_time": 39742668,
    "tag": "982",
    "total_cost_by_ms": 17.552000045776367,
    "wait_cost": 3.7209997177124023
}
