{
    "child_model_execute_cost_by_ms": [
        12.02299976348877
    ],
    "child_model_run_time": [
        [
            19518289,
            19530312
        ]
    ],
    "execute_cost": 12.02299976348877,
    "finish_time": 19530324,
    "limit_cost_by_ms": 8.529666900634766,
    "model_name": "googlenet",
    "recv_time": 19516710,
    "tag": "101",
    "total_cost_by_ms": 13.61400032043457,
    "wait_cost": 1.5910005569458008
}
