{
    "child_model_execute_cost_by_ms": [
        19.086999893188477,
        17.15399932861328,
        19.45800018310547
    ],
    "child_model_run_time": [
        [
            19572875,
            19591962
        ],
        [
            19591989,
            19609143
        ],
        [
            19615263,
            19634721
        ]
    ],
    "execute_cost": 55.698997497558594,
    "finish_time": 19634723,
    "limit_cost_by_ms": 44.492332458496094,
    "model_name": "vgg19",
    "recv_time": 19555809,
    "tag": "98",
    "total_cost_by_ms": 78.91400146484375,
    "wait_cost": 23.215003967285156
}
