{
    "child_model_execute_cost_by_ms": [
        18.447999954223633,
        19.246000289916992,
        19.033000946044922
    ],
    "child_model_run_time": [
        [
            40203810,
            40222258
        ],
        [
            40235631,
            40254877
        ],
        [
            40254910,
            40273943
        ]
    ],
    "execute_cost": 56.72700119018555,
    "finish_time": 40273945,
    "limit_cost_by_ms": 44.492332458496094,
    "model_name": "vgg19",
    "recv_time": 40203752,
    "tag": "980",
    "total_cost_by_ms": 70.19300079345703,
    "wait_cost": 13.465999603271484
}
