{
    "child_model_execute_cost_by_ms": [
        12.281999588012695
    ],
    "child_model_run_time": [
        [
            39760257,
            39772539
        ]
    ],
    "execute_cost": 12.281999588012695,
    "finish_time": 39772550,
    "limit_cost_by_ms": 8.529666900634766,
    "model_name": "googlenet",
    "recv_time": 39747032,
    "tag": "983",
    "total_cost_by_ms": 25.51799964904785,
    "wait_cost": 13.236000061035156
}
