{
    "child_model_execute_cost_by_ms": [
        14.206000328063965,
        12.746000289916992
    ],
    "child_model_run_time": [
        [
            39814410,
            39828616
        ],
        [
            39828704,
            39841450
        ]
    ],
    "execute_cost": 26.95199966430664,
    "finish_time": 39841455,
    "limit_cost_by_ms": 18.771333694458008,
    "model_name": "resnet50",
    "recv_time": 39806130,
    "tag": "985",
    "total_cost_by_ms": 35.32500076293945,
    "wait_cost": 8.373001098632813
}
