{
    "child_model_execute_cost_by_ms": [
        17.691999435424805,
        17.490999221801758,
        20.773000717163086
    ],
    "child_model_run_time": [
        [
            39772603,
            39790295
        ],
        [
            39796861,
            39814352
        ],
        [
            39841525,
            39862298
        ]
    ],
    "execute_cost": 55.95600128173828,
    "finish_time": 39862306,
    "limit_cost_by_ms": 44.79933166503906,
    "model_name": "vgg19",
    "recv_time": 39584820,
    "tag": "976",
    "total_cost_by_ms": 277.4859924316406,
    "wait_cost": 221.52999877929688
}
