{
    "child_model_execute_cost_by_ms": [
        13.857999801635742
    ],
    "child_model_run_time": [
        [
            39862447,
            39876305
        ]
    ],
    "execute_cost": 13.857999801635742,
    "finish_time": 39876317,
    "limit_cost_by_ms": 6.9683332443237305,
    "model_name": "gpt128v2",
    "recv_time": 39855427,
    "tag": "987",
    "total_cost_by_ms": 20.889999389648438,
    "wait_cost": 7.031999588012695
}
