{
    "child_model_execute_cost_by_ms": [
        12.28499984741211
    ],
    "child_model_run_time": [
        [
            39876372,
            39888657
        ]
    ],
    "execute_cost": 12.28499984741211,
    "finish_time": 39888669,
    "limit_cost_by_ms": 8.529666900634766,
    "model_name": "googlenet",
    "recv_time": 39871761,
    "tag": "988",
    "total_cost_by_ms": 16.908000946044922,
    "wait_cost": 4.6230010986328125
}
