{
    "child_model_execute_cost_by_ms": [
        9.937999725341797
    ],
    "child_model_run_time": [
        [
            40357340,
            40367278
        ]
    ],
    "execute_cost": 9.937999725341797,
    "finish_time": 40367290,
    "limit_cost_by_ms": 8.904333114624023,
    "model_name": "googlenet",
    "recv_time": 40347331,
    "tag": "987",
    "total_cost_by_ms": 19.958999633789063,
    "wait_cost": 10.020999908447266
}
