{
    "child_model_execute_cost_by_ms": [
        6.23799991607666
    ],
    "child_model_run_time": [
        [
            39924864,
            39931102
        ]
    ],
    "execute_cost": 6.23799991607666,
    "finish_time": 39931112,
    "limit_cost_by_ms": 5.815999984741211,
    "model_name": "yolov2",
    "recv_time": 39914522,
    "tag": "989",
    "total_cost_by_ms": 16.59000015258789,
    "wait_cost": 10.35200023651123
}
