{
    "child_model_execute_cost_by_ms": [
        18.95599937438965,
        17.05299949645996,
        19.64299964904785
    ],
    "child_model_run_time": [
        [
            39888775,
            39907731
        ],
        [
            39907766,
            39924819
        ],
        [
            39931205,
            39950848
        ]
    ],
    "execute_cost": 55.652000427246094,
    "finish_time": 39950852,
    "limit_cost_by_ms": 44.79933166503906,
    "model_name": "vgg19",
    "recv_time": 39713807,
    "tag": "981",
    "total_cost_by_ms": 237.0449981689453,
    "wait_cost": 181.39300537109375
}
