{
    "child_model_execute_cost_by_ms": [
        21.332000732421875,
        18.440000534057617,
        19.757999420166016
    ],
    "child_model_run_time": [
        [
            40335966,
            40357298
        ],
        [
            40374093,
            40392533
        ],
        [
            40392569,
            40412327
        ]
    ],
    "execute_cost": 59.53000259399414,
    "finish_time": 40412331,
    "limit_cost_by_ms": 44.492332458496094,
    "model_name": "vgg19",
    "recv_time": 40324960,
    "tag": "986",
    "total_cost_by_ms": 87.37100219726563,
    "wait_cost": 27.840999603271484
}
