{
    "child_model_execute_cost_by_ms": [
        15.649999618530273,
        13.890000343322754
    ],
    "child_model_run_time": [
        [
            40412396,
            40428046
        ],
        [
            40428084,
            40441974
        ]
    ],
    "execute_cost": 29.540000915527344,
    "finish_time": 40441977,
    "limit_cost_by_ms": 18.256332397460938,
    "model_name": "resnet50",
    "recv_time": 40396161,
    "tag": "989",
    "total_cost_by_ms": 45.816001892089844,
    "wait_cost": 16.2760009765625
}
