{
    "child_model_execute_cost_by_ms": [
        14.335000038146973,
        13.163999557495117
    ],
    "child_model_run_time": [
        [
            39950924,
            39965259
        ],
        [
            39965297,
            39978461
        ]
    ],
    "execute_cost": 27.499000549316406,
    "finish_time": 39978467,
    "limit_cost_by_ms": 18.771333694458008,
    "model_name": "resnet50",
    "recv_time": 39938709,
    "tag": "990",
    "total_cost_by_ms": 39.757999420166016,
    "wait_cost": 12.25899887084961
}
