{
    "child_model_execute_cost_by_ms": [
        6.25
    ],
    "child_model_run_time": [
        [
            40477779,
            40484029
        ]
    ],
    "execute_cost": 6.25,
    "finish_time": 40484037,
    "limit_cost_by_ms": 5.7816667556762695,
    "model_name": "yolov2",
    "recv_time": 40467500,
    "tag": "993",
    "total_cost_by_ms": 16.53700065612793,
    "wait_cost": 10.28700065612793
}
