{
    "child_model_execute_cost_by_ms": [
        13.604999542236328
    ],
    "child_model_run_time": [
        [
            39997541,
            40011146
        ]
    ],
    "execute_cost": 13.604999542236328,
    "finish_time": 40011158,
    "limit_cost_by_ms": 6.9683332443237305,
    "model_name": "gpt128v2",
    "recv_time": 39979853,
    "tag": "991",
    "total_cost_by_ms": 31.30500030517578,
    "wait_cost": 17.700000762939453
}
