{
    "child_model_execute_cost_by_ms": [
        14.468999862670898,
        12.605999946594238
    ],
    "child_model_run_time": [
        [
            19530362,
            19544831
        ],
        [
            19544887,
            19557493
        ]
    ],
    "execute_cost": 27.075000762939453,
    "finish_time": 19557499,
    "limit_cost_by_ms": 18.771333694458008,
    "model_name": "resnet50",
    "recv_time": 19518352,
    "tag": "102",
    "total_cost_by_ms": 39.14699935913086,
    "wait_cost": 12.071998596191406
}
