{
    "child_model_execute_cost_by_ms": [
        12.315999984741211
    ],
    "child_model_run_time": [
        [
            40011192,
            40023508
        ]
    ],
    "execute_cost": 12.315999984741211,
    "finish_time": 40023519,
    "limit_cost_by_ms": 8.529666900634766,
    "model_name": "googlenet",
    "recv_time": 39980004,
    "tag": "993",
    "total_cost_by_ms": 43.51499938964844,
    "wait_cost": 31.198999404907227
}
