{
    "child_model_execute_cost_by_ms": [
        18.91200065612793,
        18.28499984741211,
        19.709999084472656
    ],
    "child_model_run_time": [
        [
            39978532,
            39997444
        ],
        [
            40023575,
            40041860
        ],
        [
            40041897,
            40061607
        ]
    ],
    "execute_cost": 56.90699768066406,
    "finish_time": 40061610,
    "limit_cost_by_ms": 44.79933166503906,
    "model_name": "vgg19",
    "recv_time": 39842486,
    "tag": "986",
    "total_cost_by_ms": 219.12399291992188,
    "wait_cost": 162.2169952392578
}
