{
    "child_model_execute_cost_by_ms": [
        6.705999851226807
    ],
    "child_model_run_time": [
        [
            40061678,
            40068384
        ]
    ],
    "execute_cost": 6.705999851226807,
    "finish_time": 40068393,
    "limit_cost_by_ms": 5.815999984741211,
    "model_name": "yolov2",
    "recv_time": 40042774,
    "tag": "994",
    "total_cost_by_ms": 25.618999481201172,
    "wait_cost": 18.913000106811523
}
