{
    "child_model_execute_cost_by_ms": [
        15.25100040435791,
        13.572999954223633
    ],
    "child_model_run_time": [
        [
            40068537,
            40083788
        ],
        [
            40083851,
            40097424
        ]
    ],
    "execute_cost": 28.82400131225586,
    "finish_time": 40097430,
    "limit_cost_by_ms": 18.771333694458008,
    "model_name": "resnet50",
    "recv_time": 40062965,
    "tag": "995",
    "total_cost_by_ms": 34.46500015258789,
    "wait_cost": 5.640998840332031
}
