{
    "child_model_execute_cost_by_ms": [
        17.55900001525879,
        17.617000579833984,
        19.86199951171875
    ],
    "child_model_run_time": [
        [
            40442320,
            40459879
        ],
        [
            40459908,
            40477525
        ],
        [
            40538560,
            40558422
        ]
    ],
    "execute_cost": 55.038002014160156,
    "finish_time": 40558425,
    "limit_cost_by_ms": 44.492332458496094,
    "model_name": "vgg19",
    "recv_time": 40442266,
    "tag": "990",
    "total_cost_by_ms": 116.15899658203125,
    "wait_cost": 61.120994567871094
}
