{
    "child_model_execute_cost_by_ms": [
        18.246999740600586,
        17.04400062561035,
        19.989999771118164
    ],
    "child_model_run_time": [
        [
            40558720,
            40576967
        ],
        [
            40577002,
            40594046
        ],
        [
            40594075,
            40614065
        ]
    ],
    "execute_cost": 55.28099822998047,
    "finish_time": 40614067,
    "limit_cost_by_ms": 44.492332458496094,
    "model_name": "vgg19",
    "recv_time": 40558678,
    "tag": "995",
    "total_cost_by_ms": 55.388999938964844,
    "wait_cost": 0.108001708984375
}
