{
    "child_model_execute_cost_by_ms": [
        10.95300006866455
    ],
    "child_model_run_time": [
        [
            40097519,
            40108472
        ]
    ],
    "execute_cost": 10.95300006866455,
    "finish_time": 40108480,
    "limit_cost_by_ms": 8.529666900634766,
    "model_name": "googlenet",
    "recv_time": 40090083,
    "tag": "997",
    "total_cost_by_ms": 18.39699935913086,
    "wait_cost": 7.443999290466309
}
