{
    "child_model_execute_cost_by_ms": [
        16.423999786376953
    ],
    "child_model_run_time": [
        [
            40108540,
            40124964
        ]
    ],
    "execute_cost": 16.423999786376953,
    "finish_time": 40124972,
    "limit_cost_by_ms": 6.9683332443237305,
    "model_name": "gpt128v2",
    "recv_time": 40099263,
    "tag": "998",
    "total_cost_by_ms": 25.708999633789063,
    "wait_cost": 9.28499984741211
}
