{
    "child_model_execute_cost_by_ms": [
        6.151000022888184
    ],
    "child_model_run_time": [
        [
            40162707,
            40168858
        ]
    ],
    "execute_cost": 6.151000022888184,
    "finish_time": 40168868,
    "limit_cost_by_ms": 5.815999984741211,
    "model_name": "yolov2",
    "recv_time": 40157657,
    "tag": "999",
    "total_cost_by_ms": 11.211000442504883,
    "wait_cost": 5.060000419616699
}
