{
    "child_model_execute_cost_by_ms": [
        20.517000198364258,
        17.13599967956543,
        19.339000701904297
    ],
    "child_model_run_time": [
        [
            40124988,
            40145505
        ],
        [
            40145529,
            40162665
        ],
        [
            40168953,
            40188292
        ]
    ],
    "execute_cost": 56.992000579833984,
    "finish_time": 40188296,
    "limit_cost_by_ms": 44.79933166503906,
    "model_name": "vgg19",
    "recv_time": 39979924,
    "tag": "992",
    "total_cost_by_ms": 208.3719940185547,
    "wait_cost": 151.37998962402344
}
