{
    "child_model_execute_cost_by_ms": [
        15.097000122070313,
        13.743000030517578
    ],
    "child_model_run_time": [
        [
            40646525,
            40661622
        ],
        [
            40661710,
            40675453
        ]
    ],
    "execute_cost": 28.84000015258789,
    "finish_time": 40675456,
    "limit_cost_by_ms": 18.256332397460938,
    "model_name": "resnet50",
    "recv_time": 40646472,
    "tag": "999",
    "total_cost_by_ms": 28.983999252319336,
    "wait_cost": 0.1439990997314453
}
