{
    "child_model_execute_cost_by_ms": [
        14.763999938964844,
        13.237000465393066
    ],
    "child_model_run_time": [
        [
            40188364,
            40203128
        ],
        [
            40203163,
            40216400
        ]
    ],
    "execute_cost": 28.000999450683594,
    "finish_time": 40216404,
    "limit_cost_by_ms": 18.771333694458008,
    "model_name": "resnet50",
    "recv_time": 40173908,
    "tag": "1000",
    "total_cost_by_ms": 42.49599838256836,
    "wait_cost": 14.494998931884766
}
