{
    "child_model_execute_cost_by_ms": [
        17.868999481201172,
        16.8700008392334,
        19.233999252319336
    ],
    "child_model_run_time": [
        [
            40216474,
            40234343
        ],
        [
            40234433,
            40251303
        ],
        [
            40251335,
            40270569
        ]
    ],
    "execute_cost": 53.972999572753906,
    "finish_time": 40270571,
    "limit_cost_by_ms": 44.79933166503906,
    "model_name": "vgg19",
    "recv_time": 40090005,
    "tag": "996",
    "total_cost_by_ms": 180.5659942626953,
    "wait_cost": 126.5929946899414
}
