{
    "child_model_execute_cost_by_ms": [
        17.364999771118164,
        16.402000427246094,
        19.277999877929688
    ],
    "child_model_run_time": [
        [
            40675734,
            40693099
        ],
        [
            40693132,
            40709534
        ],
        [
            40709564,
            40728842
        ]
    ],
    "execute_cost": 53.04499816894531,
    "finish_time": 40728844,
    "limit_cost_by_ms": 44.492332458496094,
    "model_name": "vgg19",
    "recv_time": 40675671,
    "tag": "1000",
    "total_cost_by_ms": 53.17300033569336,
    "wait_cost": 0.12800216674804688
}
